_-né	ms	_-né
_-née	fs	_-né
_-nées	fp	_-né
_-nés	mp	_-né
abaissant	ms	abaissant
abaissante	fs	abaissant
abaissantes	fp	abaissant
abaissants	mp	abaissant
abaisseur	ms	abaisseur
abaisseurs	mp	abaisseur
abaisseuse	fs	abaisseur
abaisseuses	fp	abaisseur
abandonné	ms	abandonné
abandonnée	fs	abandonné
abandonnées	fp	abandonné
abandonnés	mp	abandonné
abasourdi	ms	abasourdi
abasourdie	fs	abasourdi
abasourdies	fp	abasourdi
abasourdis	mp	abasourdi
abasourdissant	ms	abasourdissant
abasourdissante	fs	abasourdissant
abasourdissantes	fp	abasourdissant
abasourdissants	mp	abasourdissant
abattu	ms	abattu
abattue	fs	abattu
abattues	fp	abattu
abattus	mp	abattu
abaxial	ms	abaxial
abaxiale	fs	abaxial
abaxiales	fp	abaxial
abaxiaux	mp	abaxial
abbatial	ms	abbatial
abbatiale	fs	abbatial
abbatiales	fp	abbatial
abbatiaux	mp	abbatial
abbevillien	ms	abbevillien
abbevillienne	fs	abbevillien
abbevilliennes	fp	abbevillien
abbevilliens	mp	abbevillien
abbevilloise	fs	abbevillois
abbevilloises	fp	abbevillois
abcédant	ms	abcédant
abcédante	fs	abcédant
abcédantes	fp	abcédant
abcédants	mp	abcédant
abdominal	ms	abdominal
abdominale	fs	abdominal
abdominales	fp	abdominal
abdominaux	mp	abdominal
abducteur	ms	abducteur
abducteurs	mp	abducteur
abductrice	fs	abducteur
abductrices	fp	abducteur
aberrant	ms	aberrant
aberrante	fs	aberrant
aberrantes	fp	aberrant
aberrants	mp	aberrant
abiétin	ms	abiétin
abiétine	fs	abiétin
abiétines	fp	abiétin
abiétins	mp	abiétin
abject	ms	abject
abjecte	fs	abject
abjectes	fp	abject
abjects	mp	abject
abjurant	ms	abjurant
abjurante	fs	abjurant
abjurantes	fp	abjurant
abjurants	mp	abjurant
ablatif	ms	ablatif
ablatifs	mp	ablatif
ablative	fs	ablatif
ablatives	fp	ablatif
aboli	ms	aboli
abolie	fs	aboli
abolies	fp	aboli
abolis	mp	aboli
abondant	ms	abondant
abondante	fs	abondant
abondantes	fp	abondant
abondants	mp	abondant
abonné	ms	abonné
abonnée	fs	abonné
abonnées	fp	abonné
abonnés	mp	abonné
abordé	ms	abordé
abordée	fs	abordé
abordées	fp	abordé
abordés	mp	abordé
abortif	ms	abortif
abortifs	mp	abortif
abortive	fs	abortif
abortives	fp	abortif
abouti	ms	abouti
aboutie	fs	abouti
abouties	fp	abouti
aboutis	mp	abouti
aboutissant	ms	aboutissant
aboutissante	fs	aboutissant
aboutissantes	fp	aboutissant
aboutissants	mp	aboutissant
abouté	ms	abouté
aboutée	fs	abouté
aboutées	fp	abouté
aboutés	mp	abouté
abracadabrant	ms	abracadabrant
abracadabrante	fs	abracadabrant
abracadabrantes	fp	abracadabrant
abracadabrants	mp	abracadabrant
abrasif	ms	abrasif
abrasifs	mp	abrasif
abrasive	fs	abrasif
abrasives	fp	abrasif
abricoté	ms	abricoté
abricotée	fs	abricoté
abricotées	fp	abricoté
abricotés	mp	abricoté
abrité	ms	abrité
abritée	fs	abrité
abritées	fp	abrité
abrités	mp	abrité
abrogatif	ms	abrogatif
abrogatifs	mp	abrogatif
abrogative	fs	abrogatif
abrogatives	fp	abrogatif
abrupt	ms	abrupt
abrupte	fs	abrupt
abruptes	fp	abrupt
abrupts	mp	abrupt
abruti	ms	abruti
abrutie	fs	abruti
abruties	fp	abruti
abrutis	mp	abruti
abrutissant	ms	abrutissant
abrutissante	fs	abrutissant
abrutissantes	fp	abrutissant
abrutissants	mp	abrutissant
abréviatif	ms	abréviatif
abréviatifs	mp	abréviatif
abréviative	fs	abréviatif
abréviatives	fp	abréviatif
absconse	fs	abscons
absconses	fp	abscons
absent	ms	absent
absente	fs	absent
absentes	fp	absent
absents	mp	absent
absidal	ms	absidal
absidale	fs	absidal
absidales	fp	absidal
absidaux	mp	absidal
absolu	ms	absolu
absolue	fs	absolu
absolues	fp	absolu
absolus	mp	absolu
absorbant	ms	absorbant
absorbante	fs	absorbant
absorbantes	fp	absorbant
absorbants	mp	absorbant
absorbé	ms	absorbé
absorbée	fs	absorbé
absorbées	fp	absorbé
absorbés	mp	absorbé
abstinent	ms	abstinent
abstinente	fs	abstinent
abstinentes	fp	abstinent
abstinents	mp	abstinent
abstracteur	ms	abstracteur
abstracteurs	mp	abstracteur
abstractrice	fs	abstracteur
abstractrices	fp	abstracteur
abstrait	ms	abstrait
abstraite	fs	abstrait
abstraites	fp	abstrait
abstraits	mp	abstrait
abstruse	fs	abstrus
abstruses	fp	abstrus
abusif	ms	abusif
abusifs	mp	abusif
abusive	fs	abusif
abusives	fp	abusif
abyssal	ms	abyssal
abyssale	fs	abyssal
abyssales	fp	abyssal
abyssaux	mp	abyssal
abyssin	ms	abyssin
abyssine	fs	abyssin
abyssines	fp	abyssin
abyssinien	ms	abyssinien
abyssinienne	fs	abyssinien
abyssiniennes	fp	abyssinien
abyssiniens	mp	abyssinien
abyssins	mp	abyssin
abélien	ms	abélien
abélienne	fs	abélien
abéliennes	fp	abélien
abéliens	mp	abélien
abêtissant	ms	abêtissant
abêtissante	fs	abêtissant
abêtissantes	fp	abêtissant
abêtissants	mp	abêtissant
abîmant	ms	abîmant
abîmante	fs	abîmant
abîmantes	fp	abîmant
abîmants	mp	abîmant
abîmé	ms	abîmé
abîmée	fs	abîmé
abîmées	fp	abîmé
abîmés	mp	abîmé
acadien	ms	acadien
acadienne	fs	acadien
acadiennes	fp	acadien
acadiens	mp	acadien
accablant	ms	accablant
accablante	fs	accablant
accablantes	fp	accablant
accablants	mp	accablant
accaparant	ms	accaparant
accaparante	fs	accaparant
accaparantes	fp	accaparant
accaparants	mp	accaparant
accapareur	ms	accapareur
accapareurs	mp	accapareur
accapareuse	fs	accapareur
accapareuses	fp	accapareur
accentuel	ms	accentuel
accentuelle	fs	accentuel
accentuelles	fp	accentuel
accentuels	mp	accentuel
accentué	ms	accentué
accentuée	fs	accentué
accentuées	fp	accentué
accentués	mp	accentué
acceptant	ms	acceptant
acceptante	fs	acceptant
acceptantes	fp	acceptant
acceptants	mp	acceptant
accepteur	ms	accepteur
accepteurs	mp	accepteur
acceptrice	fs	accepteur
acceptrices	fp	accepteur
accidentel	ms	accidentel
accidentelle	fs	accidentel
accidentelles	fp	accidentel
accidentels	mp	accidentel
accidenté	ms	accidenté
accidentée	fs	accidenté
accidentées	fp	accidenté
accidentés	mp	accidenté
accolé	ms	accolé
accolée	fs	accolé
accolées	fp	accolé
accolés	mp	accolé
accommodant	ms	accommodant
accommodante	fs	accommodant
accommodantes	fp	accommodant
accommodants	mp	accommodant
accommodateur	ms	accommodateur
accommodateurs	mp	accommodateur
accommodatrice	fs	accommodateur
accommodatrices	fp	accommodateur
accommodé	ms	accommodé
accommodée	fs	accommodé
accommodées	fp	accommodé
accommodés	mp	accommodé
accompagné	ms	accompagné
accompagnée	fs	accompagné
accompagnées	fp	accompagné
accompagnés	mp	accompagné
accompli	ms	accompli
accomplie	fs	accompli
accomplies	fp	accompli
accomplis	mp	accompli
accort	ms	accort
accorte	fs	accort
accortes	fp	accort
accorts	mp	accort
accoucheur	ms	accoucheur
accoucheurs	mp	accoucheur
accoucheuse	fs	accoucheur
accoucheuses	fp	accoucheur
accoudé	ms	accoudé
accoudée	fs	accoudé
accoudées	fp	accoudé
accoudés	mp	accoudé
accouplé	ms	accouplé
accouplée	fs	accouplé
accouplées	fp	accouplé
accouplés	mp	accouplé
accourci	ms	accourci
accourcie	fs	accourci
accourcies	fp	accourci
accourcis	mp	accourci
accoutumé	ms	accoutumé
accoutumée	fs	accoutumé
accoutumées	fp	accoutumé
accoutumés	mp	accoutumé
accrescent	ms	accrescent
accrescente	fs	accrescent
accrescentes	fp	accrescent
accrescents	mp	accrescent
accrocheur	ms	accrocheur
accrocheurs	mp	accrocheur
accrocheuse	fs	accrocheur
accrocheuses	fp	accrocheur
accru	ms	accru
accrue	fs	accru
accrues	fp	accru
accrus	mp	accru
accréditant	ms	accréditant
accréditante	fs	accréditant
accréditantes	fp	accréditant
accréditants	mp	accréditant
accréditif	ms	accréditif
accréditifs	mp	accréditif
accréditive	fs	accréditif
accréditives	fp	accréditif
accrédité	ms	accrédité
accréditée	fs	accrédité
accréditées	fp	accrédité
accrédités	mp	accrédité
accueillant	ms	accueillant
accueillante	fs	accueillant
accueillantes	fp	accueillant
accueillants	mp	accueillant
accumulateur	ms	accumulateur
accumulateurs	mp	accumulateur
accumulatrice	fs	accumulateur
accumulatrices	fp	accumulateur
accumulé	ms	accumulé
accumulée	fs	accumulé
accumulées	fp	accumulé
accumulés	mp	accumulé
accusateur	ms	accusateur
accusateurs	mp	accusateur
accusatrice	fs	accusateur
accusatrices	fp	accusateur
accélérateur	ms	accélérateur
accélérateurs	mp	accélérateur
accélératrice	fs	accélérateur
accélératrices	fp	accélérateur
accéléré	ms	accéléré
accélérée	fs	accéléré
accélérées	fp	accéléré
accélérés	mp	accéléré
acescent	ms	acescent
acescente	fs	acescent
acescentes	fp	acescent
acescents	mp	acescent
achalandé	ms	achalandé
achalandée	fs	achalandé
achalandées	fp	achalandé
achalandés	mp	achalandé
acharné	ms	acharné
acharnée	fs	acharné
acharnées	fp	acharné
acharnés	mp	acharné
acheteur	ms	acheteur
acheteurs	mp	acheteur
acheteuse	fs	acheteur
acheteuses	fp	acheteur
acheuléen	ms	acheuléen
acheuléenne	fs	acheuléen
acheuléennes	fp	acheuléen
acheuléens	mp	acheuléen
achevé	ms	achevé
achevée	fs	achevé
achevées	fp	achevé
achevés	mp	achevé
achéen	ms	achéen
achéenne	fs	achéen
achéennes	fp	achéen
achéens	mp	achéen
acidifiant	ms	acidifiant
acidifiante	fs	acidifiant
acidifiantes	fp	acidifiant
acidifiants	mp	acidifiant
acidulé	ms	acidulé
acidulée	fs	acidulé
acidulées	fp	acidulé
acidulés	mp	acidulé
acineuse	fs	acineux
acineuses	fp	acineux
aciéreuse	fs	aciéreux
aciéreuses	fp	aciéreux
aciéré	ms	aciéré
aciérée	fs	aciéré
aciérées	fp	aciéré
aciérés	mp	aciéré
aclinal	ms	aclinal
aclinale	fs	aclinal
aclinales	fp	aclinal
aclinals	mp	aclinal
acnodal	ms	acnodal
acnodale	fs	acnodal
acnodales	fp	acnodal
acnodals	mp	acnodal
acquise	fs	acquis
acquises	fp	acquis
acquisitif	ms	acquisitif
acquisitifs	mp	acquisitif
acquisitive	fs	acquisitif
acquisitives	fp	acquisitif
acridien	ms	acridien
acridienne	fs	acridien
acridiennes	fp	acridien
acridiens	mp	acridien
acrimonieuse	fs	acrimonieux
acrimonieuses	fp	acrimonieux
acteur	ms	acteur
acteurs	mp	acteur
actif	ms	actif
actifs	mp	actif
actionnarial	ms	actionnarial
actionnariale	fs	actionnarial
actionnariales	fp	actionnarial
actionnariaux	mp	actionnarial
activateur	ms	activateur
activateurs	mp	activateur
activatrice	fs	activateur
activatrices	fp	activateur
active	fs	actif
actives	fp	actif
activé	ms	activé
activée	fs	activé
activées	fp	activé
activés	mp	activé
actrice	fs	acteur
actrices	fp	acteur
actuariel	ms	actuariel
actuarielle	fs	actuariel
actuarielles	fp	actuariel
actuariels	mp	actuariel
actuel	ms	actuel
actuelle	fs	actuel
actuelles	fp	actuel
actuels	mp	actuel
acuminé	ms	acuminé
acuminée	fs	acuminé
acuminées	fp	acuminé
acuminés	mp	acuminé
acéré	ms	acéré
acérée	fs	acéré
acérées	fp	acéré
acérés	mp	acéré
adamantin	ms	adamantin
adamantine	fs	adamantin
adamantines	fp	adamantin
adamantins	mp	adamantin
adamien	ms	adamien
adamienne	fs	adamien
adamiennes	fp	adamien
adamiens	mp	adamien
adaptatif	ms	adaptatif
adaptatifs	mp	adaptatif
adaptative	fs	adaptatif
adaptatives	fp	adaptatif
adapté	ms	adapté
adaptée	fs	adapté
adaptées	fp	adapté
adaptés	mp	adapté
additif	ms	additif
additifs	mp	additif
additionnel	ms	additionnel
additionnelle	fs	additionnel
additionnelles	fp	additionnel
additionnels	mp	additionnel
additionné	ms	additionné
additionnée	fs	additionné
additionnées	fp	additionné
additionnés	mp	additionné
additive	fs	additif
additives	fp	additif
adducteur	ms	adducteur
adducteurs	mp	adducteur
adductrice	fs	adducteur
adductrices	fp	adducteur
adextré	ms	adextré
adextrée	fs	adextré
adextrées	fp	adextré
adextrés	mp	adextré
adhérent	ms	adhérent
adhérente	fs	adhérent
adhérentes	fp	adhérent
adhérents	mp	adhérent
adhésif	ms	adhésif
adhésifs	mp	adhésif
adhésive	fs	adhésif
adhésives	fp	adhésif
adipeuse	fs	adipeux
adipeuses	fp	adipeux
adiré	ms	adiré
adirée	fs	adiré
adirées	fp	adiré
adirés	mp	adiré
adjacent	ms	adjacent
adjacente	fs	adjacent
adjacentes	fp	adjacent
adjacents	mp	adjacent
adjectif	ms	adjectif
adjectifs	mp	adjectif
adjectival	ms	adjectival
adjectivale	fs	adjectival
adjectivales	fp	adjectival
adjectivaux	mp	adjectival
adjective	fs	adjectif
adjectives	fp	adjectif
adjectivé	ms	adjectivé
adjectivée	fs	adjectivé
adjectivées	fp	adjectivé
adjectivés	mp	adjectivé
adjoint	ms	adjoint
adjointe	fs	adjoint
adjointes	fp	adjoint
adjoints	mp	adjoint
adjudicatif	ms	adjudicatif
adjudicatifs	mp	adjudicatif
adjudicative	fs	adjudicatif
adjudicatives	fp	adjudicatif
adjugé	ms	adjugé
adjugée	fs	adjugé
adjugées	fp	adjugé
adjugés	mp	adjugé
adjuvant	ms	adjuvant
adjuvante	fs	adjuvant
adjuvantes	fp	adjuvant
adjuvants	mp	adjuvant
administratif	ms	administratif
administratifs	mp	administratif
administrative	fs	administratif
administratives	fp	administratif
administré	ms	administré
administrée	fs	administré
administrées	fp	administré
administrés	mp	administré
admirant	ms	admirant
admirante	fs	admirant
admirantes	fp	admirant
admirants	mp	admirant
admirateur	ms	admirateur
admirateurs	mp	admirateur
admiratif	ms	admiratif
admiratifs	mp	admiratif
admirative	fs	admiratif
admiratives	fp	admiratif
admiratrice	fs	admirateur
admiratrices	fp	admirateur
admise	fs	admis
admises	fp	admis
adnominal	ms	adnominal
adnominale	fs	adnominal
adnominales	fp	adnominal
adnominals	mp	adnominal
adné	ms	adné
adnée	fs	adné
adnées	fp	adné
adnés	mp	adné
adolescent	ms	adolescent
adolescente	fs	adolescent
adolescentes	fp	adolescent
adolescents	mp	adolescent
adoptant	ms	adoptant
adoptante	fs	adoptant
adoptantes	fp	adoptant
adoptants	mp	adoptant
adoptif	ms	adoptif
adoptifs	mp	adoptif
adoptive	fs	adoptif
adoptives	fp	adoptif
adoral	ms	adoral
adorale	fs	adoral
adorales	fp	adoral
adorals	mp	adoral
adossé	ms	adossé
adossée	fs	adossé
adossées	fp	adossé
adossés	mp	adossé
adouci	ms	adouci
adoucie	fs	adouci
adoucies	fp	adouci
adoucis	mp	adouci
adoucissant	ms	adoucissant
adoucissante	fs	adoucissant
adoucissantes	fp	adoucissant
adoucissants	mp	adoucissant
adragant	ms	adragant
adragante	fs	adragant
adragantes	fp	adragant
adragants	mp	adragant
adressé	ms	adressé
adressée	fs	adressé
adressées	fp	adressé
adressés	mp	adressé
adroit	ms	adroit
adroite	fs	adroit
adroites	fp	adroit
adroits	mp	adroit
adscrit	ms	adscrit
adscrite	fs	adscrit
adscrites	fp	adscrit
adscrits	mp	adscrit
adsorbant	ms	adsorbant
adsorbante	fs	adsorbant
adsorbantes	fp	adsorbant
adsorbants	mp	adsorbant
adulateur	ms	adulateur
adulateurs	mp	adulateur
adulatrice	fs	adulateur
adulatrices	fp	adulateur
adultérin	ms	adultérin
adultérine	fs	adultérin
adultérines	fp	adultérin
adultérins	mp	adultérin
adventif	ms	adventif
adventifs	mp	adventif
adventive	fs	adventif
adventives	fp	adventif
adverbal	ms	adverbal
adverbale	fs	adverbal
adverbales	fp	adverbal
adverbals	mp	adverbal
adverbial	ms	adverbial
adverbiale	fs	adverbial
adverbiales	fp	adverbial
adverbiaux	mp	adverbial
adversatif	ms	adversatif
adversatifs	mp	adversatif
adversative	fs	adversatif
adversatives	fp	adversatif
adéquat	ms	adéquat
adéquate	fs	adéquat
adéquates	fp	adéquat
adéquats	mp	adéquat
afar	ms	afar
afare	fs	afar
afares	fp	afar
afars	mp	afar
affabulateur	ms	affabulateur
affabulateurs	mp	affabulateur
affabulatrice	fs	affabulateur
affabulatrices	fp	affabulateur
affadissant	ms	affadissant
affadissante	fs	affadissant
affadissantes	fp	affadissant
affadissants	mp	affadissant
affaibli	ms	affaibli
affaiblie	fs	affaibli
affaiblies	fp	affaibli
affaiblis	mp	affaibli
affaiblissant	ms	affaiblissant
affaiblissante	fs	affaiblissant
affaiblissantes	fp	affaiblissant
affaiblissants	mp	affaiblissant
affaiblisseur	ms	affaiblisseur
affaiblisseurs	mp	affaiblisseur
affaiblisseuse	fs	affaiblisseur
affaiblisseuses	fp	affaiblisseur
affairé	ms	affairé
affairée	fs	affairé
affairées	fp	affairé
affairés	mp	affairé
affamé	ms	affamé
affamée	fs	affamé
affamées	fp	affamé
affamés	mp	affamé
affectif	ms	affectif
affectifs	mp	affectif
affectionné	ms	affectionné
affectionnée	fs	affectionné
affectionnées	fp	affectionné
affectionnés	mp	affectionné
affective	fs	affectif
affectives	fp	affectif
affectueuse	fs	affectueux
affectueuses	fp	affectueux
affecté	ms	affecté
affectée	fs	affecté
affectées	fp	affecté
affectés	mp	affecté
affermi	ms	affermi
affermie	fs	affermi
affermies	fp	affermi
affermis	mp	affermi
affidé	ms	affidé
affidée	fs	affidé
affidées	fp	affidé
affidés	mp	affidé
affilié	ms	affilié
affiliée	fs	affilié
affiliées	fp	affilié
affiliés	mp	affilié
affilé	ms	affilé
affilée	fs	affilé
affilées	fp	affilé
affilés	mp	affilé
affin	ms	affin
affine	fs	affin
affines	fp	affin
affins	mp	affin
affiné	ms	affiné
affinée	fs	affiné
affinées	fp	affiné
affinés	mp	affiné
affirmatif	ms	affirmatif
affirmatifs	mp	affirmatif
affirmative	fs	affirmatif
affirmatives	fp	affirmatif
affixal	ms	affixal
affixale	fs	affixal
affixales	fp	affixal
affixaux	mp	affixal
affixé	ms	affixé
affixée	fs	affixé
affixées	fp	affixé
affixés	mp	affixé
afflictif	ms	afflictif
afflictifs	mp	afflictif
afflictive	fs	afflictif
afflictives	fp	afflictif
affligeant	ms	affligeant
affligeante	fs	affligeant
affligeantes	fp	affligeant
affligeants	mp	affligeant
affluent	ms	affluent
affluente	fs	affluent
affluentes	fp	affluent
affluents	mp	affluent
affolant	ms	affolant
affolante	fs	affolant
affolantes	fp	affolant
affolants	mp	affolant
affolé	ms	affolé
affolée	fs	affolé
affolées	fp	affolé
affolés	mp	affolé
affreuse	fs	affreux
affreuses	fp	affreux
affriolant	ms	affriolant
affriolante	fs	affriolant
affriolantes	fp	affriolant
affriolants	mp	affriolant
affriqué	ms	affriqué
affriquée	fs	affriqué
affriquées	fp	affriqué
affriqués	mp	affriqué
affronté	ms	affronté
affrontée	fs	affronté
affrontées	fp	affronté
affrontés	mp	affronté
afférent	ms	afférent
afférente	fs	afférent
afférentes	fp	afférent
afférents	mp	afférent
affété	ms	affété
affétée	fs	affété
affétées	fp	affété
affétés	mp	affété
affûté	ms	affûté
affûtée	fs	affûté
affûtées	fp	affûté
affûtés	mp	affûté
afghan	ms	afghan
afghane	fs	afghan
afghanes	fp	afghan
afghans	mp	afghan
afocal	ms	afocal
afocale	fs	afocal
afocales	fp	afocal
afocaux	mp	afocal
africain	ms	africain
africaine	fs	africain
africaines	fp	africain
africains	mp	africain
afro-cubain	ms	afro-cubain
afro-cubaine	fs	afro-cubain
afro-cubaines	fp	afro-cubain
afro-cubains	mp	afro-cubain
agatisé	ms	agatisé
agatisée	fs	agatisé
agatisées	fp	agatisé
agatisés	mp	agatisé
agaçant	ms	agaçant
agaçante	fs	agaçant
agaçantes	fp	agaçant
agaçants	mp	agaçant
agenaise	fs	agenais
agenaises	fp	agenais
agenoise	fs	agenois
agenoises	fp	agenois
agglomérant	ms	agglomérant
agglomérante	fs	agglomérant
agglomérantes	fp	agglomérant
agglomérants	mp	agglomérant
aggloméré	ms	aggloméré
agglomérée	fs	aggloméré
agglomérées	fp	aggloméré
agglomérés	mp	aggloméré
agglutinant	ms	agglutinant
agglutinante	fs	agglutinant
agglutinantes	fp	agglutinant
agglutinants	mp	agglutinant
agglutiné	ms	agglutiné
agglutinée	fs	agglutiné
agglutinées	fp	agglutiné
agglutinés	mp	agglutiné
aggravant	ms	aggravant
aggravante	fs	aggravant
aggravantes	fp	aggravant
aggravants	mp	aggravant
agissant	ms	agissant
agissante	fs	agissant
agissantes	fp	agissant
agissants	mp	agissant
agitant	ms	agitant
agitante	fs	agitant
agitantes	fp	agitant
agitants	mp	agitant
agité	ms	agité
agitée	fs	agité
agitées	fp	agité
agités	mp	agité
agnat	ms	agnat
agnate	fs	agnat
agnates	fp	agnat
agnats	mp	agnat
agnelin	ms	agnelin
agneline	fs	agnelin
agnelines	fp	agnelin
agnelins	mp	agnelin
agonisant	ms	agonisant
agonisante	fs	agonisant
agonisantes	fp	agonisant
agonisants	mp	agonisant
agrafeur	ms	agrafeur
agrafeurs	mp	agrafeur
agrafeuse	fs	agrafeur
agrafeuses	fp	agrafeur
agrammatical	ms	agrammatical
agrammaticale	fs	agrammatical
agrammaticales	fp	agrammatical
agrammaticaux	mp	agrammatical
agrandi	ms	agrandi
agrandie	fs	agrandi
agrandies	fp	agrandi
agrandis	mp	agrandi
agrarien	ms	agrarien
agrarienne	fs	agrarien
agrariennes	fp	agrarien
agrariens	mp	agrarien
agressif	ms	agressif
agressifs	mp	agressif
agressive	fs	agressif
agressives	fp	agressif
agressé	ms	agressé
agressée	fs	agressé
agressées	fp	agressé
agressés	mp	agressé
agrégatif	ms	agrégatif
agrégatifs	mp	agrégatif
agrégative	fs	agrégatif
agrégatives	fp	agrégatif
agrégé	ms	agrégé
agrégée	fs	agrégé
agrégées	fp	agrégé
agrégés	mp	agrégé
aguichant	ms	aguichant
aguichante	fs	aguichant
aguichantes	fp	aguichant
aguichants	mp	aguichant
aguicheur	ms	aguicheur
aguicheurs	mp	aguicheur
aguicheuse	fs	aguicheur
aguicheuses	fp	aguicheur
ahanant	ms	ahanant
ahanante	fs	ahanant
ahanantes	fp	ahanant
ahanants	mp	ahanant
ahuri	ms	ahuri
ahurie	fs	ahuri
ahuries	fp	ahuri
ahuris	mp	ahuri
ahurissant	ms	ahurissant
ahurissante	fs	ahurissant
ahurissantes	fp	ahurissant
ahurissants	mp	ahurissant
aigre-douce	fs	aigre-doux
aigre-doux	ms	aigre-doux
aigrelet	ms	aigrelet
aigrelets	mp	aigrelet
aigrelette	fs	aigrelet
aigrelettes	fp	aigrelet
aigres-douces	fp	aigre-doux
aigres-doux	mp	aigre-doux
aigretté	ms	aigretté
aigrettée	fs	aigretté
aigrettées	fp	aigretté
aigrettés	mp	aigretté
aigri	ms	aigri
aigrie	fs	aigri
aigries	fp	aigri
aigris	mp	aigri
aigu	ms	aigu
aiguilleté	ms	aiguilleté
aiguilletée	fs	aiguilleté
aiguilletées	fp	aiguilleté
aiguilletés	mp	aiguilleté
aiguiseur	ms	aiguiseur
aiguiseurs	mp	aiguiseur
aiguiseuse	fs	aiguiseur
aiguiseuses	fp	aiguiseur
aiguisé	ms	aiguisé
aiguisée	fs	aiguisé
aiguisées	fp	aiguisé
aiguisés	mp	aiguisé
aigus	mp	aigu
aiguë	fs	aigu
aiguës	fp	aigu
aillé	ms	aillé
aillée	fs	aillé
aillées	fp	aillé
aillés	mp	aillé
ailé	ms	ailé
ailée	fs	ailé
ailées	fp	ailé
ailés	mp	ailé
aimant	ms	aimant
aimante	fs	aimant
aimantes	fp	aimant
aimants	mp	aimant
aimanté	ms	aimanté
aimantée	fs	aimanté
aimantées	fp	aimanté
aimantés	mp	aimanté
aimé	ms	aimé
aimée	fs	aimé
aimées	fp	aimé
aimés	mp	aimé
aisé	ms	aisé
aisée	fs	aisé
aisées	fp	aisé
aisés	mp	aisé
aixoise	fs	aixois
aixoises	fp	aixois
ajaccien	ms	ajaccien
ajaccienne	fs	ajaccien
ajacciennes	fp	ajaccien
ajacciens	mp	ajaccien
ajacéen	ms	ajacéen
ajacéenne	fs	ajacéen
ajacéennes	fp	ajacéen
ajacéens	mp	ajacéen
ajourné	ms	ajourné
ajournée	fs	ajourné
ajournées	fp	ajourné
ajournés	mp	ajourné
ajouré	ms	ajouré
ajourée	fs	ajouré
ajourées	fp	ajouré
ajourés	mp	ajouré
ajusté	ms	ajusté
ajustée	fs	ajusté
ajustées	fp	ajusté
ajustés	mp	ajusté
akkadien	ms	akkadien
akkadienne	fs	akkadien
akkadiennes	fp	akkadien
akkadiens	mp	akkadien
alambiqué	ms	alambiqué
alambiquée	fs	alambiqué
alambiquées	fp	alambiqué
alambiqués	mp	alambiqué
alangui	ms	alangui
alanguie	fs	alangui
alanguies	fp	alangui
alanguis	mp	alangui
alarmant	ms	alarmant
alarmante	fs	alarmant
alarmantes	fp	alarmant
alarmants	mp	alarmant
alarmé	ms	alarmé
alarmée	fs	alarmé
alarmées	fp	alarmé
alarmés	mp	alarmé
albanaise	fs	albanais
albanaises	fp	albanais
albigeoise	fs	albigeois
albigeoises	fp	albigeois
albuginé	ms	albuginé
albuginée	fs	albuginé
albuginées	fp	albuginé
albuginés	mp	albuginé
albumineuse	fs	albumineux
albumineuses	fp	albumineux
albuminé	ms	albuminé
albuminée	fs	albuminé
albuminées	fp	albuminé
albuminés	mp	albuminé
alcalescent	ms	alcalescent
alcalescente	fs	alcalescent
alcalescentes	fp	alcalescent
alcalescents	mp	alcalescent
alcalifiant	ms	alcalifiant
alcalifiante	fs	alcalifiant
alcalifiantes	fp	alcalifiant
alcalifiants	mp	alcalifiant
alcalin	ms	alcalin
alcaline	fs	alcalin
alcalines	fp	alcalin
alcalinisant	ms	alcalinisant
alcalinisante	fs	alcalinisant
alcalinisantes	fp	alcalinisant
alcalinisants	mp	alcalinisant
alcalins	mp	alcalin
alcoolisé	ms	alcoolisé
alcoolisée	fs	alcoolisé
alcoolisées	fp	alcoolisé
alcoolisés	mp	alcoolisé
aldin	ms	aldin
aldine	fs	aldin
aldines	fp	aldin
aldins	mp	aldin
alexandrin	ms	alexandrin
alexandrine	fs	alexandrin
alexandrines	fp	alexandrin
alexandrins	mp	alexandrin
alezan	ms	alezan
alezane	fs	alezan
alezanes	fp	alezan
alezans	mp	alezan
alfatier	ms	alfatier
alfatiers	mp	alfatier
alfatière	fs	alfatier
alfatières	fp	alfatier
algonquin	ms	algonquin
algonquine	fs	algonquin
algonquines	fp	algonquin
algonquins	mp	algonquin
algérien	ms	algérien
algérienne	fs	algérien
algériennes	fp	algérien
algériens	mp	algérien
algéroise	fs	algérois
algéroises	fp	algérois
aligoté	ms	aligoté
aligotée	fs	aligoté
aligotées	fp	aligoté
aligotés	mp	aligoté
aliquant	ms	aliquant
aliquante	fs	aliquant
aliquantes	fp	aliquant
aliquants	mp	aliquant
aliquot	ms	aliquot
aliquote	fs	aliquot
aliquotes	fp	aliquot
aliquots	mp	aliquot
alizé	ms	alizé
alizée	fs	alizé
alizées	fp	alizé
alizés	mp	alizé
aliénant	ms	aliénant
aliénante	fs	aliénant
aliénantes	fp	aliénant
aliénants	mp	aliénant
aliéné	ms	aliéné
aliénée	fs	aliéné
aliénées	fp	aliéné
aliénés	mp	aliéné
allaitant	ms	allaitant
allaitante	fs	allaitant
allaitantes	fp	allaitant
allaitants	mp	allaitant
allant	ms	allant
allante	fs	allant
allantes	fp	allant
allants	mp	allant
allemand	ms	allemand
allemande	fs	allemand
allemandes	fp	allemand
allemands	mp	allemand
allergisant	ms	allergisant
allergisante	fs	allergisant
allergisantes	fp	allergisant
allergisants	mp	allergisant
alliacé	ms	alliacé
alliacée	fs	alliacé
alliacées	fp	alliacé
alliacés	mp	alliacé
allié	ms	allié
alliée	fs	allié
alliées	fp	allié
alliés	mp	allié
allodial	ms	allodial
allodiale	fs	allodial
allodiales	fp	allodial
allodiaux	mp	allodial
allongé	ms	allongé
allongée	fs	allongé
allongées	fp	allongé
allongés	mp	allongé
allumant	ms	allumant
allumante	fs	allumant
allumantes	fp	allumant
allumants	mp	allumant
allumettier	ms	allumettier
allumettiers	mp	allumettier
allumettière	fs	allumettier
allumettières	fp	allumettier
allumeur	ms	allumeur
allumeurs	mp	allumeur
allumeuse	fs	allumeur
allumeuses	fp	allumeur
allumé	ms	allumé
allumée	fs	allumé
allumées	fp	allumé
allumés	mp	allumé
alluré	ms	alluré
allurée	fs	alluré
allurées	fp	alluré
allurés	mp	alluré
allusif	ms	allusif
allusifs	mp	allusif
allusive	fs	allusif
allusives	fp	allusif
alluvial	ms	alluvial
alluviale	fs	alluvial
alluviales	fp	alluvial
alluviaux	mp	alluvial
alléchant	ms	alléchant
alléchante	fs	alléchant
alléchantes	fp	alléchant
alléchants	mp	alléchant
allégeant	ms	allégeant
allégeante	fs	allégeant
allégeantes	fp	allégeant
allégeants	mp	allégeant
allégé	ms	allégé
allégée	fs	allégé
allégées	fp	allégé
allégés	mp	allégé
alourdissant	ms	alourdissant
alourdissante	fs	alourdissant
alourdissantes	fp	alourdissant
alourdissants	mp	alourdissant
alpin	ms	alpin
alpine	fs	alpin
alpines	fp	alpin
alpins	mp	alpin
alsacien	ms	alsacien
alsacienne	fs	alsacien
alsaciennes	fp	alsacien
alsaciens	mp	alsacien
alternant	ms	alternant
alternante	fs	alternant
alternantes	fp	alternant
alternants	mp	alternant
alternatif	ms	alternatif
alternatifs	mp	alternatif
alternative	fs	alternatif
alternatives	fp	alternatif
alterné	ms	alterné
alternée	fs	alterné
alternées	fp	alterné
alternés	mp	alterné
altier	ms	altier
altiers	mp	altier
altimontain	ms	altimontain
altimontaine	fs	altimontain
altimontaines	fp	altimontain
altimontains	mp	altimontain
altière	fs	altier
altières	fp	altier
altogovien	ms	altogovien
altogovienne	fs	altogovien
altogoviennes	fp	altogovien
altogoviens	mp	altogovien
altérant	ms	altérant
altérante	fs	altérant
altérantes	fp	altérant
altérants	mp	altérant
altéré	ms	altéré
altérée	fs	altéré
altérées	fp	altéré
altérés	mp	altéré
alumineuse	fs	alumineux
alumineuses	fp	alumineux
alvin	ms	alvin
alvine	fs	alvin
alvines	fp	alvin
alvins	mp	alvin
alvéolé	ms	alvéolé
alvéolée	fs	alvéolé
alvéolées	fp	alvéolé
alvéolés	mp	alvéolé
alénoise	fs	alénois
alénoises	fp	alénois
aléseur	ms	aléseur
aléseurs	mp	aléseur
aléseuse	fs	aléseur
aléseuses	fp	aléseur
alésien	ms	alésien
alésienne	fs	alésien
alésiennes	fp	alésien
alésiens	mp	alésien
alésé	ms	alésé
alésée	fs	alésé
alésées	fp	alésé
alésés	mp	alésé
amaigri	ms	amaigri
amaigrie	fs	amaigri
amaigries	fp	amaigri
amaigris	mp	amaigri
amaigrissant	ms	amaigrissant
amaigrissante	fs	amaigrissant
amaigrissantes	fp	amaigrissant
amaigrissants	mp	amaigrissant
amaril	ms	amaril
amarile	fs	amaril
amariles	fp	amaril
amarils	mp	amaril
amarnien	ms	amarnien
amarnienne	fs	amarnien
amarniennes	fp	amarnien
amarniens	mp	amarnien
amazonien	ms	amazonien
amazonienne	fs	amazonien
amazoniennes	fp	amazonien
amazoniens	mp	amazonien
ambassadorial	ms	ambassadorial
ambassadoriale	fs	ambassadorial
ambassadoriales	fp	ambassadorial
ambassadoriaux	mp	ambassadorial
ambiant	ms	ambiant
ambiante	fs	ambiant
ambiantes	fp	ambiant
ambiants	mp	ambiant
ambigu	ms	ambigu
ambigus	mp	ambigu
ambiguë	fs	ambigu
ambiguës	fp	ambigu
ambisexué	ms	ambisexué
ambisexuée	fs	ambisexué
ambisexuées	fp	ambisexué
ambisexués	mp	ambisexué
ambitieuse	fs	ambitieux
ambitieuses	fp	ambitieux
ambivalent	ms	ambivalent
ambivalente	fs	ambivalent
ambivalentes	fp	ambivalent
ambivalents	mp	ambivalent
ambleur	ms	ambleur
ambleurs	mp	ambleur
ambleuse	fs	ambleur
ambleuses	fp	ambleur
ambrosien	ms	ambrosien
ambrosienne	fs	ambrosien
ambrosiennes	fp	ambrosien
ambrosiens	mp	ambrosien
ambré	ms	ambré
ambrée	fs	ambré
ambrées	fp	ambré
ambrés	mp	ambré
ambulancier	ms	ambulancier
ambulanciers	mp	ambulancier
ambulancière	fs	ambulancier
ambulancières	fp	ambulancier
ambulant	ms	ambulant
ambulante	fs	ambulant
ambulantes	fp	ambulant
ambulants	mp	ambulant
amer	ms	amer
amers	mp	amer
ami	ms	ami
amibien	ms	amibien
amibienne	fs	amibien
amibiennes	fp	amibien
amibiens	mp	amibien
amical	ms	amical
amicale	fs	amical
amicales	fp	amical
amicaux	mp	amical
amidonnier	ms	amidonnier
amidonniers	mp	amidonnier
amidonnière	fs	amidonnier
amidonnières	fp	amidonnier
amie	fs	ami
amies	fp	ami
amincissant	ms	amincissant
amincissante	fs	amincissant
amincissantes	fp	amincissant
amincissants	mp	amincissant
aminé	ms	aminé
aminée	fs	aminé
aminées	fp	aminé
aminés	mp	aminé
amiral	ms	amiral
amirale	fs	amiral
amirales	fp	amiral
amiraux	mp	amiral
amis	mp	ami
amiénoise	fs	amiénois
amiénoises	fp	amiénois
ammoniacal	ms	ammoniacal
ammoniacale	fs	ammoniacal
ammoniacales	fp	ammoniacal
ammoniacaux	mp	ammoniacal
amnistiant	ms	amnistiant
amnistiante	fs	amnistiant
amnistiantes	fp	amnistiant
amnistiants	mp	amnistiant
amnistié	ms	amnistié
amnistiée	fs	amnistié
amnistiées	fp	amnistié
amnistiés	mp	amnistié
amoindrissant	ms	amoindrissant
amoindrissante	fs	amoindrissant
amoindrissantes	fp	amoindrissant
amoindrissants	mp	amoindrissant
amollissant	ms	amollissant
amollissante	fs	amollissant
amollissantes	fp	amollissant
amollissants	mp	amollissant
amoral	ms	amoral
amorale	fs	amoral
amorales	fp	amoral
amoraux	mp	amoral
amorti	ms	amorti
amortie	fs	amorti
amorties	fp	amorti
amortis	mp	amorti
amortisseur	ms	amortisseur
amortisseurs	mp	amortisseur
amortisseuse	fs	amortisseur
amortisseuses	fp	amortisseur
amoureuse	fs	amoureux
amoureuses	fp	amoureux
amplectif	ms	amplectif
amplectifs	mp	amplectif
amplective	fs	amplectif
amplectives	fp	amplectif
ampliatif	ms	ampliatif
ampliatifs	mp	ampliatif
ampliative	fs	ampliatif
ampliatives	fp	ampliatif
amplifiant	ms	amplifiant
amplifiante	fs	amplifiant
amplifiantes	fp	amplifiant
amplifiants	mp	amplifiant
amplificateur	ms	amplificateur
amplificateurs	mp	amplificateur
amplificatrice	fs	amplificateur
amplificatrices	fp	amplificateur
amplifié	ms	amplifié
amplifiée	fs	amplifié
amplifiées	fp	amplifié
amplifiés	mp	amplifié
ampoulé	ms	ampoulé
ampoulée	fs	ampoulé
ampoulées	fp	ampoulé
ampoulés	mp	ampoulé
amputé	ms	amputé
amputée	fs	amputé
amputées	fp	amputé
amputés	mp	amputé
amstellodamien	ms	amstellodamien
amstellodamienne	fs	amstellodamien
amstellodamiennes	fp	amstellodamien
amstellodamiens	mp	amstellodamien
amstellodamoise	fs	amstellodamois
amstellodamoises	fp	amstellodamois
amusant	ms	amusant
amusante	fs	amusant
amusantes	fp	amusant
amusants	mp	amusant
amusé	ms	amusé
amusée	fs	amusé
amusées	fp	amusé
amusés	mp	amusé
amylacé	ms	amylacé
amylacée	fs	amylacé
amylacées	fp	amylacé
amylacés	mp	amylacé
amère	fs	amer
amères	fp	amer
améliorant	ms	améliorant
améliorante	fs	améliorant
améliorantes	fp	améliorant
améliorants	mp	améliorant
américain	ms	américain
américaine	fs	américain
américaines	fp	américain
américains	mp	américain
amérindien	ms	amérindien
amérindienne	fs	amérindien
amérindiennes	fp	amérindien
amérindiens	mp	amérindien
anabolisant	ms	anabolisant
anabolisante	fs	anabolisant
anabolisantes	fp	anabolisant
anabolisants	mp	anabolisant
anal	ms	anal
anale	fs	anal
anales	fp	anal
anarchisant	ms	anarchisant
anarchisante	fs	anarchisant
anarchisantes	fp	anarchisant
anarchisants	mp	anarchisant
anastigmat	ms	anastigmat
anastigmate	fs	anastigmat
anastigmates	fp	anastigmat
anastigmats	mp	anastigmat
anastomosé	ms	anastomosé
anastomosée	fs	anastomosé
anastomosées	fp	anastomosé
anastomosés	mp	anastomosé
anatolien	ms	anatolien
anatolienne	fs	anatolien
anatoliennes	fp	anatolien
anatoliens	mp	anatolien
anaux	mp	anal
ancestral	ms	ancestral
ancestrale	fs	ancestral
ancestrales	fp	ancestral
ancestraux	mp	ancestral
ancien	ms	ancien
ancienne	fs	ancien
anciennes	fp	ancien
anciens	mp	ancien
andalou	ms	andalou
andalous	mp	andalou
andalouse	fs	andalou
andalouses	fp	andalou
andin	ms	andin
andine	fs	andin
andines	fp	andin
andins	mp	andin
andorran	ms	andorran
andorrane	fs	andorran
andorranes	fp	andorran
andorrans	mp	andorran
anesthésiant	ms	anesthésiant
anesthésiante	fs	anesthésiant
anesthésiantes	fp	anesthésiant
anesthésiants	mp	anesthésiant
angevin	ms	angevin
angevine	fs	angevin
angevines	fp	angevin
angevins	mp	angevin
angineuse	fs	angineux
angineuses	fp	angineux
anglaise	fs	anglais
anglaises	fp	anglais
anglican	ms	anglican
anglicane	fs	anglican
anglicanes	fp	anglican
anglicans	mp	anglican
anglicisant	ms	anglicisant
anglicisante	fs	anglicisant
anglicisantes	fp	anglicisant
anglicisants	mp	anglicisant
anglo-normand	ms	anglo-normand
anglo-normande	fs	anglo-normand
anglo-normandes	fp	anglo-normand
anglo-normands	mp	anglo-normand
anglo-saxon	ms	anglo-saxon
anglo-saxonne	fs	anglo-saxon
anglo-saxonnes	fp	anglo-saxon
anglo-saxons	mp	anglo-saxon
angoissant	ms	angoissant
angoissante	fs	angoissant
angoissantes	fp	angoissant
angoissants	mp	angoissant
angoissé	ms	angoissé
angoissée	fs	angoissé
angoissées	fp	angoissé
angoissés	mp	angoissé
angolaise	fs	angolais
angolaises	fp	angolais
angoumoise	fs	angoumois
angoumoises	fp	angoumois
anguleuse	fs	anguleux
anguleuses	fp	anguleux
angustifolié	ms	angustifolié
angustifoliée	fs	angustifolié
angustifoliées	fp	angustifolié
angustifoliés	mp	angustifolié
animal	ms	animal
animale	fs	animal
animales	fp	animal
animalier	ms	animalier
animaliers	mp	animalier
animalière	fs	animalier
animalières	fp	animalier
animaux	mp	animal
animé	ms	animé
animée	fs	animé
animées	fp	animé
animés	mp	animé
anisé	ms	anisé
anisée	fs	anisé
anisées	fp	anisé
anisés	mp	anisé
ankylosant	ms	ankylosant
ankylosante	fs	ankylosant
ankylosantes	fp	ankylosant
ankylosants	mp	ankylosant
ankylosé	ms	ankylosé
ankylosée	fs	ankylosé
ankylosées	fp	ankylosé
ankylosés	mp	ankylosé
annal	ms	annal
annale	fs	annal
annales	fp	annal
annaux	mp	annal
annelé	ms	annelé
annelée	fs	annelé
annelées	fp	annelé
annelés	mp	annelé
annonciateur	ms	annonciateur
annonciateurs	mp	annonciateur
annonciatrice	fs	annonciateur
annonciatrices	fp	annonciateur
annuel	ms	annuel
annuelle	fs	annuel
annuelles	fp	annuel
annuels	mp	annuel
annécien	ms	annécien
annécienne	fs	annécien
annéciennes	fp	annécien
annéciens	mp	annécien
anobli	ms	anobli
anoblie	fs	anobli
anoblies	fp	anobli
anoblis	mp	anobli
anoblissant	ms	anoblissant
anoblissante	fs	anoblissant
anoblissantes	fp	anoblissant
anoblissants	mp	anoblissant
anodin	ms	anodin
anodine	fs	anodin
anodines	fp	anodin
anodins	mp	anodin
anomal	ms	anomal
anomale	fs	anomal
anomales	fp	anomal
anomaux	mp	anomal
anormal	ms	anormal
anormale	fs	anormal
anormales	fp	anormal
anormaux	mp	anormal
ansé	ms	ansé
ansée	fs	ansé
ansées	fp	ansé
ansérin	ms	ansérin
ansérine	fs	ansérin
ansérines	fp	ansérin
ansérins	mp	ansérin
ansés	mp	ansé
antenaise	fs	antenais
antenaises	fp	antenais
anti-sous-marin	ms	anti-sous-marin
anti-sous-marine	fs	anti-sous-marin
anti-sous-marines	fp	anti-sous-marin
anti-sous-marins	mp	anti-sous-marin
antiamaril	ms	antiamaril
antiamarile	fs	antiamaril
antiamariles	fp	antiamaril
antiamarils	mp	antiamaril
antiaérien	ms	antiaérien
antiaérienne	fs	antiaérien
antiaériennes	fp	antiaérien
antiaériens	mp	antiaérien
antibrouillé	ms	antibrouillé
antibrouillée	fs	antibrouillé
antibrouillées	fp	antibrouillé
antibrouillés	mp	antibrouillé
anticancéreuse	fs	anticancéreux
anticancéreuses	fp	anticancéreux
anticipant	ms	anticipant
anticipante	fs	anticipant
anticipantes	fp	anticipant
anticipants	mp	anticipant
anticipateur	ms	anticipateur
anticipateurs	mp	anticipateur
anticipatif	ms	anticipatif
anticipatifs	mp	anticipatif
anticipative	fs	anticipatif
anticipatives	fp	anticipatif
anticipatrice	fs	anticipateur
anticipatrices	fp	anticipateur
anticipé	ms	anticipé
anticipée	fs	anticipé
anticipées	fp	anticipé
anticipés	mp	anticipé
anticlinal	ms	anticlinal
anticlinale	fs	anticlinal
anticlinales	fp	anticlinal
anticlinaux	mp	anticlinal
anticlérical	ms	anticlérical
anticléricale	fs	anticlérical
anticléricales	fp	anticlérical
anticléricaux	mp	anticlérical
anticoagulant	ms	anticoagulant
anticoagulante	fs	anticoagulant
anticoagulantes	fp	anticoagulant
anticoagulants	mp	anticoagulant
anticonceptionnel	ms	anticonceptionnel
anticonceptionnelle	fs	anticonceptionnel
anticonceptionnelles	fp	anticonceptionnel
anticonceptionnels	mp	anticonceptionnel
anticonjoncturel	ms	anticonjoncturel
anticonjoncturelle	fs	anticonjoncturel
anticonjoncturelles	fp	anticonjoncturel
anticonjoncturels	mp	anticonjoncturel
anticonstitutionnel	ms	anticonstitutionnel
anticonstitutionnelle	fs	anticonstitutionnel
anticonstitutionnelles	fp	anticonstitutionnel
anticonstitutionnels	mp	anticonstitutionnel
anticyclonal	ms	anticyclonal
anticyclonale	fs	anticyclonal
anticyclonales	fp	anticyclonal
anticyclonaux	mp	anticyclonal
antidaté	ms	antidaté
antidatée	fs	antidaté
antidatées	fp	antidaté
antidatés	mp	antidaté
antidéflagrant	ms	antidéflagrant
antidéflagrante	fs	antidéflagrant
antidéflagrantes	fp	antidéflagrant
antidéflagrants	mp	antidéflagrant
antidérapant	ms	antidérapant
antidérapante	fs	antidérapant
antidérapantes	fp	antidérapant
antidérapants	mp	antidérapant
antidétonant	ms	antidétonant
antidétonante	fs	antidétonant
antidétonantes	fp	antidétonant
antidétonants	mp	antidétonant
antigouvernemental	ms	antigouvernemental
antigouvernementale	fs	antigouvernemental
antigouvernementales	fp	antigouvernemental
antigouvernementaux	mp	antigouvernemental
antigravitationnel	ms	antigravitationnel
antigravitationnelle	fs	antigravitationnel
antigravitationnelles	fp	antigravitationnel
antigravitationnels	mp	antigravitationnel
antilibéral	ms	antilibéral
antilibérale	fs	antilibéral
antilibérales	fp	antilibéral
antilibéraux	mp	antilibéral
antillaise	fs	antillais
antillaises	fp	antillais
antimigraineuse	fs	antimigraineux
antimigraineuses	fp	antimigraineux
antimonial	ms	antimonial
antimoniale	fs	antimonial
antimoniales	fp	antimonial
antimoniaux	mp	antimonial
antinational	ms	antinational
antinationale	fs	antinational
antinationales	fp	antinational
antinationaux	mp	antinational
antinaturel	ms	antinaturel
antinaturelle	fs	antinaturel
antinaturelles	fp	antinaturel
antinaturels	mp	antinaturel
antinazi	ms	antinazi
antinazie	fs	antinazi
antinazies	fp	antinazi
antinazis	mp	antinazi
antioxydant	ms	antioxydant
antioxydante	fs	antioxydant
antioxydantes	fp	antioxydant
antioxydants	mp	antioxydant
antipaludéen	ms	antipaludéen
antipaludéenne	fs	antipaludéen
antipaludéennes	fp	antipaludéen
antipaludéens	mp	antipaludéen
antirationnel	ms	antirationnel
antirationnelle	fs	antirationnel
antirationnelles	fp	antirationnel
antirationnels	mp	antirationnel
antireligieuse	fs	antireligieux
antireligieuses	fp	antireligieux
antirépublicain	ms	antirépublicain
antirépublicaine	fs	antirépublicain
antirépublicaines	fp	antirépublicain
antirépublicains	mp	antirépublicain
antirétroviral	ms	antirétroviral
antirétrovirale	fs	antirétroviral
antirétrovirales	fp	antirétroviral
antirétroviraux	mp	antirétroviral
antisocial	ms	antisocial
antisociale	fs	antisocial
antisociales	fp	antisocial
antisociaux	mp	antisocial
antisportif	ms	antisportif
antisportifs	mp	antisportif
antisportive	fs	antisportif
antisportives	fp	antisportif
antituberculeuse	fs	antituberculeux
antituberculeuses	fp	antituberculeux
antivenimeuse	fs	antivenimeux
antivenimeuses	fp	antivenimeux
antivénéneuse	fs	antivénéneux
antivénéneuses	fp	antivénéneux
antécédent	ms	antécédent
antécédente	fs	antécédent
antécédentes	fp	antécédent
antécédents	mp	antécédent
antédiluvien	ms	antédiluvien
antédiluvienne	fs	antédiluvien
antédiluviennes	fp	antédiluvien
antédiluviens	mp	antédiluvien
antérieur	ms	antérieur
antérieure	fs	antérieur
antérieures	fp	antérieur
antérieurs	mp	antérieur
anversoise	fs	anversois
anversoises	fp	anversois
anxieuse	fs	anxieux
anxieuses	fp	anxieux
anémiant	ms	anémiant
anémiante	fs	anémiant
anémiantes	fp	anémiant
anémiants	mp	anémiant
anémié	ms	anémié
anémiée	fs	anémié
anémiées	fp	anémié
anémiés	mp	anémié
anévrismal	ms	anévrismal
anévrismale	fs	anévrismal
anévrismales	fp	anévrismal
anévrismaux	mp	anévrismal
aoûté	ms	aoûté
aoûtée	fs	aoûté
aoûtées	fp	aoûté
aoûtés	mp	aoûté
apaisant	ms	apaisant
apaisante	fs	apaisant
apaisantes	fp	apaisant
apaisants	mp	apaisant
apeuré	ms	apeuré
apeurée	fs	apeuré
apeurées	fp	apeuré
apeurés	mp	apeuré
aphteuse	fs	aphteux
aphteuses	fp	aphteux
apical	ms	apical
apicale	fs	apical
apicales	fp	apical
apicaux	mp	apical
aplati	ms	aplati
aplatie	fs	aplati
aplaties	fp	aplati
aplatis	mp	aplati
apollinien	ms	apollinien
apollinienne	fs	apollinien
apolliniennes	fp	apollinien
apolliniens	mp	apollinien
appalachien	ms	appalachien
appalachienne	fs	appalachien
appalachiennes	fp	appalachien
appalachiens	mp	appalachien
apparent	ms	apparent
apparente	fs	apparent
apparentes	fp	apparent
apparents	mp	apparent
apparenté	ms	apparenté
apparentée	fs	apparenté
apparentées	fp	apparenté
apparentés	mp	apparenté
apparié	ms	apparié
appariée	fs	apparié
appariées	fp	apparié
appariés	mp	apparié
appartenant	ms	appartenant
appartenante	fs	appartenant
appartenantes	fp	appartenant
appartenants	mp	appartenant
appelant	ms	appelant
appelante	fs	appelant
appelantes	fp	appelant
appelants	mp	appelant
appellatif	ms	appellatif
appellatifs	mp	appellatif
appellative	fs	appellatif
appellatives	fp	appellatif
appelé	ms	appelé
appelée	fs	appelé
appelées	fp	appelé
appelés	mp	appelé
applicateur	ms	applicateur
applicateurs	mp	applicateur
applicatif	ms	applicatif
applicatifs	mp	applicatif
applicative	fs	applicatif
applicatives	fp	applicatif
applicatrice	fs	applicateur
applicatrices	fp	applicateur
appliqué	ms	appliqué
appliquée	fs	appliqué
appliquées	fp	appliqué
appliqués	mp	appliqué
appointé	ms	appointé
appointée	fs	appointé
appointées	fp	appointé
appointés	mp	appointé
apporteur	ms	apporteur
apporteurs	mp	apporteur
apporteuse	fs	apporteur
apporteuses	fp	apporteur
apposé	ms	apposé
apposée	fs	apposé
apposées	fp	apposé
apposés	mp	apposé
apprimé	ms	apprimé
apprimée	fs	apprimé
apprimées	fp	apprimé
apprimés	mp	apprimé
apprivoiseur	ms	apprivoiseur
apprivoiseurs	mp	apprivoiseur
apprivoiseuse	fs	apprivoiseur
apprivoiseuses	fp	apprivoiseur
apprivoisé	ms	apprivoisé
apprivoisée	fs	apprivoisé
apprivoisées	fp	apprivoisé
apprivoisés	mp	apprivoisé
approbateur	ms	approbateur
approbateurs	mp	approbateur
approbatif	ms	approbatif
approbatifs	mp	approbatif
approbative	fs	approbatif
approbatives	fp	approbatif
approbatrice	fs	approbateur
approbatrices	fp	approbateur
approchant	ms	approchant
approchante	fs	approchant
approchantes	fp	approchant
approchants	mp	approchant
approché	ms	approché
approchée	fs	approché
approchées	fp	approché
approchés	mp	approché
approfondi	ms	approfondi
approfondie	fs	approfondi
approfondies	fp	approfondi
approfondis	mp	approfondi
approprié	ms	approprié
appropriée	fs	approprié
appropriées	fp	approprié
appropriés	mp	approprié
approuvé	ms	approuvé
approuvée	fs	approuvé
approuvées	fp	approuvé
approuvés	mp	approuvé
approvisionneur	ms	approvisionneur
approvisionneurs	mp	approvisionneur
approvisionneuse	fs	approvisionneur
approvisionneuses	fp	approvisionneur
approximatif	ms	approximatif
approximatifs	mp	approximatif
approximative	fs	approximatif
approximatives	fp	approximatif
appréciateur	ms	appréciateur
appréciateurs	mp	appréciateur
appréciatif	ms	appréciatif
appréciatifs	mp	appréciatif
appréciative	fs	appréciatif
appréciatives	fp	appréciatif
appréciatrice	fs	appréciateur
appréciatrices	fp	appréciateur
appréhensif	ms	appréhensif
appréhensifs	mp	appréhensif
appréhensive	fs	appréhensif
appréhensives	fp	appréhensif
apprêté	ms	apprêté
apprêtée	fs	apprêté
apprêtées	fp	apprêté
apprêtés	mp	apprêté
appuyé	ms	appuyé
appuyée	fs	appuyé
appuyées	fp	appuyé
appuyés	mp	appuyé
appétissant	ms	appétissant
appétissante	fs	appétissant
appétissantes	fp	appétissant
appétissants	mp	appétissant
apériteur	ms	apériteur
apériteurs	mp	apériteur
apéritif	ms	apéritif
apéritifs	mp	apéritif
apéritive	fs	apéritif
apéritives	fp	apéritif
apéritrice	fs	apériteur
apéritrices	fp	apériteur
aqueuse	fs	aqueux
aqueuses	fp	aqueux
aquilin	ms	aquilin
aquiline	fs	aquilin
aquilines	fp	aquilin
aquilins	mp	aquilin
aquisextain	ms	aquisextain
aquisextaine	fs	aquisextain
aquisextaines	fp	aquisextain
aquisextains	mp	aquisextain
aquitain	ms	aquitain
aquitaine	fs	aquitain
aquitaines	fp	aquitain
aquitains	mp	aquitain
arabisant	ms	arabisant
arabisante	fs	arabisant
arabisantes	fp	arabisant
arabisants	mp	arabisant
arachnéen	ms	arachnéen
arachnéenne	fs	arachnéen
arachnéennes	fp	arachnéen
arachnéens	mp	arachnéen
aragonaise	fs	aragonais
aragonaises	fp	aragonais
araméen	ms	araméen
araméenne	fs	araméen
araméennes	fp	araméen
araméens	mp	araméen
arbitral	ms	arbitral
arbitrale	fs	arbitral
arbitrales	fp	arbitral
arbitraux	mp	arbitral
arboisien	ms	arboisien
arboisienne	fs	arboisien
arboisiennes	fp	arboisien
arboisiens	mp	arboisien
arborescent	ms	arborescent
arborescente	fs	arborescent
arborescentes	fp	arborescent
arborescents	mp	arborescent
arborisé	ms	arborisé
arborisée	fs	arborisé
arborisées	fp	arborisé
arborisés	mp	arborisé
arboré	ms	arboré
arborée	fs	arboré
arborées	fp	arboré
arborés	mp	arboré
arbustif	ms	arbustif
arbustifs	mp	arbustif
arbustive	fs	arbustif
arbustives	fp	arbustif
arcadien	ms	arcadien
arcadienne	fs	arcadien
arcadiennes	fp	arcadien
arcadiens	mp	arcadien
archanthropien	ms	archanthropien
archanthropienne	fs	archanthropien
archanthropiennes	fp	archanthropien
archanthropiens	mp	archanthropien
archaïsant	ms	archaïsant
archaïsante	fs	archaïsant
archaïsantes	fp	archaïsant
archaïsants	mp	archaïsant
archidiocésain	ms	archidiocésain
archidiocésaine	fs	archidiocésain
archidiocésaines	fp	archidiocésain
archidiocésains	mp	archidiocésain
archimédien	ms	archimédien
archimédienne	fs	archimédien
archimédiennes	fp	archimédien
archimédiens	mp	archimédien
archiplein	ms	archiplein
archipleine	fs	archiplein
archipleines	fp	archiplein
archipleins	mp	archiplein
archipresbytéral	ms	archipresbytéral
archipresbytérale	fs	archipresbytéral
archipresbytérales	fp	archipresbytéral
archipresbytéraux	mp	archipresbytéral
architectural	ms	architectural
architecturale	fs	architectural
architecturales	fp	architectural
architecturaux	mp	architectural
architecturé	ms	architecturé
architecturée	fs	architecturé
architecturées	fp	architecturé
architecturés	mp	architecturé
archiépiscopal	ms	archiépiscopal
archiépiscopale	fs	archiépiscopal
archiépiscopales	fp	archiépiscopal
archiépiscopaux	mp	archiépiscopal
archéen	ms	archéen
archéenne	fs	archéen
archéennes	fp	archéen
archéens	mp	archéen
archétypal	ms	archétypal
archétypale	fs	archétypal
archétypales	fp	archétypal
archétypaux	mp	archétypal
ardennaise	fs	ardennais
ardennaises	fp	ardennais
ardent	ms	ardent
ardente	fs	ardent
ardentes	fp	ardent
ardents	mp	ardent
ardoisier	ms	ardoisier
ardoisiers	mp	ardoisier
ardoisière	fs	ardoisier
ardoisières	fp	ardoisier
ardoisé	ms	ardoisé
ardoisée	fs	ardoisé
ardoisées	fp	ardoisé
ardoisés	mp	ardoisé
ardu	ms	ardu
ardue	fs	ardu
ardues	fp	ardu
ardus	mp	ardu
ardéchoise	fs	ardéchois
ardéchoises	fp	ardéchois
areligieuse	fs	areligieux
areligieuses	fp	areligieux
argentin	ms	argentin
argentine	fs	argentin
argentines	fp	argentin
argentins	mp	argentin
argenté	ms	argenté
argentée	fs	argenté
argentées	fp	argenté
argentés	mp	argenté
argien	ms	argien
argienne	fs	argien
argiennes	fp	argien
argiens	mp	argien
argilacé	ms	argilacé
argilacée	fs	argilacé
argilacées	fp	argilacé
argilacés	mp	argilacé
argileuse	fs	argileux
argileuses	fp	argileux
argumentatif	ms	argumentatif
argumentatifs	mp	argumentatif
argumentative	fs	argumentatif
argumentatives	fp	argumentatif
arien	ms	arien
arienne	fs	arien
ariennes	fp	arien
ariens	mp	arien
arillé	ms	arillé
arillée	fs	arillé
arillées	fp	arillé
arillés	mp	arillé
aristotélicien	ms	aristotélicien
aristotélicienne	fs	aristotélicien
aristotéliciennes	fp	aristotélicien
aristotéliciens	mp	aristotélicien
ariégeoise	fs	ariégeois
ariégeoises	fp	ariégeois
arlésien	ms	arlésien
arlésienne	fs	arlésien
arlésiennes	fp	arlésien
arlésiens	mp	arlésien
arminien	ms	arminien
arminienne	fs	arminien
arminiennes	fp	arminien
arminiens	mp	arminien
armoirié	ms	armoirié
armoiriée	fs	armoirié
armoiriées	fp	armoirié
armoiriés	mp	armoirié
armorial	ms	armorial
armoriale	fs	armorial
armoriales	fp	armorial
armoriaux	mp	armorial
armoricain	ms	armoricain
armoricaine	fs	armoricain
armoricaines	fp	armoricain
armoricains	mp	armoricain
armorié	ms	armorié
armoriée	fs	armorié
armoriées	fp	armorié
armoriés	mp	armorié
armé	ms	armé
armée	fs	armé
armées	fp	armé
arménien	ms	arménien
arménienne	fs	arménien
arméniennes	fp	arménien
arméniens	mp	arménien
armés	mp	armé
aromal	ms	aromal
aromale	fs	aromal
aromales	fp	aromal
aromals	mp	aromal
aromatisant	ms	aromatisant
aromatisante	fs	aromatisant
aromatisantes	fp	aromatisant
aromatisants	mp	aromatisant
arpenteur	ms	arpenteur
arpenteurs	mp	arpenteur
arpenteuse	fs	arpenteur
arpenteuses	fp	arpenteur
arpégé	ms	arpégé
arpégée	fs	arpégé
arpégées	fp	arpégé
arpégés	mp	arpégé
arqué	ms	arqué
arquée	fs	arqué
arquées	fp	arqué
arqués	mp	arqué
arrageoise	fs	arrageois
arrageoises	fp	arrageois
arrangeant	ms	arrangeant
arrangeante	fs	arrangeant
arrangeantes	fp	arrangeant
arrangeants	mp	arrangeant
arrivant	ms	arrivant
arrivante	fs	arrivant
arrivantes	fp	arrivant
arrivants	mp	arrivant
arrivé	ms	arrivé
arrivée	fs	arrivé
arrivées	fp	arrivé
arrivés	mp	arrivé
arriéré	ms	arriéré
arriérée	fs	arriéré
arriérées	fp	arriéré
arriérés	mp	arriéré
arrogant	ms	arrogant
arrogante	fs	arrogant
arrogantes	fp	arrogant
arrogants	mp	arrogant
arrondi	ms	arrondi
arrondie	fs	arrondi
arrondies	fp	arrondi
arrondis	mp	arrondi
arroseur	ms	arroseur
arroseurs	mp	arroseur
arroseuse	fs	arroseur
arroseuses	fp	arroseur
arrosé	ms	arrosé
arrosée	fs	arrosé
arrosées	fp	arrosé
arrosés	mp	arrosé
arsenical	ms	arsenical
arsenicale	fs	arsenical
arsenicales	fp	arsenical
arsenicaux	mp	arsenical
arsin	ms	arsin
arsine	fs	arsin
arsines	fp	arsin
arsins	mp	arsin
arsénieuse	fs	arsénieux
arsénieuses	fp	arsénieux
articulé	ms	articulé
articulée	fs	articulé
articulées	fp	articulé
articulés	mp	articulé
artificiel	ms	artificiel
artificielle	fs	artificiel
artificielles	fp	artificiel
artificiels	mp	artificiel
artificieuse	fs	artificieux
artificieuses	fp	artificieux
artisanal	ms	artisanal
artisanale	fs	artisanal
artisanales	fp	artisanal
artisanaux	mp	artisanal
artériel	ms	artériel
artérielle	fs	artériel
artérielles	fp	artériel
artériels	mp	artériel
artério-veineuse	fs	artério-veineux
artério-veineuses	fp	artério-veineux
artérioscléreuse	fs	artérioscléreux
artérioscléreuses	fp	artérioscléreux
artésien	ms	artésien
artésienne	fs	artésien
artésiennes	fp	artésien
artésiens	mp	artésien
aryen	ms	aryen
aryenne	fs	aryen
aryennes	fp	aryen
aryens	mp	aryen
arénacé	ms	arénacé
arénacée	fs	arénacé
arénacées	fp	arénacé
arénacés	mp	arénacé
aréolé	ms	aréolé
aréolée	fs	aréolé
aréolées	fp	aréolé
aréolés	mp	aréolé
ascendant	ms	ascendant
ascendante	fs	ascendant
ascendantes	fp	ascendant
ascendants	mp	ascendant
ascensionnel	ms	ascensionnel
ascensionnelle	fs	ascensionnel
ascensionnelles	fp	ascensionnel
ascensionnels	mp	ascensionnel
asexuel	ms	asexuel
asexuelle	fs	asexuel
asexuelles	fp	asexuel
asexuels	mp	asexuel
asexué	ms	asexué
asexuée	fs	asexué
asexuées	fp	asexué
asexués	mp	asexué
asinien	ms	asinien
asinienne	fs	asinien
asiniennes	fp	asinien
asiniens	mp	asinien
asocial	ms	asocial
asociale	fs	asocial
asociales	fp	asocial
asociaux	mp	asocial
asphyxiant	ms	asphyxiant
asphyxiante	fs	asphyxiant
asphyxiantes	fp	asphyxiant
asphyxiants	mp	asphyxiant
asphyxié	ms	asphyxié
asphyxiée	fs	asphyxié
asphyxiées	fp	asphyxié
asphyxiés	mp	asphyxié
aspirant	ms	aspirant
aspirante	fs	aspirant
aspirantes	fp	aspirant
aspirants	mp	aspirant
aspirateur	ms	aspirateur
aspirateurs	mp	aspirateur
aspiratrice	fs	aspirateur
aspiratrices	fp	aspirateur
aspiré	ms	aspiré
aspirée	fs	aspiré
aspirées	fp	aspiré
aspirés	mp	aspiré
assaillant	ms	assaillant
assaillante	fs	assaillant
assaillantes	fp	assaillant
assaillants	mp	assaillant
assainissant	ms	assainissant
assainissante	fs	assainissant
assainissantes	fp	assainissant
assainissants	mp	assainissant
assainisseur	ms	assainisseur
assainisseurs	mp	assainisseur
assainisseuse	fs	assainisseur
assainisseuses	fp	assainisseur
assaisonné	ms	assaisonné
assaisonnée	fs	assaisonné
assaisonnées	fp	assaisonné
assaisonnés	mp	assaisonné
assassin	ms	assassin
assassinant	ms	assassinant
assassinante	fs	assassinant
assassinantes	fp	assassinant
assassinants	mp	assassinant
assassine	fs	assassin
assassines	fp	assassin
assassins	mp	assassin
assermenté	ms	assermenté
assermentée	fs	assermenté
assermentées	fp	assermenté
assermentés	mp	assermenté
asservissant	ms	asservissant
asservissante	fs	asservissant
asservissantes	fp	asservissant
asservissants	mp	asservissant
asservisseur	ms	asservisseur
asservisseurs	mp	asservisseur
asservisseuse	fs	asservisseur
asservisseuses	fp	asservisseur
assidu	ms	assidu
assidue	fs	assidu
assidues	fp	assidu
assidus	mp	assidu
assidéen	ms	assidéen
assidéenne	fs	assidéen
assidéennes	fp	assidéen
assidéens	mp	assidéen
assimilateur	ms	assimilateur
assimilateurs	mp	assimilateur
assimilatrice	fs	assimilateur
assimilatrices	fp	assimilateur
assistant	ms	assistant
assistante	fs	assistant
assistantes	fp	assistant
assistants	mp	assistant
assisté	ms	assisté
assistée	fs	assisté
assistées	fp	assisté
assistés	mp	assisté
assiégeant	ms	assiégeant
assiégeante	fs	assiégeant
assiégeantes	fp	assiégeant
assiégeants	mp	assiégeant
assiégé	ms	assiégé
assiégée	fs	assiégé
assiégées	fp	assiégé
assiégés	mp	assiégé
associatif	ms	associatif
associatifs	mp	associatif
associative	fs	associatif
associatives	fp	associatif
assoiffé	ms	assoiffé
assoiffée	fs	assoiffé
assoiffées	fp	assoiffé
assoiffés	mp	assoiffé
assommant	ms	assommant
assommante	fs	assommant
assommantes	fp	assommant
assommants	mp	assommant
assonancé	ms	assonancé
assonancée	fs	assonancé
assonancées	fp	assonancé
assonancés	mp	assonancé
assonant	ms	assonant
assonante	fs	assonant
assonantes	fp	assonant
assonants	mp	assonant
assorti	ms	assorti
assortie	fs	assorti
assorties	fp	assorti
assortis	mp	assorti
assoupi	ms	assoupi
assoupie	fs	assoupi
assoupies	fp	assoupi
assoupis	mp	assoupi
assoupissant	ms	assoupissant
assoupissante	fs	assoupissant
assoupissantes	fp	assoupissant
assoupissants	mp	assoupissant
assourdissant	ms	assourdissant
assourdissante	fs	assourdissant
assourdissantes	fp	assourdissant
assourdissants	mp	assourdissant
assujetti	ms	assujetti
assujettie	fs	assujetti
assujetties	fp	assujetti
assujettis	mp	assujetti
assujettissant	ms	assujettissant
assujettissante	fs	assujettissant
assujettissantes	fp	assujettissant
assujettissants	mp	assujettissant
assyrien	ms	assyrien
assyrienne	fs	assyrien
assyriennes	fp	assyrien
assyriens	mp	assyrien
astral	ms	astral
astrale	fs	astral
astrales	fp	astral
astraux	mp	astral
astreignant	ms	astreignant
astreignante	fs	astreignant
astreignantes	fp	astreignant
astreignants	mp	astreignant
astringent	ms	astringent
astringente	fs	astringent
astringentes	fp	astringent
astringents	mp	astringent
astucieuse	fs	astucieux
astucieuses	fp	astucieux
asturien	ms	asturien
asturienne	fs	asturien
asturiennes	fp	asturien
asturiens	mp	asturien
atemporel	ms	atemporel
atemporelle	fs	atemporel
atemporelles	fp	atemporel
atemporels	mp	atemporel
athénien	ms	athénien
athénienne	fs	athénien
athéniennes	fp	athénien
athéniens	mp	athénien
atomisé	ms	atomisé
atomisée	fs	atomisé
atomisées	fp	atomisé
atomisés	mp	atomisé
atonal	ms	atonal
atonale	fs	atonal
atonales	fp	atonal
atonaux	mp	atonal
atrial	ms	atrial
atriale	fs	atrial
atriales	fp	atrial
atriaux	mp	atrial
atrophiant	ms	atrophiant
atrophiante	fs	atrophiant
atrophiantes	fp	atrophiant
atrophiants	mp	atrophiant
atrophié	ms	atrophié
atrophiée	fs	atrophié
atrophiées	fp	atrophié
atrophiés	mp	atrophié
attachant	ms	attachant
attachante	fs	attachant
attachantes	fp	attachant
attachants	mp	attachant
attaquant	ms	attaquant
attaquante	fs	attaquant
attaquantes	fp	attaquant
attaquants	mp	attaquant
attardé	ms	attardé
attardée	fs	attardé
attardées	fp	attardé
attardés	mp	attardé
atteint	ms	atteint
atteinte	fs	atteint
atteintes	fp	atteint
atteints	mp	atteint
attenant	ms	attenant
attenante	fs	attenant
attenantes	fp	attenant
attenants	mp	attenant
attendrissant	ms	attendrissant
attendrissante	fs	attendrissant
attendrissantes	fp	attendrissant
attendrissants	mp	attendrissant
attentif	ms	attentif
attentifs	mp	attentif
attentionné	ms	attentionné
attentionnée	fs	attentionné
attentionnées	fp	attentionné
attentionnés	mp	attentionné
attentive	fs	attentif
attentives	fp	attentif
atterrant	ms	atterrant
atterrante	fs	atterrant
atterrantes	fp	atterrant
atterrants	mp	atterrant
attirant	ms	attirant
attirante	fs	attirant
attirantes	fp	attirant
attirants	mp	attirant
attitré	ms	attitré
attitrée	fs	attitré
attitrées	fp	attitré
attitrés	mp	attitré
attractif	ms	attractif
attractifs	mp	attractif
attractive	fs	attractif
attractives	fp	attractif
attrayant	ms	attrayant
attrayante	fs	attrayant
attrayantes	fp	attrayant
attrayants	mp	attrayant
attributif	ms	attributif
attributifs	mp	attributif
attributive	fs	attributif
attributives	fp	attributif
attristant	ms	attristant
attristante	fs	attristant
attristantes	fp	attristant
attristants	mp	attristant
atténuant	ms	atténuant
atténuante	fs	atténuant
atténuantes	fp	atténuant
atténuants	mp	atténuant
atérien	ms	atérien
atérienne	fs	atérien
atériennes	fp	atérien
atériens	mp	atérien
auboise	fs	aubois
auboises	fp	aubois
auburnien	ms	auburnien
auburnienne	fs	auburnien
auburniennes	fp	auburnien
auburniens	mp	auburnien
auchoise	fs	auchois
auchoises	fp	auchois
aucun	ms	aucun
aucune	fs	aucun
aucunes	fp	aucun
aucuns	mp	aucun
audacieuse	fs	audacieux
audacieuses	fp	audacieux
audiencier	ms	audiencier
audienciers	mp	audiencier
audiencière	fs	audiencier
audiencières	fp	audiencier
audio-visuel	ms	audio-visuel
audio-visuelle	fs	audio-visuel
audio-visuelles	fp	audio-visuel
audio-visuels	mp	audio-visuel
audiovisuel	ms	audiovisuel
audiovisuelle	fs	audiovisuel
audiovisuelles	fp	audiovisuel
audiovisuels	mp	audiovisuel
audit	ms	audit
audite	fs	audit
audites	fp	audit
auditif	ms	auditif
auditifs	mp	auditif
auditive	fs	auditif
auditives	fp	auditif
audits	mp	audit
audoise	fs	audois
audoises	fp	audois
audomaroise	fs	audomarois
audomaroises	fp	audomarois
augeron	ms	augeron
augeronne	fs	augeron
augeronnes	fp	augeron
augerons	mp	augeron
augmentatif	ms	augmentatif
augmentatifs	mp	augmentatif
augmentative	fs	augmentatif
augmentatives	fp	augmentatif
augural	ms	augural
augurale	fs	augural
augurales	fp	augural
auguraux	mp	augural
augustinien	ms	augustinien
augustinienne	fs	augustinien
augustiniennes	fp	augustinien
augustiniens	mp	augustinien
aurignacien	ms	aurignacien
aurignacienne	fs	aurignacien
aurignaciennes	fp	aurignacien
aurignaciens	mp	aurignacien
auscitain	ms	auscitain
auscitaine	fs	auscitain
auscitaines	fp	auscitain
auscitains	mp	auscitain
austral	ms	austral
australe	fs	austral
australes	fp	austral
australien	ms	australien
australienne	fs	australien
australiennes	fp	australien
australiens	mp	australien
australs	mp	austral
auto-adhésif	ms	auto-adhésif
auto-adhésifs	mp	auto-adhésif
auto-adhésive	fs	auto-adhésif
auto-adhésives	fp	auto-adhésif
autocollant	ms	autocollant
autocollante	fs	autocollant
autocollantes	fp	autocollant
autocollants	mp	autocollant
autodestructeur	ms	autodestructeur
autodestructeurs	mp	autodestructeur
autodestructrice	fs	autodestructeur
autodestructrices	fp	autodestructeur
autoguidé	ms	autoguidé
autoguidée	fs	autoguidé
autoguidées	fp	autoguidé
autoguidés	mp	autoguidé
autogéré	ms	autogéré
autogérée	fs	autogéré
autogérées	fp	autogéré
autogérés	mp	autogéré
automnal	ms	automnal
automnale	fs	automnal
automnales	fp	automnal
automnaux	mp	automnal
automoteur	ms	automoteur
automoteurs	mp	automoteur
automotrice	fs	automoteur
automotrices	fp	automoteur
autonettoyant	ms	autonettoyant
autonettoyante	fs	autonettoyant
autonettoyantes	fp	autonettoyant
autonettoyants	mp	autonettoyant
autoportant	ms	autoportant
autoportante	fs	autoportant
autoportantes	fp	autoportant
autoportants	mp	autoportant
autoporteur	ms	autoporteur
autoporteurs	mp	autoporteur
autoporteuse	fs	autoporteur
autoporteuses	fp	autoporteur
autopropulsé	ms	autopropulsé
autopropulsée	fs	autopropulsé
autopropulsées	fp	autopropulsé
autopropulsés	mp	autopropulsé
autorisé	ms	autorisé
autorisée	fs	autorisé
autorisées	fp	autorisé
autorisés	mp	autorisé
autoroutier	ms	autoroutier
autoroutiers	mp	autoroutier
autoroutière	fs	autoroutier
autoroutières	fp	autoroutier
autorégulateur	ms	autorégulateur
autorégulateurs	mp	autorégulateur
autorégulatrice	fs	autorégulateur
autorégulatrices	fp	autorégulateur
autosuffisant	ms	autosuffisant
autosuffisante	fs	autosuffisant
autosuffisantes	fp	autosuffisant
autosuffisants	mp	autosuffisant
autrichien	ms	autrichien
autrichienne	fs	autrichien
autrichiennes	fp	autrichien
autrichiens	mp	autrichien
auvergnat	ms	auvergnat
auvergnate	fs	auvergnat
auvergnates	fp	auvergnat
auvergnats	mp	auvergnat
avachi	ms	avachi
avachie	fs	avachi
avachies	fp	avachi
avachis	mp	avachi
aval	ms	aval
avalant	ms	avalant
avalante	fs	avalant
avalantes	fp	avalant
avalants	mp	avalant
avale	fs	aval
avales	fp	aval
avaliseur	ms	avaliseur
avaliseurs	mp	avaliseur
avaliseuse	fs	avaliseur
avaliseuses	fp	avaliseur
avals	mp	aval
avalé	ms	avalé
avalée	fs	avalé
avalées	fp	avalé
avalés	mp	avalé
avancé	ms	avancé
avancée	fs	avancé
avancées	fp	avancé
avancés	mp	avancé
avant-coureur	ms	avant-coureur
avant-coureurs	mp	avant-coureur
avant-coureuse	fs	avant-coureur
avant-coureuses	fp	avant-coureur
avant-dernier	ms	avant-dernier
avant-derniers	mp	avant-dernier
avant-dernière	fs	avant-dernier
avant-dernières	fp	avant-dernier
avantageuse	fs	avantageux
avantageuses	fp	avantageux
avaricieuse	fs	avaricieux
avaricieuses	fp	avaricieux
avarié	ms	avarié
avariée	fs	avarié
avariées	fp	avarié
avariés	mp	avarié
avenant	ms	avenant
avenante	fs	avenant
avenantes	fp	avenant
avenants	mp	avenant
aventureuse	fs	aventureux
aventureuses	fp	aventureux
aventurier	ms	aventurier
aventuriers	mp	aventurier
aventurière	fs	aventurier
aventurières	fp	aventurier
aventuré	ms	aventuré
aventurée	fs	aventuré
aventurées	fp	aventuré
aventurés	mp	aventuré
avenu	ms	avenu
avenue	fs	avenu
avenues	fp	avenu
avenus	mp	avenu
averti	ms	averti
avertie	fs	averti
averties	fp	averti
avertis	mp	averti
avertisseur	ms	avertisseur
avertisseurs	mp	avertisseur
avertisseuse	fs	avertisseur
avertisseuses	fp	avertisseur
aveuglant	ms	aveuglant
aveuglante	fs	aveuglant
aveuglantes	fp	aveuglant
aveuglants	mp	aveuglant
aveyronnaise	fs	aveyronnais
aveyronnaises	fp	aveyronnais
avignonnaise	fs	avignonnais
avignonnaises	fp	avignonnais
avili	ms	avili
avilie	fs	avili
avilies	fp	avili
avilis	mp	avili
avilissant	ms	avilissant
avilissante	fs	avilissant
avilissantes	fp	avilissant
avilissants	mp	avilissant
aviné	ms	aviné
avinée	fs	aviné
avinées	fp	aviné
avinés	mp	aviné
avisé	ms	avisé
avisée	fs	avisé
avisées	fp	avisé
avisés	mp	avisé
avivé	ms	avivé
avivée	fs	avivé
avivées	fp	avivé
avivés	mp	avivé
avocassier	ms	avocassier
avocassiers	mp	avocassier
avocassière	fs	avocassier
avocassières	fp	avocassier
avoisinant	ms	avoisinant
avoisinante	fs	avoisinant
avoisinantes	fp	avoisinant
avoisinants	mp	avoisinant
axial	ms	axial
axiale	fs	axial
axiales	fp	axial
axiaux	mp	axial
azerbaïdjanaise	fs	azerbaïdjanais
azerbaïdjanaises	fp	azerbaïdjanais
azilien	ms	azilien
azilienne	fs	azilien
aziliennes	fp	azilien
aziliens	mp	azilien
azimutal	ms	azimutal
azimutale	fs	azimutal
azimutales	fp	azimutal
azimutaux	mp	azimutal
azimuté	ms	azimuté
azimutée	fs	azimuté
azimutées	fp	azimuté
azimutés	mp	azimuté
azoteuse	fs	azoteux
azoteuses	fp	azoteux
azoté	ms	azoté
azotée	fs	azoté
azotées	fp	azoté
azotés	mp	azoté
azuré	ms	azuré
azurée	fs	azuré
azurées	fp	azuré
azurés	mp	azuré
azéri	ms	azéri
azérie	fs	azéri
azéries	fp	azéri
azéris	mp	azéri
aérien	ms	aérien
aérienne	fs	aérien
aériennes	fp	aérien
aériens	mp	aérien
aéronaval	ms	aéronaval
aéronavale	fs	aéronaval
aéronavales	fp	aéronaval
aéronavals	mp	aéronaval
aéroporté	ms	aéroporté
aéroportée	fs	aéroporté
aéroportées	fp	aéroporté
aéroportés	mp	aéroporté
aérospatial	ms	aérospatial
aérospatiale	fs	aérospatial
aérospatiales	fp	aérospatial
aérospatiaux	mp	aérospatial
aéré	ms	aéré
aérée	fs	aéré
aérées	fp	aéré
aérés	mp	aéré
aîné	ms	aîné
aînée	fs	aîné
aînées	fp	aîné
aînés	mp	aîné
babi	ms	babi
babie	fs	babi
babies	fp	babi
babillard	ms	babillard
babillarde	fs	babillard
babillardes	fp	babillard
babillards	mp	babillard
babis	mp	babi
babylonien	ms	babylonien
babylonienne	fs	babylonien
babyloniennes	fp	babylonien
babyloniens	mp	babylonien
baconien	ms	baconien
baconienne	fs	baconien
baconiennes	fp	baconien
baconiens	mp	baconien
bactérien	ms	bactérien
bactérienne	fs	bactérien
bactériennes	fp	bactérien
bactériens	mp	bactérien
badaud	ms	badaud
badaude	fs	badaud
badaudes	fp	badaud
badauds	mp	badaud
badegoulien	ms	badegoulien
badegoulienne	fs	badegoulien
badegouliennes	fp	badegoulien
badegouliens	mp	badegoulien
badin	ms	badin
badine	fs	badin
badines	fp	badin
badins	mp	badin
badoise	fs	badois
badoises	fp	badois
bafouilleur	ms	bafouilleur
bafouilleurs	mp	bafouilleur
bafouilleuse	fs	bafouilleur
bafouilleuses	fp	bafouilleur
bagarreur	ms	bagarreur
bagarreurs	mp	bagarreur
bagarreuse	fs	bagarreur
bagarreuses	fp	bagarreur
bagué	ms	bagué
baguée	fs	bagué
baguées	fp	bagué
bagués	mp	bagué
baha'i	ms	baha'i
baha'ie	fs	baha'i
baha'ies	fp	baha'i
baha'is	mp	baha'i
bai	ms	bai
baie	fs	bai
baies	fp	bai
bais	mp	bai
baissant	ms	baissant
baissante	fs	baissant
baissantes	fp	baissant
baissants	mp	baissant
baissé	ms	baissé
baissée	fs	baissé
baissées	fp	baissé
baissés	mp	baissé
baladeur	ms	baladeur
baladeurs	mp	baladeur
baladeuse	fs	baladeur
baladeuses	fp	baladeur
balafré	ms	balafré
balafrée	fs	balafré
balafrées	fp	balafré
balafrés	mp	balafré
balaise	fs	balais
balaises	fp	balais
balancé	ms	balancé
balancée	fs	balancé
balancées	fp	balancé
balancés	mp	balancé
balbutiant	ms	balbutiant
balbutiante	fs	balbutiant
balbutiantes	fp	balbutiant
balbutiants	mp	balbutiant
baleinier	ms	baleinier
baleiniers	mp	baleinier
baleinière	fs	baleinier
baleinières	fp	baleinier
baleiné	ms	baleiné
baleinée	fs	baleiné
baleinées	fp	baleiné
baleinés	mp	baleiné
balinaise	fs	balinais
balinaises	fp	balinais
ballant	ms	ballant
ballante	fs	ballant
ballantes	fp	ballant
ballants	mp	ballant
ballonné	ms	ballonné
ballonnée	fs	ballonné
ballonnées	fp	ballonné
ballonnés	mp	ballonné
ballot	ms	ballot
ballots	mp	ballot
ballotte	fs	ballot
ballottes	fp	ballot
balourd	ms	balourd
balourde	fs	balourd
balourdes	fp	balourd
balourds	mp	balourd
balzacien	ms	balzacien
balzacienne	fs	balzacien
balzaciennes	fp	balzacien
balzaciens	mp	balzacien
balzan	ms	balzan
balzane	fs	balzan
balzanes	fp	balzan
balzans	mp	balzan
bambochard	ms	bambochard
bambocharde	fs	bambochard
bambochardes	fp	bambochard
bambochards	mp	bambochard
bambocheur	ms	bambocheur
bambocheurs	mp	bambocheur
bambocheuse	fs	bambocheur
bambocheuses	fp	bambocheur
bamiléké	ms	bamiléké
bamilékée	fs	bamiléké
bamilékées	fp	bamiléké
bamilékés	mp	bamiléké
banal	ms	banal
banale	fs	banal
banales	fp	banal
banalisé	ms	banalisé
banalisée	fs	banalisé
banalisées	fp	banalisé
banalisés	mp	banalisé
banals	mp	banal
bananier	ms	bananier
bananiers	mp	bananier
bananière	fs	bananier
bananières	fp	bananier
banaux	mp	banal
bancal	ms	bancal
bancale	fs	bancal
bancales	fp	bancal
bancals	mp	bancal
bandant	ms	bandant
bandante	fs	bandant
bandantes	fp	bandant
bandants	mp	bandant
bandé	ms	bandé
bandée	fs	bandé
bandées	fp	bandé
bandés	mp	bandé
banlieusard	ms	banlieusard
banlieusarde	fs	banlieusard
banlieusardes	fp	banlieusard
banlieusards	mp	banlieusard
banni	ms	banni
bannie	fs	banni
bannies	fp	banni
bannis	mp	banni
bantou	ms	bantou
bantoue	fs	bantou
bantoues	fp	bantou
bantous	mp	bantou
baptismal	ms	baptismal
baptismale	fs	baptismal
baptismales	fp	baptismal
baptismaux	mp	baptismal
baraqué	ms	baraqué
baraquée	fs	baraqué
baraquées	fp	baraqué
baraqués	mp	baraqué
baratineur	ms	baratineur
baratineurs	mp	baratineur
baratineuse	fs	baratineur
baratineuses	fp	baratineur
barbant	ms	barbant
barbante	fs	barbant
barbantes	fp	barbant
barbants	mp	barbant
barbelé	ms	barbelé
barbelée	fs	barbelé
barbelées	fp	barbelé
barbelés	mp	barbelé
barbifiant	ms	barbifiant
barbifiante	fs	barbifiant
barbifiantes	fp	barbifiant
barbifiants	mp	barbifiant
barbu	ms	barbu
barbue	fs	barbu
barbues	fp	barbu
barbus	mp	barbu
barcelonaise	fs	barcelonais
barcelonaises	fp	barcelonais
bardé	ms	bardé
bardée	fs	bardé
bardées	fp	bardé
bardés	mp	bardé
bariolé	ms	bariolé
bariolée	fs	bariolé
bariolées	fp	bariolé
bariolés	mp	bariolé
barlong	ms	barlong
barlongs	mp	barlong
barlongue	fs	barlong
barlongues	fp	barlong
barroise	fs	barrois
barroises	fp	barrois
barré	ms	barré
barrée	fs	barré
barrées	fp	barré
barrés	mp	barré
bas-jointé	ms	bas-jointé
bas-jointée	fs	bas-jointé
bas-jointées	fp	bas-jointé
bas-jointés	mp	bas-jointé
basal	ms	basal
basale	fs	basal
basales	fp	basal
basané	ms	basané
basanée	fs	basané
basanées	fp	basané
basanés	mp	basané
basaux	mp	basal
basculant	ms	basculant
basculante	fs	basculant
basculantes	fp	basculant
basculants	mp	basculant
basilical	ms	basilical
basilicale	fs	basilical
basilicales	fp	basilical
basilicaux	mp	basilical
basquaise	fs	basquais
basquaises	fp	basquais
bassamoise	fs	bassamois
bassamoises	fp	bassamois
basse	fs	bas
basses	fp	bas
bassinant	ms	bassinant
bassinante	fs	bassinant
bassinantes	fp	bassinant
bassinants	mp	bassinant
bastiaise	fs	bastiais
bastiaises	fp	bastiais
bastillé	ms	bastillé
bastillée	fs	bastillé
bastillées	fp	bastillé
bastillés	mp	bastillé
bastionné	ms	bastionné
bastionnée	fs	bastionné
bastionnées	fp	bastionné
bastionnés	mp	bastionné
batailleur	ms	batailleur
batailleurs	mp	batailleur
batailleuse	fs	batailleur
batailleuses	fp	batailleur
bataillé	ms	bataillé
bataillée	fs	bataillé
bataillées	fp	bataillé
bataillés	mp	bataillé
bateleur	ms	bateleur
bateleurs	mp	bateleur
bateleuse	fs	bateleur
bateleuses	fp	bateleur
bathyal	ms	bathyal
bathyale	fs	bathyal
bathyales	fp	bathyal
bathyaux	mp	bathyal
batifolant	ms	batifolant
batifolante	fs	batifolant
batifolantes	fp	batifolant
batifolants	mp	batifolant
battant	ms	battant
battante	fs	battant
battantes	fp	battant
battants	mp	battant
battu	ms	battu
battue	fs	battu
battues	fp	battu
battus	mp	battu
baudelairien	ms	baudelairien
baudelairienne	fs	baudelairien
baudelairiennes	fp	baudelairien
baudelairiens	mp	baudelairien
bavard	ms	bavard
bavarde	fs	bavard
bavardes	fp	bavard
bavards	mp	bavard
bavaroise	fs	bavarois
bavaroises	fp	bavarois
baveur	ms	baveur
baveurs	mp	baveur
baveuse	fs	baveur
baveuse	fs	baveux
baveuses	fp	baveur
baveuses	fp	baveux
bayésien	ms	bayésien
bayésienne	fs	bayésien
bayésiennes	fp	bayésien
bayésiens	mp	bayésien
beau	ms	beau
beauceron	ms	beauceron
beauceronne	fs	beauceron
beauceronnes	fp	beauceron
beaucerons	mp	beauceron
beauvaisien	ms	beauvaisien
beauvaisienne	fs	beauvaisien
beauvaisiennes	fp	beauvaisien
beauvaisiens	mp	beauvaisien
beauvaisin	ms	beauvaisin
beauvaisinne	fs	beauvaisin
beauvaisinnes	fp	beauvaisin
beauvaisins	mp	beauvaisin
beauvoirien	ms	beauvoirien
beauvoirienne	fs	beauvoirien
beauvoiriennes	fp	beauvoirien
beauvoiriens	mp	beauvoirien
beaux	mp	beau
becqué	ms	becqué
becquée	fs	becqué
becquées	fp	becqué
becqués	mp	becqué
bedonnant	ms	bedonnant
bedonnante	fs	bedonnant
bedonnantes	fp	bedonnant
bedonnants	mp	bedonnant
bel	ms	beau
belgradoise	fs	belgradois
belgradoises	fp	belgradois
belle	fs	beau
belles	fp	beau
bellifontain	ms	bellifontain
bellifontaine	fs	bellifontain
bellifontaines	fp	bellifontain
bellifontains	mp	bellifontain
belligérant	ms	belligérant
belligérante	fs	belligérant
belligérantes	fp	belligérant
belligérants	mp	belligérant
belliqueuse	fs	belliqueux
belliqueuses	fp	belliqueux
bengalaise	fs	bengalais
bengalaises	fp	bengalais
benoît	ms	benoît
benoîte	fs	benoît
benoîtes	fp	benoît
benoîts	mp	benoît
benêt	ms	benêt
benête	fs	benêt
benêtes	fp	benêt
benêts	mp	benêt
berceur	ms	berceur
berceurs	mp	berceur
berceuse	fs	berceur
berceuses	fp	berceur
bergsonien	ms	bergsonien
bergsonienne	fs	bergsonien
bergsoniennes	fp	bergsonien
bergsoniens	mp	bergsonien
berlinoise	fs	berlinois
berlinoises	fp	berlinois
berlusconien	ms	berlusconien
berlusconienne	fs	berlusconien
berlusconiennes	fp	berlusconien
berlusconiens	mp	berlusconien
bernoise	fs	bernois
bernoises	fp	bernois
berrichon	ms	berrichon
berrichonne	fs	berrichon
berrichonnes	fp	berrichon
berrichons	mp	berrichon
berruyer	ms	berruyer
berruyers	mp	berruyer
berruyère	fs	berruyer
berruyères	fp	berruyer
berçant	ms	berçant
berçante	fs	berçant
berçantes	fp	berçant
berçants	mp	berçant
besogneuse	fs	besogneux
besogneuses	fp	besogneux
besson	ms	besson
bessonne	fs	besson
bessonnes	fp	besson
bessons	mp	besson
bestial	ms	bestial
bestiale	fs	bestial
bestiales	fp	bestial
bestiaux	mp	bestial
betteravier	ms	betteravier
betteraviers	mp	betteravier
betteravière	fs	betteravier
betteravières	fp	betteravier
beurrier	ms	beurrier
beurriers	mp	beurrier
beurrière	fs	beurrier
beurrières	fp	beurrier
beurré	ms	beurré
beurrée	fs	beurré
beurrées	fp	beurré
beurrés	mp	beurré
beylical	ms	beylical
beylicale	fs	beylical
beylicales	fp	beylical
beylicaux	mp	beylical
biacromial	ms	biacromial
biacromiale	fs	biacromial
biacromiales	fp	biacromial
biacromials	mp	biacromial
biacuminé	ms	biacuminé
biacuminée	fs	biacuminé
biacuminées	fp	biacuminé
biacuminés	mp	biacuminé
biafraise	fs	biafrais
biafraises	fp	biafrais
biaise	fs	biais
biaises	fp	biais
biarrot	ms	biarrot
biarrote	fs	biarrot
biarrotes	fp	biarrot
biarrots	mp	biarrot
bicaméral	ms	bicaméral
bicamérale	fs	bicaméral
bicamérales	fp	bicaméral
bicaméraux	mp	bicaméral
bicarré	ms	bicarré
bicarrée	fs	bicarré
bicarrées	fp	bicarré
bicarrés	mp	bicarré
biculturel	ms	biculturel
biculturelle	fs	biculturel
biculturelles	fp	biculturel
biculturels	mp	biculturel
bidonnant	ms	bidonnant
bidonnante	fs	bidonnant
bidonnantes	fp	bidonnant
bidonnants	mp	bidonnant
bien venu	ms	bien venu
bien venue	fs	bien venu
bien venues	fp	bien venu
bien venus	mp	bien venu
bien-aimé	ms	bien-aimé
bien-aimée	fs	bien-aimé
bien-aimées	fp	bien-aimé
bien-aimés	mp	bien-aimé
bien-fondé	ms	bien-fondé
bien-fondée	fs	bien-fondé
bien-fondées	fp	bien-fondé
bien-fondés	mp	bien-fondé
bien-pensant	ms	bien-pensant
bien-pensante	fs	bien-pensant
bien-pensantes	fp	bien-pensant
bien-pensants	mp	bien-pensant
bienfaisant	ms	bienfaisant
bienfaisante	fs	bienfaisant
bienfaisantes	fp	bienfaisant
bienfaisants	mp	bienfaisant
bienfaiteur	ms	bienfaiteur
bienfaiteurs	mp	bienfaiteur
bienfaitrice	fs	bienfaiteur
bienfaitrices	fp	bienfaiteur
bienheureuse	fs	bienheureux
bienheureuses	fp	bienheureux
biennal	ms	biennal
biennale	fs	biennal
biennales	fp	biennal
biennaux	mp	biennal
bienséant	ms	bienséant
bienséante	fs	bienséant
bienséantes	fp	bienséant
bienséants	mp	bienséant
bienveillant	ms	bienveillant
bienveillante	fs	bienveillant
bienveillantes	fp	bienveillant
bienveillants	mp	bienveillant
bienvenu	ms	bienvenu
bienvenue	fs	bienvenu
bienvenues	fp	bienvenu
bienvenus	mp	bienvenu
bifocal	ms	bifocal
bifocale	fs	bifocal
bifocales	fp	bifocal
bifocaux	mp	bifocal
bifoliolé	ms	bifoliolé
bifoliolée	fs	bifoliolé
bifoliolées	fp	bifoliolé
bifoliolés	mp	bifoliolé
bifurqué	ms	bifurqué
bifurquée	fs	bifurqué
bifurquées	fp	bifurqué
bifurqués	mp	bifurqué
bigarré	ms	bigarré
bigarrée	fs	bigarré
bigarrées	fp	bigarré
bigarrés	mp	bigarré
bigleuse	fs	bigleux
bigleuses	fp	bigleux
bigot	ms	bigot
bigote	fs	bigot
bigotes	fp	bigot
bigots	mp	bigot
bigourdan	ms	bigourdan
bigourdane	fs	bigourdan
bigourdanes	fp	bigourdan
bigourdans	mp	bigourdan
bijectif	ms	bijectif
bijectifs	mp	bijectif
bijective	fs	bijectif
bijectives	fp	bijectif
bilabial	ms	bilabial
bilabiale	fs	bilabial
bilabiales	fp	bilabial
bilabiaux	mp	bilabial
bilabié	ms	bilabié
bilabiée	fs	bilabié
bilabiées	fp	bilabié
bilabiés	mp	bilabié
bilatéral	ms	bilatéral
bilatérale	fs	bilatéral
bilatérales	fp	bilatéral
bilatéraux	mp	bilatéral
bileuse	fs	bileux
bileuses	fp	bileux
bilieuse	fs	bilieux
bilieuses	fp	bilieux
bilio-digestif	ms	bilio-digestif
bilio-digestifs	mp	bilio-digestif
bilio-digestive	fs	bilio-digestif
bilio-digestives	fp	bilio-digestif
bilié	ms	bilié
biliée	fs	bilié
biliées	fp	bilié
biliés	mp	bilié
billeté	ms	billeté
billetée	fs	billeté
billetées	fp	billeté
billetés	mp	billeté
bilobé	ms	bilobé
bilobée	fs	bilobé
bilobées	fp	bilobé
bilobés	mp	bilobé
bimensuel	ms	bimensuel
bimensuelle	fs	bimensuel
bimensuelles	fp	bimensuel
bimensuels	mp	bimensuel
bimestriel	ms	bimestriel
bimestrielle	fs	bimestriel
bimestrielles	fp	bimestriel
bimestriels	mp	bimestriel
bimoteur	ms	bimoteur
bimoteurs	mp	bimoteur
bimotrice	fs	bimoteur
bimotrices	fp	bimoteur
binational	ms	binational
binationale	fs	binational
binationales	fp	binational
binationaux	mp	binational
binaural	ms	binaural
binaurale	fs	binaural
binaurales	fp	binaural
binauraux	mp	binaural
binoclard	ms	binoclard
binoclarde	fs	binoclard
binoclardes	fp	binoclard
binoclards	mp	binoclard
binomial	ms	binomial
binomiale	fs	binomial
binomiales	fp	binomial
binomiaux	mp	binomial
biomédical	ms	biomédical
biomédicale	fs	biomédical
biomédicales	fp	biomédical
biomédicaux	mp	biomédical
biovulé	ms	biovulé
biovulée	fs	biovulé
biovulées	fp	biovulé
biovulés	mp	biovulé
biparti	ms	biparti
bipartie	fs	biparti
biparties	fp	biparti
bipartis	mp	biparti
bipenné	ms	bipenné
bipennée	fs	bipenné
bipennées	fp	bipenné
bipennés	mp	bipenné
biphasé	ms	biphasé
biphasée	fs	biphasé
biphasées	fp	biphasé
biphasés	mp	biphasé
biplan	ms	biplan
biplane	fs	biplan
biplanes	fp	biplan
biplans	mp	biplan
bipolarisé	ms	bipolarisé
bipolarisée	fs	bipolarisé
bipolarisées	fp	bipolarisé
bipolarisés	mp	bipolarisé
biquotidien	ms	biquotidien
biquotidienne	fs	biquotidien
biquotidiennes	fp	biquotidien
biquotidiens	mp	biquotidien
birman	ms	birman
birmane	fs	birman
birmanes	fp	birman
birmans	mp	birman
biréfringent	ms	biréfringent
biréfringente	fs	biréfringent
biréfringentes	fp	biréfringent
biréfringents	mp	biréfringent
bisannuel	ms	bisannuel
bisannuelle	fs	bisannuel
bisannuelles	fp	bisannuel
bisannuels	mp	bisannuel
biscayen	ms	biscayen
biscayenne	fs	biscayen
biscayennes	fp	biscayen
biscayens	mp	biscayen
biscaïen	ms	biscaïen
biscaïenne	fs	biscaïen
biscaïennes	fp	biscaïen
biscaïens	mp	biscaïen
biscornu	ms	biscornu
biscornue	fs	biscornu
biscornues	fp	biscornu
biscornus	mp	biscornu
biscuité	ms	biscuité
biscuitée	fs	biscuité
biscuitées	fp	biscuité
biscuités	mp	biscuité
biset	ms	biset
bisexuel	ms	bisexuel
bisexuelle	fs	bisexuel
bisexuelles	fp	bisexuel
bisexuels	mp	bisexuel
bisexué	ms	bisexué
bisexuée	fs	bisexué
bisexuées	fp	bisexué
bisexués	mp	bisexué
bisontin	ms	bisontin
bisontine	fs	bisontin
bisontines	fp	bisontin
bisontins	mp	bisontin
bissecteur	ms	bissecteur
bissecteurs	mp	bissecteur
bissectrice	fs	bissecteur
bissectrices	fp	bissecteur
bissexuel	ms	bissexuel
bissexuelle	fs	bissexuel
bissexuelles	fp	bissexuel
bissexuels	mp	bissexuel
bissexué	ms	bissexué
bissexuée	fs	bissexué
bissexuées	fp	bissexué
bissexués	mp	bissexué
bistré	ms	bistré
bistrée	fs	bistré
bistrées	fp	bistré
bistrés	mp	bistré
biterroise	fs	biterrois
biterroises	fp	biterrois
bitonal	ms	bitonal
bitonale	fs	bitonal
bitonales	fp	bitonal
bitonaux	mp	bitonal
bitumeuse	fs	bitumeux
bitumeuses	fp	bitumeux
bitumineuse	fs	bitumineux
bitumineuses	fp	bitumineux
bivalent	ms	bivalent
bivalente	fs	bivalent
bivalentes	fp	bivalent
bivalents	mp	bivalent
bizertin	ms	bizertin
bizertine	fs	bizertin
bizertines	fp	bizertin
bizertins	mp	bizertin
blafard	ms	blafard
blafarde	fs	blafard
blafardes	fp	blafard
blafards	mp	blafard
blagueur	ms	blagueur
blagueurs	mp	blagueur
blagueuse	fs	blagueur
blagueuses	fp	blagueur
blanc	ms	blanc
blanche	fs	blanc
blanches	fp	blanc
blanchissant	ms	blanchissant
blanchissante	fs	blanchissant
blanchissantes	fp	blanchissant
blanchissants	mp	blanchissant
blancs	mp	blanc
blasphémateur	ms	blasphémateur
blasphémateurs	mp	blasphémateur
blasphématrice	fs	blasphémateur
blasphématrices	fp	blasphémateur
blasé	ms	blasé
blasée	fs	blasé
blasées	fp	blasé
blasés	mp	blasé
blessant	ms	blessant
blessante	fs	blessant
blessantes	fp	blessant
blessants	mp	blessant
blessé	ms	blessé
blessée	fs	blessé
blessées	fp	blessé
blessés	mp	blessé
blet	ms	blet
blets	mp	blet
blette	fs	blet
blettes	fp	blet
bleu	ms	bleu
bleue	fs	bleu
bleues	fp	bleu
bleus	mp	bleu
bleuté	ms	bleuté
bleutée	fs	bleuté
bleutées	fp	bleuté
bleutés	mp	bleuté
blindé	ms	blindé
blindée	fs	blindé
blindées	fp	blindé
blindés	mp	blindé
blond	ms	blond
blonde	fs	blond
blondes	fp	blond
blondi	ms	blondi
blondie	fs	blondi
blondies	fp	blondi
blondin	ms	blondin
blondine	fs	blondin
blondines	fp	blondin
blondinet	ms	blondinet
blondinets	mp	blondinet
blondinette	fs	blondinet
blondinettes	fp	blondinet
blondins	mp	blondin
blondis	mp	blondi
blondissant	ms	blondissant
blondissante	fs	blondissant
blondissantes	fp	blondissant
blondissants	mp	blondissant
blonds	mp	blond
bloquant	ms	bloquant
bloquante	fs	bloquant
bloquantes	fp	bloquant
bloquants	mp	bloquant
blousant	ms	blousant
blousante	fs	blousant
blousantes	fp	blousant
blousants	mp	blousant
bluffeur	ms	bluffeur
bluffeurs	mp	bluffeur
bluffeuse	fs	bluffeur
bluffeuses	fp	bluffeur
blésoise	fs	blésois
blésoises	fp	blésois
blêmissant	ms	blêmissant
blêmissante	fs	blêmissant
blêmissantes	fp	blêmissant
blêmissants	mp	blêmissant
bocager	ms	bocager
bocagers	mp	bocager
bocagère	fs	bocager
bocagères	fp	bocager
bogotanaise	fs	bogotanais
bogotanaises	fp	bogotanais
bohémien	ms	bohémien
bohémienne	fs	bohémien
bohémiennes	fp	bohémien
bohémiens	mp	bohémien
boisé	ms	boisé
boisée	fs	boisé
boisées	fp	boisé
boisés	mp	boisé
boiteuse	fs	boiteux
boiteuses	fp	boiteux
boitillant	ms	boitillant
boitillante	fs	boitillant
boitillantes	fp	boitillant
boitillants	mp	boitillant
bolivarien	ms	bolivarien
bolivarienne	fs	bolivarien
bolivariennes	fp	bolivarien
bolivariens	mp	bolivarien
bolivien	ms	bolivien
bolivienne	fs	bolivien
boliviennes	fp	bolivien
boliviens	mp	bolivien
bolonaise	fs	bolonais
bolonaises	fp	bolonais
bombé	ms	bombé
bombée	fs	bombé
bombées	fp	bombé
bombés	mp	bombé
bon	ms	bon
bondissant	ms	bondissant
bondissante	fs	bondissant
bondissantes	fp	bondissant
bondissants	mp	bondissant
bondé	ms	bondé
bondée	fs	bondé
bondées	fp	bondé
bondés	mp	bondé
bonifié	ms	bonifié
bonifiée	fs	bonifié
bonifiées	fp	bonifié
bonifiés	mp	bonifié
bonne	fs	bon
bonnes	fp	bon
bonnetier	ms	bonnetier
bonnetiers	mp	bonnetier
bonnetière	fs	bonnetier
bonnetières	fp	bonnetier
bons	mp	bon
boolien	ms	boolien
boolienne	fs	boolien
booliennes	fp	boolien
booliens	mp	boolien
booléen	ms	booléen
booléenne	fs	booléen
booléennes	fp	booléen
booléens	mp	booléen
boosté	ms	boosté
boostée	fs	boosté
boostées	fp	boosté
boostés	mp	boosté
borain	ms	borain
boraine	fs	borain
boraines	fp	borain
borains	mp	borain
boraté	ms	boraté
boratée	fs	boraté
boratées	fp	boraté
boratés	mp	boraté
bordant	ms	bordant
bordante	fs	bordant
bordantes	fp	bordant
bordants	mp	bordant
bordelaise	fs	bordelais
bordelaises	fp	bordelais
bordier	ms	bordier
bordiers	mp	bordier
bordière	fs	bordier
bordières	fp	bordier
borin	ms	borin
borine	fs	borin
borines	fp	borin
borins	mp	borin
boriqué	ms	boriqué
boriquée	fs	boriqué
boriquées	fp	boriqué
boriqués	mp	boriqué
borné	ms	borné
bornée	fs	borné
bornées	fp	borné
bornés	mp	borné
boré	ms	boré
boréal	ms	boréal
boréale	fs	boréal
boréales	fp	boréal
boréals	mp	boréal
borée	fs	boré
borées	fp	boré
borés	mp	boré
boscot	ms	boscot
boscots	mp	boscot
boscotte	fs	boscot
boscottes	fp	boscot
bosnien	ms	bosnien
bosnienne	fs	bosnien
bosniennes	fp	bosnien
bosniens	mp	bosnien
bosselé	ms	bosselé
bosselée	fs	bosselé
bosselées	fp	bosselé
bosselés	mp	bosselé
bossu	ms	bossu
bossue	fs	bossu
bossues	fp	bossu
bossus	mp	bossu
bostonien	ms	bostonien
bostonienne	fs	bostonien
bostoniennes	fp	bostonien
bostoniens	mp	bostonien
bot	ms	bot
bote	fs	bot
botes	fp	bot
bots	mp	bot
botteleur	ms	botteleur
botteleurs	mp	botteleur
botteleuse	fs	botteleur
botteleuses	fp	botteleur
boucher	ms	boucher
bouchers	mp	boucher
bouchonné	ms	bouchonné
bouchonnée	fs	bouchonné
bouchonnées	fp	bouchonné
bouchonnés	mp	bouchonné
bouchère	fs	boucher
bouchères	fp	boucher
bouché	ms	bouché
bouchée	fs	bouché
bouchées	fp	bouché
bouchés	mp	bouché
bouclant	ms	bouclant
bouclante	fs	bouclant
bouclantes	fp	bouclant
bouclants	mp	bouclant
bouclé	ms	bouclé
bouclée	fs	bouclé
bouclées	fp	bouclé
bouclés	mp	bouclé
boudeur	ms	boudeur
boudeurs	mp	boudeur
boudeuse	fs	boudeur
boudeuses	fp	boudeur
boudiné	ms	boudiné
boudinée	fs	boudiné
boudinées	fp	boudiné
boudinés	mp	boudiné
boueuse	fs	boueux
boueuses	fp	boueux
bouffant	ms	bouffant
bouffante	fs	bouffant
bouffantes	fp	bouffant
bouffants	mp	bouffant
bouffi	ms	bouffi
bouffie	fs	bouffi
bouffies	fp	bouffi
bouffis	mp	bouffi
bouffon	ms	bouffon
bouffonne	fs	bouffon
bouffonnes	fp	bouffon
bouffons	mp	bouffon
bougon	ms	bougon
bougonne	fs	bougon
bougonnes	fp	bougon
bougonneur	ms	bougonneur
bougonneurs	mp	bougonneur
bougonneuse	fs	bougonneur
bougonneuses	fp	bougonneur
bougons	mp	bougon
bouillant	ms	bouillant
bouillante	fs	bouillant
bouillantes	fp	bouillant
bouillants	mp	bouillant
bouilli	ms	bouilli
bouillie	fs	bouilli
bouillies	fp	bouilli
bouillis	mp	bouilli
bouillonnant	ms	bouillonnant
bouillonnante	fs	bouillonnant
bouillonnantes	fp	bouillonnant
bouillonnants	mp	bouillonnant
boulant	ms	boulant
boulante	fs	boulant
boulantes	fp	boulant
boulants	mp	boulant
bouleté	ms	bouleté
bouletée	fs	bouleté
bouletées	fp	bouleté
bouletés	mp	bouleté
boulevardier	ms	boulevardier
boulevardiers	mp	boulevardier
boulevardière	fs	boulevardier
boulevardières	fp	boulevardier
bouleversant	ms	bouleversant
bouleversante	fs	bouleversant
bouleversantes	fp	bouleversant
bouleversants	mp	bouleversant
boulinier	ms	boulinier
bouliniers	mp	boulinier
boulinière	fs	boulinier
boulinières	fp	boulinier
boulonnaise	fs	boulonnais
boulonnaises	fp	boulonnais
bourbeuse	fs	bourbeux
bourbeuses	fp	bourbeux
bourbonien	ms	bourbonien
bourbonienne	fs	bourbonien
bourboniennes	fp	bourbonien
bourboniens	mp	bourbonien
bourbonnaise	fs	bourbonnais
bourbonnaises	fp	bourbonnais
bourdonnant	ms	bourdonnant
bourdonnante	fs	bourdonnant
bourdonnantes	fp	bourdonnant
bourdonnants	mp	bourdonnant
bourdonné	ms	bourdonné
bourdonnée	fs	bourdonné
bourdonnées	fp	bourdonné
bourdonnés	mp	bourdonné
bourgeoise	fs	bourgeois
bourgeoises	fp	bourgeois
bourgeoisial	ms	bourgeoisial
bourgeoisiale	fs	bourgeoisial
bourgeoisiales	fp	bourgeoisial
bourgeoisiaux	mp	bourgeoisial
bourgeonnant	ms	bourgeonnant
bourgeonnante	fs	bourgeonnant
bourgeonnantes	fp	bourgeonnant
bourgeonnants	mp	bourgeonnant
bourguignon	ms	bourguignon
bourguignonne	fs	bourguignon
bourguignonnes	fp	bourguignon
bourguignons	mp	bourguignon
bourlingueur	ms	bourlingueur
bourlingueurs	mp	bourlingueur
bourlingueuse	fs	bourlingueur
bourlingueuses	fp	bourlingueur
bourrant	ms	bourrant
bourrante	fs	bourrant
bourrantes	fp	bourrant
bourrants	mp	bourrant
bourratif	ms	bourratif
bourratifs	mp	bourratif
bourrative	fs	bourratif
bourratives	fp	bourratif
bourrelé	ms	bourrelé
bourrelée	fs	bourrelé
bourrelées	fp	bourrelé
bourrelés	mp	bourrelé
bourru	ms	bourru
bourrue	fs	bourru
bourrues	fp	bourru
bourrus	mp	bourru
bourré	ms	bourré
bourrée	fs	bourré
bourrées	fp	bourré
bourrés	mp	bourré
boursicoteur	ms	boursicoteur
boursicoteurs	mp	boursicoteur
boursicoteuse	fs	boursicoteur
boursicoteuses	fp	boursicoteur
boursicotier	ms	boursicotier
boursicotiers	mp	boursicotier
boursicotière	fs	boursicotier
boursicotières	fp	boursicotier
boursier	ms	boursier
boursiers	mp	boursier
boursière	fs	boursier
boursières	fp	boursier
boursouflé	ms	boursouflé
boursouflée	fs	boursouflé
boursouflées	fp	boursouflé
boursouflés	mp	boursouflé
boutant	ms	boutant
boutante	fs	boutant
boutantes	fp	boutant
boutants	mp	boutant
boutiquier	ms	boutiquier
boutiquiers	mp	boutiquier
boutiquière	fs	boutiquier
boutiquières	fp	boutiquier
boutonneuse	fs	boutonneux
boutonneuses	fp	boutonneux
boutonné	ms	boutonné
boutonnée	fs	boutonné
boutonnées	fp	boutonné
boutonnés	mp	boutonné
bouvier	ms	bouvier
bouviers	mp	bouvier
bouvière	fs	bouvier
bouvières	fp	bouvier
bovin	ms	bovin
bovine	fs	bovin
bovines	fp	bovin
bovins	mp	bovin
boycotteur	ms	boycotteur
boycotteurs	mp	boycotteur
boycotteuse	fs	boycotteur
boycotteuses	fp	boycotteur
brabançon	ms	brabançon
brabançonne	fs	brabançon
brabançonnes	fp	brabançon
brabançons	mp	brabançon
brachial	ms	brachial
brachiale	fs	brachial
brachiales	fp	brachial
brachiaux	mp	brachial
braconnier	ms	braconnier
braconniers	mp	braconnier
braconnière	fs	braconnier
braconnières	fp	braconnier
bractéal	ms	bractéal
bractéale	fs	bractéal
bractéales	fp	bractéal
bractéaux	mp	bractéal
braillard	ms	braillard
braillarde	fs	braillard
braillardes	fp	braillard
braillards	mp	braillard
brailleur	ms	brailleur
brailleurs	mp	brailleur
brailleuse	fs	brailleur
brailleuses	fp	brailleur
branchial	ms	branchial
branchiale	fs	branchial
branchiales	fp	branchial
branchiaux	mp	branchial
branchu	ms	branchu
branchue	fs	branchu
branchues	fp	branchu
branchus	mp	branchu
branché	ms	branché
branchée	fs	branché
branchées	fp	branché
branchés	mp	branché
brandebourgeoise	fs	brandebourgeois
brandebourgeoises	fp	brandebourgeois
branlant	ms	branlant
branlante	fs	branlant
branlantes	fp	branlant
branlants	mp	branlant
brechtien	ms	brechtien
brechtienne	fs	brechtien
brechtiennes	fp	brechtien
brechtiens	mp	brechtien
bredouillant	ms	bredouillant
bredouillante	fs	bredouillant
bredouillantes	fp	bredouillant
bredouillants	mp	bredouillant
bredouilleur	ms	bredouilleur
bredouilleurs	mp	bredouilleur
bredouilleuse	fs	bredouilleur
bredouilleuses	fp	bredouilleur
bref	ms	bref
brefs	mp	bref
brejnévien	ms	brejnévien
brejnévienne	fs	brejnévien
brejnéviennes	fp	brejnévien
brejnéviens	mp	brejnévien
bressan	ms	bressan
bressane	fs	bressan
bressanes	fp	bressan
bressans	mp	bressan
brestoise	fs	brestois
brestoises	fp	brestois
bretessé	ms	bretessé
bretessée	fs	bretessé
bretessées	fp	bretessé
bretessés	mp	bretessé
breton	ms	breton
bretonnant	ms	bretonnant
bretonnante	fs	bretonnant
bretonnantes	fp	bretonnant
bretonnants	mp	bretonnant
bretonne	fs	breton
bretonnes	fp	breton
bretons	mp	breton
breveté	ms	breveté
brevetée	fs	breveté
brevetées	fp	breveté
brevetés	mp	breveté
briançonnaise	fs	briançonnais
briançonnaises	fp	briançonnais
briard	ms	briard
briarde	fs	briard
briardes	fp	briard
briards	mp	briard
bridgé	ms	bridgé
bridgée	fs	bridgé
bridgées	fp	bridgé
bridgés	mp	bridgé
bridé	ms	bridé
bridée	fs	bridé
bridées	fp	bridé
bridés	mp	bridé
brillant	ms	brillant
brillante	fs	brillant
brillantes	fp	brillant
brillants	mp	brillant
bringuebalant	ms	bringuebalant
bringuebalante	fs	bringuebalant
bringuebalantes	fp	bringuebalant
bringuebalants	mp	bringuebalant
briochin	ms	briochin
briochine	fs	briochin
briochines	fp	briochin
briochins	mp	briochin
brioché	ms	brioché
briochée	fs	brioché
briochées	fp	brioché
briochés	mp	brioché
briqué	ms	briqué
briquée	fs	briqué
briquées	fp	briqué
briqués	mp	briqué
brisant	ms	brisant
brisante	fs	brisant
brisantes	fp	brisant
brisants	mp	brisant
brisé	ms	brisé
brisée	fs	brisé
brisées	fp	brisé
brisés	mp	brisé
brivadoise	fs	brivadois
brivadoises	fp	brivadois
brochant	ms	brochant
brochante	fs	brochant
brochantes	fp	brochant
brochants	mp	brochant
brocheur	ms	brocheur
brocheurs	mp	brocheur
brocheuse	fs	brocheur
brocheuses	fp	brocheur
broché	ms	broché
brochée	fs	broché
brochées	fp	broché
brochés	mp	broché
bromé	ms	bromé
bromée	fs	bromé
bromées	fp	bromé
bromés	mp	bromé
bronchiteuse	fs	bronchiteux
bronchiteuses	fp	bronchiteux
bronzant	ms	bronzant
bronzante	fs	bronzant
bronzantes	fp	bronzant
bronzants	mp	bronzant
bronzé	ms	bronzé
bronzée	fs	bronzé
bronzées	fp	bronzé
bronzés	mp	bronzé
brouilleur	ms	brouilleur
brouilleurs	mp	brouilleur
brouilleuse	fs	brouilleur
brouilleuses	fp	brouilleur
brouillon	ms	brouillon
brouillonne	fs	brouillon
brouillonnes	fp	brouillon
brouillons	mp	brouillon
brouillé	ms	brouillé
brouillée	fs	brouillé
brouillées	fp	brouillé
brouillés	mp	brouillé
broussailleuse	fs	broussailleux
broussailleuses	fp	broussailleux
broutant	ms	broutant
broutante	fs	broutant
broutantes	fp	broutant
broutants	mp	broutant
brownien	ms	brownien
brownienne	fs	brownien
browniennes	fp	brownien
browniens	mp	brownien
broyeur	ms	broyeur
broyeurs	mp	broyeur
broyeuse	fs	broyeur
broyeuses	fp	broyeur
bruineuse	fs	bruineux
bruineuses	fp	bruineux
bruissant	ms	bruissant
bruissante	fs	bruissant
bruissantes	fp	bruissant
bruissants	mp	bruissant
brumeuse	fs	brumeux
brumeuses	fp	brumeux
brun	ms	brun
brune	fs	brun
brunes	fp	brun
brunet	ms	brunet
brunets	mp	brunet
brunette	fs	brunet
brunettes	fp	brunet
bruni	ms	bruni
brunie	fs	bruni
brunies	fp	bruni
brunis	mp	bruni
brunissant	ms	brunissant
brunissante	fs	brunissant
brunissantes	fp	brunissant
brunissants	mp	brunissant
bruns	mp	brun
brut	ms	brut
brutal	ms	brutal
brutale	fs	brutal
brutales	fp	brutal
brutaux	mp	brutal
brute	fs	brut
brutes	fp	brut
bruts	mp	brut
bruxelloise	fs	bruxellois
bruxelloises	fp	bruxellois
bruyant	ms	bruyant
bruyante	fs	bruyant
bruyantes	fp	bruyant
bruyants	mp	bruyant
brève	fs	bref
brèves	fp	bref
brésilien	ms	brésilien
brésilienne	fs	brésilien
brésiliennes	fp	brésilien
brésiliens	mp	brésilien
brûlant	ms	brûlant
brûlante	fs	brûlant
brûlantes	fp	brûlant
brûlants	mp	brûlant
brûlé	ms	brûlé
brûlée	fs	brûlé
brûlées	fp	brûlé
brûlés	mp	brûlé
buccal	ms	buccal
buccale	fs	buccal
buccales	fp	buccal
buccaux	mp	buccal
buccinateur	ms	buccinateur
buccinateurs	mp	buccinateur
buccinateuse	fs	buccinateur
buccinateuses	fp	buccinateur
bucco-génital	ms	bucco-génital
bucco-génitale	fs	bucco-génital
bucco-génitales	fp	bucco-génital
bucco-génitaux	mp	bucco-génital
buggé	ms	buggé
buggée	fs	buggé
buggées	fp	buggé
buggés	mp	buggé
buissonneuse	fs	buissonneux
buissonneuses	fp	buissonneux
buissonnier	ms	buissonnier
buissonniers	mp	buissonnier
buissonnière	fs	buissonnier
buissonnières	fp	buissonnier
bulbeuse	fs	bulbeux
bulbeuses	fp	bulbeux
bulleuse	fs	bulleux
bulleuses	fp	bulleux
bullé	ms	bullé
bullée	fs	bullé
bullées	fp	bullé
bullés	mp	bullé
burelé	ms	burelé
burelée	fs	burelé
burelées	fp	burelé
burelés	mp	burelé
buriné	ms	buriné
burinée	fs	buriné
burinées	fp	buriné
burinés	mp	buriné
burkinabé	ms	burkinabé
burkinabée	fs	burkinabé
burkinabées	fp	burkinabé
burkinabés	mp	burkinabé
burundaise	fs	burundais
burundaises	fp	burundais
busqué	ms	busqué
busquée	fs	busqué
busquées	fp	busqué
busqués	mp	busqué
butineur	ms	butineur
butineurs	mp	butineur
butineuse	fs	butineur
butineuses	fp	butineur
butyreuse	fs	butyreux
butyreuses	fp	butyreux
buté	ms	buté
butée	fs	buté
butées	fp	buté
butés	mp	buté
buveur	ms	buveur
buveurs	mp	buveur
buveuse	fs	buveur
buveuses	fp	buveur
byronien	ms	byronien
byronienne	fs	byronien
byroniennes	fp	byronien
byroniens	mp	byronien
byzantin	ms	byzantin
byzantine	fs	byzantin
byzantines	fp	byzantin
byzantins	mp	byzantin
bâloise	fs	bâlois
bâloises	fp	bâlois
bâtard	ms	bâtard
bâtarde	fs	bâtard
bâtardes	fp	bâtard
bâtards	mp	bâtard
bâti	ms	bâti
bâtie	fs	bâti
bâties	fp	bâti
bâtis	mp	bâti
bâté	ms	bâté
bâtée	fs	bâté
bâtées	fp	bâté
bâtés	mp	bâté
bègue	fs	bégu
bègues	fp	bégu
béant	ms	béant
béante	fs	béant
béantes	fp	béant
béants	mp	béant
béarnaise	fs	béarnais
béarnaises	fp	béarnais
béat	ms	béat
béate	fs	béat
béates	fp	béat
béats	mp	béat
bédouin	ms	bédouin
bédouine	fs	bédouin
bédouines	fp	bédouin
bédouins	mp	bédouin
bée	fs	bée
bées	fp	bée
bégayant	ms	bégayant
bégayante	fs	bégayant
bégayantes	fp	bégayant
bégayants	mp	bégayant
bégayeur	ms	bégayeur
bégayeurs	mp	bégayeur
bégayeuse	fs	bégayeur
bégayeuses	fp	bégayeur
bégu	ms	bégu
bégus	mp	bégu
bénard	ms	bénard
bénarde	fs	bénard
bénardes	fp	bénard
bénards	mp	bénard
bénigne	fs	bénin
bénignes	fp	bénin
bénin	ms	bénin
béninoise	fs	béninois
béninoises	fp	béninois
bénins	mp	bénin
bénisseur	ms	bénisseur
bénisseurs	mp	bénisseur
bénisseuse	fs	bénisseur
bénisseuses	fp	bénisseur
bénit	ms	bénit
bénite	fs	bénit
bénites	fp	bénit
bénits	mp	bénit
bénédictin	ms	bénédictin
bénédictine	fs	bénédictin
bénédictines	fp	bénédictin
bénédictins	mp	bénédictin
bénéficial	ms	bénéficial
bénéficiale	fs	bénéficial
bénéficiales	fp	bénéficial
bénéficiaux	mp	bénéficial
béotien	ms	béotien
béotienne	fs	béotien
béotiennes	fp	béotien
béotiens	mp	béotien
béquillard	ms	béquillard
béquillarde	fs	béquillard
béquillardes	fp	béquillard
béquillards	mp	béquillard
bétonné	ms	bétonné
bétonnée	fs	bétonné
bétonnées	fp	bétonné
bétonnés	mp	bétonné
bêlant	ms	bêlant
bêlante	fs	bêlant
bêlantes	fp	bêlant
bêlants	mp	bêlant
bêtas	mp	bêta
bêtasse	fs	bêta
bêtasses	fp	bêta
bêtifiant	ms	bêtifiant
bêtifiante	fs	bêtifiant
bêtifiantes	fp	bêtifiant
bêtifiants	mp	bêtifiant
bûcheur	ms	bûcheur
bûcheurs	mp	bûcheur
bûcheuse	fs	bûcheur
bûcheuses	fp	bûcheur
cabochard	ms	cabochard
cabocharde	fs	cabochard
cabochardes	fp	cabochard
cabochards	mp	cabochard
cabot	ms	cabot
cabote	fs	cabot
cabotes	fp	cabot
cabotin	ms	cabotin
cabotine	fs	cabotin
cabotines	fp	cabotin
cabotins	mp	cabotin
cabots	mp	cabot
cabré	ms	cabré
cabrée	fs	cabré
cabrées	fp	cabré
cabrés	mp	cabré
cacaoté	ms	cacaoté
cacaotée	fs	cacaoté
cacaotées	fp	cacaoté
cacaotés	mp	cacaoté
cacaoyer	ms	cacaoyer
cacaoyers	mp	cacaoyer
cacaoyère	fs	cacaoyer
cacaoyères	fp	cacaoyer
cachottier	ms	cachottier
cachottiers	mp	cachottier
cachottière	fs	cachottier
cachottières	fp	cachottier
cadastral	ms	cadastral
cadastrale	fs	cadastral
cadastrales	fp	cadastral
cadastraux	mp	cadastral
cadavéreuse	fs	cadavéreux
cadavéreuses	fp	cadavéreux
cadencé	ms	cadencé
cadencée	fs	cadencé
cadencées	fp	cadencé
cadencés	mp	cadencé
cadet	ms	cadet
cadets	mp	cadet
cadette	fs	cadet
cadettes	fp	cadet
cadmié	ms	cadmié
cadmiée	fs	cadmié
cadmiées	fp	cadmié
cadmiés	mp	cadmié
caduc	ms	caduc
caducs	mp	caduc
caduque	fs	caduc
caduques	fp	caduc
cadurcien	ms	cadurcien
cadurcienne	fs	cadurcien
cadurciennes	fp	cadurcien
cadurciens	mp	cadurcien
caecal	ms	caecal
caecale	fs	caecal
caecales	fp	caecal
caecaux	mp	caecal
caenaise	fs	caenais
caenaises	fp	caenais
caennaise	fs	caennais
caennaises	fp	caennais
cafard	ms	cafard
cafarde	fs	cafard
cafardes	fp	cafard
cafardeur	ms	cafardeur
cafardeurs	mp	cafardeur
cafardeuse	fs	cafardeur
cafardeuse	fs	cafardeux
cafardeuses	fp	cafardeur
cafardeuses	fp	cafardeux
cafards	mp	cafard
cafouilleur	ms	cafouilleur
cafouilleurs	mp	cafouilleur
cafouilleuse	fs	cafouilleur
cafouilleuse	fs	cafouilleux
cafouilleuses	fp	cafouilleur
cafouilleuses	fp	cafouilleux
caféier	ms	caféier
caféiers	mp	caféier
caféière	fs	caféier
caféières	fp	caféier
cagneuse	fs	cagneux
cagneuses	fp	cagneux
cagot	ms	cagot
cagote	fs	cagot
cagotes	fp	cagot
cagots	mp	cagot
cahotant	ms	cahotant
cahotante	fs	cahotant
cahotantes	fp	cahotant
cahotants	mp	cahotant
cahoteuse	fs	cahoteux
cahoteuses	fp	cahoteux
caillouteuse	fs	caillouteux
caillouteuses	fp	caillouteux
caillouté	ms	caillouté
cailloutée	fs	caillouté
cailloutées	fp	caillouté
cailloutés	mp	caillouté
caillé	ms	caillé
caillée	fs	caillé
caillées	fp	caillé
caillés	mp	caillé
cajoleur	ms	cajoleur
cajoleurs	mp	cajoleur
cajoleuse	fs	cajoleur
cajoleuses	fp	cajoleur
calabraise	fs	calabrais
calabraises	fp	calabrais
calaisien	ms	calaisien
calaisienne	fs	calaisien
calaisiennes	fp	calaisien
calaisiens	mp	calaisien
calamistré	ms	calamistré
calamistrée	fs	calamistré
calamistrées	fp	calamistré
calamistrés	mp	calamistré
calamiteuse	fs	calamiteux
calamiteuses	fp	calamiteux
calcifié	ms	calcifié
calcifiée	fs	calcifié
calcifiées	fp	calcifié
calcifiés	mp	calcifié
calculateur	ms	calculateur
calculateurs	mp	calculateur
calculatrice	fs	calculateur
calculatrices	fp	calculateur
calculeuse	fs	calculeux
calculeuses	fp	calculeux
californien	ms	californien
californienne	fs	californien
californiennes	fp	californien
californiens	mp	californien
calleuse	fs	calleux
calleuses	fp	calleux
calmant	ms	calmant
calmante	fs	calmant
calmantes	fp	calmant
calmants	mp	calmant
calomniateur	ms	calomniateur
calomniateurs	mp	calomniateur
calomniatrice	fs	calomniateur
calomniatrices	fp	calomniateur
calomnieuse	fs	calomnieux
calomnieuses	fp	calomnieux
caloriporteur	ms	caloriporteur
caloriporteurs	mp	caloriporteur
caloriporteuse	fs	caloriporteur
caloriporteuses	fp	caloriporteur
calotin	ms	calotin
calotine	fs	calotin
calotines	fp	calotin
calotins	mp	calotin
calé	ms	calé
calédonien	ms	calédonien
calédonienne	fs	calédonien
calédoniennes	fp	calédonien
calédoniens	mp	calédonien
calée	fs	calé
calées	fp	calé
calés	mp	calé
camard	ms	camard
camarde	fs	camard
camardes	fp	camard
camards	mp	camard
camarguaise	fs	camarguais
camarguaises	fp	camarguais
cambial	ms	cambial
cambiale	fs	cambial
cambiales	fp	cambial
cambiaux	mp	cambial
cambodgien	ms	cambodgien
cambodgienne	fs	cambodgien
cambodgiennes	fp	cambodgien
cambodgiens	mp	cambodgien
cambrien	ms	cambrien
cambrienne	fs	cambrien
cambriennes	fp	cambrien
cambriens	mp	cambrien
cambré	ms	cambré
cambrée	fs	cambré
cambrées	fp	cambré
cambrés	mp	cambré
camerounaise	fs	camerounais
camerounaises	fp	camerounais
camisard	ms	camisard
camisarde	fs	camisard
camisardes	fp	camisard
camisards	mp	camisard
campagnard	ms	campagnard
campagnarde	fs	campagnard
campagnardes	fp	campagnard
campagnards	mp	campagnard
campanien	ms	campanien
campanienne	fs	campanien
campaniennes	fp	campanien
campaniens	mp	campanien
campanulé	ms	campanulé
campanulée	fs	campanulé
campanulées	fp	campanulé
campanulés	mp	campanulé
camphré	ms	camphré
camphrée	fs	camphré
camphrées	fp	camphré
camphrés	mp	camphré
campignien	ms	campignien
campignienne	fs	campignien
campigniennes	fp	campignien
campigniens	mp	campignien
campé	ms	campé
campée	fs	campé
campées	fp	campé
campés	mp	campé
camuse	fs	camus
camuses	fp	camus
camusien	ms	camusien
camusienne	fs	camusien
camusiennes	fp	camusien
camusiens	mp	camusien
camé	ms	camé
camée	fs	camé
camées	fp	camé
camés	mp	camé
canadien	ms	canadien
canadienne	fs	canadien
canadiennes	fp	canadien
canadiens	mp	canadien
canaliculé	ms	canaliculé
canaliculée	fs	canaliculé
canaliculées	fp	canaliculé
canaliculés	mp	canaliculé
cananéen	ms	cananéen
cananéenne	fs	cananéen
cananéennes	fp	cananéen
cananéens	mp	cananéen
canarien	ms	canarien
canarienne	fs	canarien
canariennes	fp	canarien
canariens	mp	canarien
cancanier	ms	cancanier
cancaniers	mp	cancanier
cancanière	fs	cancanier
cancanières	fp	cancanier
cancéreuse	fs	cancéreux
cancéreuses	fp	cancéreux
canin	ms	canin
canine	fs	canin
canines	fp	canin
canins	mp	canin
cannelé	ms	cannelé
cannelée	fs	cannelé
cannelées	fp	cannelé
cannelés	mp	cannelé
cannoise	fs	cannois
cannoises	fp	cannois
canné	ms	canné
cannée	fs	canné
cannées	fp	canné
cannés	mp	canné
canonial	ms	canonial
canoniale	fs	canonial
canoniales	fp	canonial
canoniaux	mp	canonial
cantalien	ms	cantalien
cantalienne	fs	cantalien
cantaliennes	fp	cantalien
cantaliens	mp	cantalien
cantalou	ms	cantalou
cantaloue	fs	cantalou
cantaloues	fp	cantalou
cantalous	mp	cantalou
cantilien	ms	cantilien
cantilienne	fs	cantilien
cantiliennes	fp	cantilien
cantiliens	mp	cantilien
cantonaise	fs	cantonais
cantonaises	fp	cantonais
cantonal	ms	cantonal
cantonale	fs	cantonal
cantonales	fp	cantonal
cantonaux	mp	cantonal
cantonnier	ms	cantonnier
cantonniers	mp	cantonnier
cantonnière	fs	cantonnier
cantonnières	fp	cantonnier
canulant	ms	canulant
canulante	fs	canulant
canulantes	fp	canulant
canulants	mp	canulant
caoutchouteuse	fs	caoutchouteux
caoutchouteuses	fp	caoutchouteux
caoutchouté	ms	caoutchouté
caoutchoutée	fs	caoutchouté
caoutchoutées	fp	caoutchouté
caoutchoutés	mp	caoutchouté
capital	ms	capital
capitale	fs	capital
capitales	fp	capital
capitaux	mp	capital
capiteuse	fs	capiteux
capiteuses	fp	capiteux
capitolin	ms	capitolin
capitoline	fs	capitolin
capitolines	fp	capitolin
capitolins	mp	capitolin
capitulant	ms	capitulant
capitulante	fs	capitulant
capitulantes	fp	capitulant
capitulants	mp	capitulant
capitulard	ms	capitulard
capitularde	fs	capitulard
capitulardes	fp	capitulard
capitulards	mp	capitulard
capité	ms	capité
capitée	fs	capité
capitées	fp	capité
capités	mp	capité
capon	ms	capon
caponne	fs	capon
caponnes	fp	capon
capons	mp	capon
cappadocien	ms	cappadocien
cappadocienne	fs	cappadocien
cappadociennes	fp	cappadocien
cappadociens	mp	cappadocien
capricant	ms	capricant
capricante	fs	capricant
capricantes	fp	capricant
capricants	mp	capricant
capricieuse	fs	capricieux
capricieuses	fp	capricieux
caprin	ms	caprin
caprine	fs	caprin
caprines	fp	caprin
caprins	mp	caprin
captatif	ms	captatif
captatifs	mp	captatif
captative	fs	captatif
captatives	fp	captatif
captieuse	fs	captieux
captieuses	fp	captieux
captif	ms	captif
captifs	mp	captif
captivant	ms	captivant
captivante	fs	captivant
captivantes	fp	captivant
captivants	mp	captivant
captive	fs	captif
captives	fp	captif
capuchonné	ms	capuchonné
capuchonnée	fs	capuchonné
capuchonnées	fp	capuchonné
capuchonnés	mp	capuchonné
capétien	ms	capétien
capétienne	fs	capétien
capétiennes	fp	capétien
capétiens	mp	capétien
caquetant	ms	caquetant
caquetante	fs	caquetant
caquetantes	fp	caquetant
caquetants	mp	caquetant
carabiné	ms	carabiné
carabinée	fs	carabiné
carabinées	fp	carabiné
carabinés	mp	carabiné
caractériel	ms	caractériel
caractérielle	fs	caractériel
caractérielles	fp	caractériel
caractériels	mp	caractériel
caractérisé	ms	caractérisé
caractérisée	fs	caractérisé
caractérisées	fp	caractérisé
caractérisés	mp	caractérisé
caramélisé	ms	caramélisé
caramélisée	fs	caramélisé
caramélisées	fp	caramélisé
caramélisés	mp	caramélisé
caramélé	ms	caramélé
caramélée	fs	caramélé
caramélées	fp	caramélé
caramélés	mp	caramélé
carboné	ms	carboné
carbonée	fs	carboné
carbonées	fp	carboné
carbonés	mp	carboné
carburant	ms	carburant
carburante	fs	carburant
carburantes	fp	carburant
carburants	mp	carburant
carburateur	ms	carburateur
carburateurs	mp	carburateur
carburatrice	fs	carburateur
carburatrices	fp	carburateur
carburé	ms	carburé
carburée	fs	carburé
carburées	fp	carburé
carburés	mp	carburé
carcassonnaise	fs	carcassonnais
carcassonnaises	fp	carcassonnais
carcinomateuse	fs	carcinomateux
carcinomateuses	fp	carcinomateux
carcéral	ms	carcéral
carcérale	fs	carcéral
carcérales	fp	carcéral
carcéraux	mp	carcéral
cardial	ms	cardial
cardiale	fs	cardial
cardiales	fp	cardial
cardiaux	mp	cardial
cardinal	ms	cardinal
cardinale	fs	cardinal
cardinales	fp	cardinal
cardinaux	mp	cardinal
cardé	ms	cardé
cardée	fs	cardé
cardées	fp	cardé
cardés	mp	cardé
carencé	ms	carencé
carencée	fs	carencé
carencées	fp	carencé
carencés	mp	carencé
carentiel	ms	carentiel
carentielle	fs	carentiel
carentielles	fp	carentiel
carentiels	mp	carentiel
caressant	ms	caressant
caressante	fs	caressant
caressantes	fp	caressant
caressants	mp	caressant
cariant	ms	cariant
cariante	fs	cariant
cariantes	fp	cariant
cariants	mp	cariant
caricatural	ms	caricatural
caricaturale	fs	caricatural
caricaturales	fp	caricatural
caricaturaux	mp	caricatural
carieuse	fs	carieux
carieuses	fp	carieux
carillonné	ms	carillonné
carillonnée	fs	carillonné
carillonnées	fp	carillonné
carillonnés	mp	carillonné
caritatif	ms	caritatif
caritatifs	mp	caritatif
caritative	fs	caritatif
caritatives	fp	caritatif
carié	ms	carié
cariée	fs	carié
cariées	fp	carié
cariés	mp	carié
carminatif	ms	carminatif
carminatifs	mp	carminatif
carminative	fs	carminatif
carminatives	fp	carminatif
carminé	ms	carminé
carminée	fs	carminé
carminées	fp	carminé
carminés	mp	carminé
carnassier	ms	carnassier
carnassiers	mp	carnassier
carnassière	fs	carnassier
carnassières	fp	carnassier
carné	ms	carné
carnée	fs	carné
carnées	fp	carné
carnés	mp	carné
carolingien	ms	carolingien
carolingienne	fs	carolingien
carolingiennes	fp	carolingien
carolingiens	mp	carolingien
carolorégien	ms	carolorégien
carolorégienne	fs	carolorégien
carolorégiennes	fp	carolorégien
carolorégiens	mp	carolorégien
carotteur	ms	carotteur
carotteurs	mp	carotteur
carotteuse	fs	carotteur
carotteuses	fp	carotteur
carottier	ms	carottier
carottiers	mp	carottier
carottière	fs	carottier
carottières	fp	carottier
carpien	ms	carpien
carpienne	fs	carpien
carpiennes	fp	carpien
carpiens	mp	carpien
carrelé	ms	carrelé
carrelée	fs	carrelé
carrelées	fp	carrelé
carrelés	mp	carrelé
carré	ms	carré
carrée	fs	carré
carrées	fp	carré
carrés	mp	carré
carthaginoise	fs	carthaginois
carthaginoises	fp	carthaginois
cartilagineuse	fs	cartilagineux
cartilagineuses	fp	cartilagineux
cartonneuse	fs	cartonneux
cartonneuses	fp	cartonneux
cartonnier	ms	cartonnier
cartonniers	mp	cartonnier
cartonnière	fs	cartonnier
cartonnières	fp	cartonnier
cartésien	ms	cartésien
cartésienne	fs	cartésien
cartésiennes	fp	cartésien
cartésiens	mp	cartésien
carélien	ms	carélien
carélienne	fs	carélien
caréliennes	fp	carélien
caréliens	mp	carélien
caréné	ms	caréné
carénée	fs	caréné
carénées	fp	caréné
carénés	mp	caréné
casablancaise	fs	casablancais
casablancaises	fp	casablancais
casamançaise	fs	casamançais
casamançaises	fp	casamançais
casanier	ms	casanier
casaniers	mp	casanier
casanière	fs	casanier
casanières	fp	casanier
cascadeur	ms	cascadeur
cascadeurs	mp	cascadeur
cascadeuse	fs	cascadeur
cascadeuses	fp	cascadeur
casqué	ms	casqué
casquée	fs	casqué
casquées	fp	casqué
casqués	mp	casqué
cassant	ms	cassant
cassante	fs	cassant
cassantes	fp	cassant
cassants	mp	cassant
casseur	ms	casseur
casseurs	mp	casseur
casseuse	fs	casseur
casseuses	fp	casseur
cassé	ms	cassé
cassée	fs	cassé
cassées	fp	cassé
cassés	mp	cassé
castillan	ms	castillan
castillane	fs	castillan
castillanes	fp	castillan
castillans	mp	castillan
castrateur	ms	castrateur
castrateurs	mp	castrateur
castratrice	fs	castrateur
castratrices	fp	castrateur
casuel	ms	casuel
casuelle	fs	casuel
casuelles	fp	casuel
casuels	mp	casuel
caséeuse	fs	caséeux
caséeuses	fp	caséeux
catalan	ms	catalan
catalane	fs	catalan
catalanes	fp	catalan
catalans	mp	catalan
catarrhal	ms	catarrhal
catarrhale	fs	catarrhal
catarrhales	fp	catarrhal
catarrhaux	mp	catarrhal
catarrheuse	fs	catarrheux
catarrheuses	fp	catarrheux
catastrophé	ms	catastrophé
catastrophée	fs	catastrophé
catastrophées	fp	catastrophé
catastrophés	mp	catastrophé
catégoriel	ms	catégoriel
catégorielle	fs	catégoriel
catégorielles	fp	catégoriel
catégoriels	mp	catégoriel
catégorisé	ms	catégorisé
catégorisée	fs	catégorisé
catégorisées	fp	catégorisé
catégorisés	mp	catégorisé
caucasien	ms	caucasien
caucasienne	fs	caucasien
caucasiennes	fp	caucasien
caucasiens	mp	caucasien
cauchemardeuse	fs	cauchemardeux
cauchemardeuses	fp	cauchemardeux
cauchoise	fs	cauchois
cauchoises	fp	cauchois
caudal	ms	caudal
caudale	fs	caudal
caudales	fp	caudal
caudaux	mp	caudal
caudin	ms	caudin
caudine	fs	caudin
caudines	fp	caudin
caudins	mp	caudin
caudé	ms	caudé
caudé-acuminé	ms	caudé-acuminé
caudé-acuminée	fs	caudé-acuminé
caudée	fs	caudé
caudées	fp	caudé
caudés	mp	caudé
caudés-acuminées	fp	caudé-acuminé
caudés-acuminés	mp	caudé-acuminé
caulescent	ms	caulescent
caulescente	fs	caulescent
caulescentes	fp	caulescent
caulescents	mp	caulescent
causal	ms	causal
causale	fs	causal
causales	fp	causal
causals	mp	causal
causant	ms	causant
causante	fs	causant
causantes	fp	causant
causants	mp	causant
causatif	ms	causatif
causatifs	mp	causatif
causative	fs	causatif
causatives	fp	causatif
causaux	mp	causal
causeur	ms	causeur
causeurs	mp	causeur
causeuse	fs	causeur
causeuses	fp	causeur
cauteleuse	fs	cauteleux
cauteleuses	fp	cauteleux
cavaleur	ms	cavaleur
cavaleurs	mp	cavaleur
cavaleuse	fs	cavaleur
cavaleuses	fp	cavaleur
cavalier	ms	cavalier
cavaliers	mp	cavalier
cavalière	fs	cavalier
cavalières	fp	cavalier
caverneuse	fs	caverneux
caverneuses	fp	caverneux
cendreuse	fs	cendreux
cendreuses	fp	cendreux
cendré	ms	cendré
cendrée	fs	cendré
cendrées	fp	cendré
cendrés	mp	cendré
censier	ms	censier
censiers	mp	censier
censière	fs	censier
censières	fp	censier
censorial	ms	censorial
censoriale	fs	censorial
censoriales	fp	censorial
censoriaux	mp	censorial
censé	ms	censé
censée	fs	censé
censées	fp	censé
censés	mp	censé
centennal	ms	centennal
centennale	fs	centennal
centennales	fp	centennal
centennaux	mp	centennal
centrafricain	ms	centrafricain
centrafricaine	fs	centrafricain
centrafricaines	fp	centrafricain
centrafricains	mp	centrafricain
central	ms	central
centrale	fs	central
centrales	fp	central
centralisateur	ms	centralisateur
centralisateurs	mp	centralisateur
centralisatrice	fs	centralisateur
centralisatrices	fp	centralisateur
centraméricain	ms	centraméricain
centraméricaine	fs	centraméricain
centraméricaines	fp	centraméricain
centraméricains	mp	centraméricain
centraux	mp	central
centré	ms	centré
centrée	fs	centré
centrées	fp	centré
centrés	mp	centré
centésimal	ms	centésimal
centésimale	fs	centésimal
centésimales	fp	centésimal
centésimaux	mp	centésimal
cerclé	ms	cerclé
cerclée	fs	cerclé
cerclées	fp	cerclé
cerclés	mp	cerclé
cerdagnol	ms	cerdagnol
cerdagnole	fs	cerdagnol
cerdagnoles	fp	cerdagnol
cerdagnols	mp	cerdagnol
cerdan	ms	cerdan
cerdane	fs	cerdan
cerdanes	fp	cerdan
cerdans	mp	cerdan
cerné	ms	cerné
cernée	fs	cerné
cernées	fp	cerné
cernés	mp	cerné
certain	ms	certain
certaine	fs	certain
certaines	fp	certain
certains	mp	certain
certificateur	ms	certificateur
certificateurs	mp	certificateur
certificatrice	fs	certificateur
certificatrices	fp	certificateur
cervical	ms	cervical
cervicale	fs	cervical
cervicales	fp	cervical
cervicaux	mp	cervical
cervier	ms	cervier
cerviers	mp	cervier
cervière	fs	cervier
cervières	fp	cervier
cessant	ms	cessant
cessante	fs	cessant
cessantes	fp	cessant
cessants	mp	cessant
ch'ti	ms	petit
chafouin	ms	chafouin
chafouine	fs	chafouin
chafouines	fp	chafouin
chafouins	mp	chafouin
chagrin	ms	chagrin
chagrinant	ms	chagrinant
chagrinante	fs	chagrinant
chagrinantes	fp	chagrinant
chagrinants	mp	chagrinant
chagrine	fs	chagrin
chagrines	fp	chagrin
chagrins	mp	chagrin
chagriné	ms	chagriné
chagrinée	fs	chagriné
chagrinées	fp	chagriné
chagrinés	mp	chagriné
chahuteur	ms	chahuteur
chahuteurs	mp	chahuteur
chahuteuse	fs	chahuteur
chahuteuses	fp	chahuteur
chaldéen	ms	chaldéen
chaldéenne	fs	chaldéen
chaldéennes	fp	chaldéen
chaldéens	mp	chaldéen
chaleureuse	fs	chaleureux
chaleureuses	fp	chaleureux
chaloupé	ms	chaloupé
chaloupée	fs	chaloupé
chaloupées	fp	chaloupé
chaloupés	mp	chaloupé
chamailleur	ms	chamailleur
chamailleurs	mp	chamailleur
chamailleuse	fs	chamailleur
chamailleuses	fp	chamailleur
chamelier	ms	chamelier
chameliers	mp	chamelier
chamelière	fs	chamelier
chamelières	fp	chamelier
chamoisé	ms	chamoisé
chamoisée	fs	chamoisé
chamoisées	fp	chamoisé
chamoisés	mp	chamoisé
chamoniard	ms	chamoniard
chamoniarde	fs	chamoniard
chamoniardes	fp	chamoniard
chamoniards	mp	chamoniard
champenoise	fs	champenois
champenoises	fp	champenois
champion	ms	champion
championne	fs	champion
championnes	fp	champion
champions	mp	champion
champisse	fs	champis
champisses	fp	champis
chancelant	ms	chancelant
chancelante	fs	chancelant
chancelantes	fp	chancelant
chancelants	mp	chancelant
chanceuse	fs	chanceux
chanceuses	fp	chanceux
changeant	ms	changeant
changeante	fs	changeant
changeantes	fp	changeant
changeants	mp	changeant
chansonnier	ms	chansonnier
chansonniers	mp	chansonnier
chansonnière	fs	chansonnier
chansonnières	fp	chansonnier
chantant	ms	chantant
chantante	fs	chantant
chantantes	fp	chantant
chantants	mp	chantant
chanteur	ms	chanteur
chanteurs	mp	chanteur
chanteuse	fs	chanteur
chanteuses	fp	chanteur
chanvrier	ms	chanvrier
chanvriers	mp	chanvrier
chanvrière	fs	chanvrier
chanvrières	fp	chanvrier
chançard	ms	chançard
chançarde	fs	chançard
chançardes	fp	chançard
chançards	mp	chançard
chapardeur	ms	chapardeur
chapardeurs	mp	chapardeur
chapardeuse	fs	chapardeur
chapardeuses	fp	chapardeur
chapeauté	ms	chapeauté
chapeautée	fs	chapeauté
chapeautées	fp	chapeauté
chapeautés	mp	chapeauté
chapelier	ms	chapelier
chapeliers	mp	chapelier
chapelière	fs	chapelier
chapelières	fp	chapelier
chapé	ms	chapé
chapée	fs	chapé
chapées	fp	chapé
chapés	mp	chapé
charançonné	ms	charançonné
charançonnée	fs	charançonné
charançonnées	fp	charançonné
charançonnés	mp	charançonné
charbonneuse	fs	charbonneux
charbonneuses	fp	charbonneux
charbonnier	ms	charbonnier
charbonniers	mp	charbonnier
charbonnière	fs	charbonnier
charbonnières	fp	charbonnier
charcutier	ms	charcutier
charcutiers	mp	charcutier
charcutière	fs	charcutier
charcutières	fp	charcutier
charentaise	fs	charentais
charentaises	fp	charentais
charlatan	ms	charlatan
charlatane	fs	charlatan
charlatanes	fp	charlatan
charlatans	mp	charlatan
charmant	ms	charmant
charmante	fs	charmant
charmantes	fp	charmant
charmants	mp	charmant
charmeur	ms	charmeur
charmeurs	mp	charmeur
charmeuse	fs	charmeur
charmeuses	fp	charmeur
charnel	ms	charnel
charnelle	fs	charnel
charnelles	fp	charnel
charnels	mp	charnel
charnu	ms	charnu
charnue	fs	charnu
charnues	fp	charnu
charnus	mp	charnu
charolaise	fs	charolais
charolaises	fp	charolais
charpentier	ms	charpentier
charpentiers	mp	charpentier
charpentière	fs	charpentier
charpentières	fp	charpentier
charpenté	ms	charpenté
charpentée	fs	charpenté
charpentées	fp	charpenté
charpentés	mp	charpenté
charretier	ms	charretier
charretiers	mp	charretier
charretière	fs	charretier
charretières	fp	charretier
charriant	ms	charriant
charriante	fs	charriant
charriantes	fp	charriant
charriants	mp	charriant
charrié	ms	charrié
charriée	fs	charrié
charriées	fp	charrié
charriés	mp	charrié
chartrain	ms	chartrain
chartraine	fs	chartrain
chartraines	fp	chartrain
chartrains	mp	chartrain
chartreuse	fs	chartreux
chartreuses	fp	chartreux
chassant	ms	chassant
chassante	fs	chassant
chassantes	fp	chassant
chassants	mp	chassant
chasseresse	fs	chasseur
chasseresses	fp	chasseur
chasseur	ms	chasseur
chasseurs	mp	chasseur
chatouilleuse	fs	chatouilleux
chatouilleuses	fp	chatouilleux
chatoyant	ms	chatoyant
chatoyante	fs	chatoyant
chatoyantes	fp	chatoyant
chatoyants	mp	chatoyant
chaud	ms	chaud
chaude	fs	chaud
chaudes	fp	chaud
chaudronnier	ms	chaudronnier
chaudronniers	mp	chaudronnier
chaudronnière	fs	chaudronnier
chaudronnières	fp	chaudronnier
chauds	mp	chaud
chauffant	ms	chauffant
chauffante	fs	chauffant
chauffantes	fp	chauffant
chauffants	mp	chauffant
chaussant	ms	chaussant
chaussante	fs	chaussant
chaussantes	fp	chaussant
chaussants	mp	chaussant
chauvin	ms	chauvin
chauvine	fs	chauvin
chauvines	fp	chauvin
chauvins	mp	chauvin
chaîné	ms	chaîné
chaînée	fs	chaîné
chaînées	fp	chaîné
chaînés	mp	chaîné
chelléen	ms	chelléen
chelléenne	fs	chelléen
chelléennes	fp	chelléen
chelléens	mp	chelléen
chenillé	ms	chenillé
chenillée	fs	chenillé
chenillées	fp	chenillé
chenillés	mp	chenillé
chenu	ms	chenu
chenue	fs	chenu
chenues	fp	chenu
chenus	mp	chenu
cher	ms	cher
chercheur	ms	chercheur
chercheurs	mp	chercheur
chercheuse	fs	chercheur
chercheuses	fp	chercheur
chers	mp	cher
chevalin	ms	chevalin
chevaline	fs	chevalin
chevalines	fp	chevalin
chevalins	mp	chevalin
chevauchant	ms	chevauchant
chevauchante	fs	chevauchant
chevauchantes	fp	chevauchant
chevauchants	mp	chevauchant
chevelu	ms	chevelu
chevelue	fs	chevelu
chevelues	fp	chevelu
chevelus	mp	chevelu
chevronné	ms	chevronné
chevronnée	fs	chevronné
chevronnées	fp	chevronné
chevronnés	mp	chevronné
chevrotant	ms	chevrotant
chevrotante	fs	chevrotant
chevrotantes	fp	chevrotant
chevrotants	mp	chevrotant
chiant	ms	chiant
chiante	fs	chiant
chiantes	fp	chiant
chiants	mp	chiant
chicaneur	ms	chicaneur
chicaneurs	mp	chicaneur
chicaneuse	fs	chicaneur
chicaneuses	fp	chicaneur
chicanier	ms	chicanier
chicaniers	mp	chicanier
chicanière	fs	chicanier
chicanières	fp	chicanier
chichiteuse	fs	chichiteux
chichiteuses	fp	chichiteux
chien	ms	chien
chienne	fs	chien
chiennes	fp	chien
chiens	mp	chien
chiffonnier	ms	chiffonnier
chiffonniers	mp	chiffonnier
chiffonnière	fs	chiffonnier
chiffonnières	fp	chiffonnier
chiffonné	ms	chiffonné
chiffonnée	fs	chiffonné
chiffonnées	fp	chiffonné
chiffonnés	mp	chiffonné
chilien	ms	chilien
chilienne	fs	chilien
chiliennes	fp	chilien
chiliens	mp	chilien
chinoise	fs	chinois
chinoises	fp	chinois
chiné	ms	chiné
chinée	fs	chiné
chinées	fp	chiné
chinés	mp	chiné
chipeur	ms	chipeur
chipeurs	mp	chipeur
chipeuse	fs	chipeur
chipeuses	fp	chipeur
chipoteur	ms	chipoteur
chipoteurs	mp	chipoteur
chipoteuse	fs	chipoteur
chipoteuses	fp	chipoteur
chirurgical	ms	chirurgical
chirurgicale	fs	chirurgical
chirurgicales	fp	chirurgical
chirurgicaux	mp	chirurgical
chitineuse	fs	chitineux
chitineuses	fp	chitineux
chié	ms	chié
chiée	fs	chié
chiées	fp	chié
chiés	mp	chié
chloriteuse	fs	chloriteux
chloriteuses	fp	chloriteux
chlorophyllien	ms	chlorophyllien
chlorophyllienne	fs	chlorophyllien
chlorophylliennes	fp	chlorophyllien
chlorophylliens	mp	chlorophyllien
chlorurant	ms	chlorurant
chlorurante	fs	chlorurant
chlorurantes	fp	chlorurant
chlorurants	mp	chlorurant
chloruré	ms	chloruré
chlorurée	fs	chloruré
chlorurées	fp	chloruré
chlorurés	mp	chloruré
chloré	ms	chloré
chlorée	fs	chloré
chlorées	fp	chloré
chlorés	mp	chloré
chocolatier	ms	chocolatier
chocolatiers	mp	chocolatier
chocolatière	fs	chocolatier
chocolatières	fp	chocolatier
chocolaté	ms	chocolaté
chocolatée	fs	chocolaté
chocolatées	fp	chocolaté
chocolatés	mp	chocolaté
cholédocien	ms	cholédocien
cholédocienne	fs	cholédocien
cholédociennes	fp	cholédocien
cholédociens	mp	cholédocien
cholédoco-duodénal	ms	cholédoco-duodénal
cholédoco-duodénale	fs	cholédoco-duodénal
cholédoco-duodénales	fp	cholédoco-duodénal
cholédoco-duodénaux	mp	cholédoco-duodénal
choquant	ms	choquant
choquante	fs	choquant
choquantes	fp	choquant
choquants	mp	choquant
choral	ms	choral
chorale	fs	choral
chorales	fp	choral
chorals	mp	choral
choraux	mp	choral
choroïdien	ms	choroïdien
choroïdienne	fs	choroïdien
choroïdiennes	fp	choroïdien
choroïdiens	mp	choroïdien
chouchou	ms	chouchou
chouchous	mp	chouchou
chouchoute	fs	chouchou
chouchoutes	fp	chouchou
chryséléphantin	ms	chryséléphantin
chryséléphantine	fs	chryséléphantin
chryséléphantines	fp	chryséléphantin
chryséléphantins	mp	chryséléphantin
chrétien	ms	chrétien
chrétienne	fs	chrétien
chrétiennes	fp	chrétien
chrétiens	mp	chrétien
chthonien	ms	chthonien
chthonienne	fs	chthonien
chthoniennes	fp	chthonien
chthoniens	mp	chthonien
chuintant	ms	chuintant
chuintante	fs	chuintant
chuintantes	fp	chuintant
chuintants	mp	chuintant
churchillien	ms	churchillien
churchillienne	fs	churchillien
churchilliennes	fp	churchillien
churchilliens	mp	churchillien
châlonnaise	fs	châlonnais
châlonnaises	fp	châlonnais
chère	fs	cher
chères	fp	cher
chéri	ms	chéri
chérie	fs	chéri
chéries	fp	chéri
chérifien	ms	chérifien
chérifienne	fs	chérifien
chérifiennes	fp	chérifien
chérifiens	mp	chérifien
chéris	mp	chéri
chétif	ms	chétif
chétifs	mp	chétif
chétive	fs	chétif
chétives	fp	chétif
chômé	ms	chômé
chômée	fs	chômé
chômées	fp	chômé
chômés	mp	chômé
ci-incluse	fs	ci-inclus
ci-incluses	fp	ci-inclus
ci-joint	ms	ci-joint
ci-jointe	fs	ci-joint
ci-jointes	fp	ci-joint
ci-joints	mp	ci-joint
ciblé	ms	ciblé
ciblée	fs	ciblé
ciblées	fp	ciblé
ciblés	mp	ciblé
cicatriciel	ms	cicatriciel
cicatricielle	fs	cicatriciel
cicatricielles	fp	cicatriciel
cicatriciels	mp	cicatriciel
cicatrisant	ms	cicatrisant
cicatrisante	fs	cicatrisant
cicatrisantes	fp	cicatrisant
cicatrisants	mp	cicatrisant
cicéronien	ms	cicéronien
cicéronienne	fs	cicéronien
cicéroniennes	fp	cicéronien
cicéroniens	mp	cicéronien
ciliolé	ms	ciliolé
ciliolée	fs	ciliolé
ciliolées	fp	ciliolé
ciliolés	mp	ciliolé
cilié	ms	cilié
ciliée	fs	cilié
ciliées	fp	cilié
ciliés	mp	cilié
cingalaise	fs	cingalais
cingalaises	fp	cingalais
cinglant	ms	cinglant
cinglante	fs	cinglant
cinglantes	fp	cinglant
cinglants	mp	cinglant
cinglé	ms	cinglé
cinglée	fs	cinglé
cinglées	fp	cinglé
cinglés	mp	cinglé
cintré	ms	cintré
cintrée	fs	cintré
cintrées	fp	cintré
cintrés	mp	cintré
circadien	ms	circadien
circadienne	fs	circadien
circadiennes	fp	circadien
circadiens	mp	circadien
circassien	ms	circassien
circassienne	fs	circassien
circassiennes	fp	circassien
circassiens	mp	circassien
circoncise	fs	circoncis
circoncises	fp	circoncis
circonspect	ms	circonspect
circonspecte	fs	circonspect
circonspectes	fp	circonspect
circonspects	mp	circonspect
circonstanciel	ms	circonstanciel
circonstancielle	fs	circonstanciel
circonstancielles	fp	circonstanciel
circonstanciels	mp	circonstanciel
circonstancié	ms	circonstancié
circonstanciée	fs	circonstancié
circonstanciées	fp	circonstancié
circonstanciés	mp	circonstancié
circonvolutif	ms	circonvolutif
circonvolutifs	mp	circonvolutif
circonvolutive	fs	circonvolutif
circonvolutives	fp	circonvolutif
circulant	ms	circulant
circulante	fs	circulant
circulantes	fp	circulant
circulants	mp	circulant
cireuse	fs	cireux
cireuses	fp	cireux
cirier	ms	cirier
ciriers	mp	cirier
cirière	fs	cirier
cirières	fp	cirier
ciré	ms	ciré
cirée	fs	ciré
cirées	fp	ciré
cirés	mp	ciré
cisalpin	ms	cisalpin
cisalpine	fs	cisalpin
cisalpines	fp	cisalpin
cisalpins	mp	cisalpin
cisjordanien	ms	cisjordanien
cisjordanienne	fs	cisjordanien
cisjordaniennes	fp	cisjordanien
cisjordaniens	mp	cisjordanien
cistercien	ms	cistercien
cistercienne	fs	cistercien
cisterciennes	fp	cistercien
cisterciens	mp	cistercien
citadin	ms	citadin
citadine	fs	citadin
citadines	fp	citadin
citadins	mp	citadin
citateur	ms	citateur
citateurs	mp	citateur
citatrice	fs	citateur
citatrices	fp	citateur
citoyen	ms	citoyen
citoyenne	fs	citoyen
citoyennes	fp	citoyen
citoyens	mp	citoyen
citrin	ms	citrin
citrine	fs	citrin
citrines	fp	citrin
citrins	mp	citrin
citronné	ms	citronné
citronnée	fs	citronné
citronnées	fp	citronné
citronnés	mp	citronné
citérieur	ms	citérieur
citérieure	fs	citérieur
citérieures	fp	citérieur
citérieurs	mp	citérieur
civil	ms	civil
civile	fs	civil
civiles	fp	civil
civilisateur	ms	civilisateur
civilisateurs	mp	civilisateur
civilisatrice	fs	civilisateur
civilisatrices	fp	civilisateur
civilisé	ms	civilisé
civilisée	fs	civilisé
civilisées	fp	civilisé
civilisés	mp	civilisé
civils	mp	civil
clactonien	ms	clactonien
clactonienne	fs	clactonien
clactoniennes	fp	clactonien
clactoniens	mp	clactonien
clair	ms	clair
claire	fs	clair
claires	fp	clair
clairet	ms	clairet
clairets	mp	clairet
clairette	fs	clairet
clairettes	fp	clairet
claironnant	ms	claironnant
claironnante	fs	claironnant
claironnantes	fp	claironnant
claironnants	mp	claironnant
clairs	mp	clair
clairsemé	ms	clairsemé
clairsemée	fs	clairsemé
clairsemées	fp	clairsemé
clairsemés	mp	clairsemé
clairvoyant	ms	clairvoyant
clairvoyante	fs	clairvoyant
clairvoyantes	fp	clairvoyant
clairvoyants	mp	clairvoyant
clandestin	ms	clandestin
clandestine	fs	clandestin
clandestines	fp	clandestin
clandestins	mp	clandestin
clapotant	ms	clapotant
clapotante	fs	clapotant
clapotantes	fp	clapotant
clapotants	mp	clapotant
claquant	ms	claquant
claquante	fs	claquant
claquantes	fp	claquant
claquants	mp	claquant
classificateur	ms	classificateur
classificateurs	mp	classificateur
classificatrice	fs	classificateur
classificatrices	fp	classificateur
classé	ms	classé
classée	fs	classé
classées	fp	classé
classés	mp	classé
claudicant	ms	claudicant
claudicante	fs	claudicant
claudicantes	fp	claudicant
claudicants	mp	claudicant
claustral	ms	claustral
claustrale	fs	claustral
claustrales	fp	claustral
claustraux	mp	claustral
claveleuse	fs	claveleux
claveleuses	fp	claveleux
clavelé	ms	clavelé
clavelée	fs	clavelé
clavelées	fp	clavelé
clavelés	mp	clavelé
clermontoise	fs	clermontois
clermontoises	fp	clermontois
clicheur	ms	clicheur
clicheurs	mp	clicheur
clicheuse	fs	clicheur
clicheuses	fp	clicheur
clignotant	ms	clignotant
clignotante	fs	clignotant
clignotantes	fp	clignotant
clignotants	mp	clignotant
climatiseur	ms	climatiseur
climatiseurs	mp	climatiseur
climatiseuse	fs	climatiseur
climatiseuses	fp	climatiseur
climatisé	ms	climatisé
climatisée	fs	climatisé
climatisées	fp	climatisé
climatisés	mp	climatisé
clinicien	ms	clinicien
clinicienne	fs	clinicien
cliniciennes	fp	clinicien
cliniciens	mp	clinicien
clinquant	ms	clinquant
clinquante	fs	clinquant
clinquantes	fp	clinquant
clinquants	mp	clinquant
cliquetant	ms	cliquetant
cliquetante	fs	cliquetant
cliquetantes	fp	cliquetant
cliquetants	mp	cliquetant
clissé	ms	clissé
clissée	fs	clissé
clissées	fp	clissé
clissés	mp	clissé
clitoridien	ms	clitoridien
clitoridienne	fs	clitoridien
clitoridiennes	fp	clitoridien
clitoridiens	mp	clitoridien
cloché	ms	cloché
clochée	fs	cloché
clochées	fp	cloché
clochés	mp	cloché
clodoaldien	ms	clodoaldien
clodoaldienne	fs	clodoaldien
clodoaldiennes	fp	clodoaldien
clodoaldiens	mp	clodoaldien
cloisonné	ms	cloisonné
cloisonnée	fs	cloisonné
cloisonnées	fp	cloisonné
cloisonnés	mp	cloisonné
clopinant	ms	clopinant
clopinante	fs	clopinant
clopinantes	fp	clopinant
clopinants	mp	clopinant
cloqué	ms	cloqué
cloquée	fs	cloqué
cloquées	fp	cloqué
cloqués	mp	cloqué
close	fs	clos
closes	fp	clos
clouté	ms	clouté
cloutée	fs	clouté
cloutées	fp	clouté
cloutés	mp	clouté
cloîtré	ms	cloîtré
cloîtrée	fs	cloîtré
cloîtrées	fp	cloîtré
cloîtrés	mp	cloîtré
clunisien	ms	clunisien
clunisienne	fs	clunisien
clunisiennes	fp	clunisien
clunisiens	mp	clunisien
clément	ms	clément
clémente	fs	clément
clémentes	fp	clément
clémentin	ms	clémentin
clémentine	fs	clémentin
clémentines	fp	clémentin
clémentins	mp	clémentin
cléments	mp	clément
clérical	ms	clérical
cléricale	fs	clérical
cléricales	fp	clérical
cléricaux	mp	clérical
coadjuteur	ms	coadjuteur
coadjuteurs	mp	coadjuteur
coadjutrice	fs	coadjuteur
coadjutrices	fp	coadjuteur
coagulant	ms	coagulant
coagulante	fs	coagulant
coagulantes	fp	coagulant
coagulants	mp	coagulant
coagulateur	ms	coagulateur
coagulateurs	mp	coagulateur
coagulatrice	fs	coagulateur
coagulatrices	fp	coagulateur
coalescent	ms	coalescent
coalescente	fs	coalescent
coalescentes	fp	coalescent
coalescents	mp	coalescent
coalisé	ms	coalisé
coalisée	fs	coalisé
coalisées	fp	coalisé
coalisés	mp	coalisé
coassocié	ms	coassocié
coassociée	fs	coassocié
coassociées	fp	coassocié
coassociés	mp	coassocié
coaxial	ms	coaxial
coaxiale	fs	coaxial
coaxiales	fp	coaxial
coaxiaux	mp	coaxial
cobelligérant	ms	cobelligérant
cobelligérante	fs	cobelligérant
cobelligérantes	fp	cobelligérant
cobelligérants	mp	cobelligérant
cocardier	ms	cocardier
cocardiers	mp	cocardier
cocardière	fs	cocardier
cocardières	fp	cocardier
coccygien	ms	coccygien
coccygienne	fs	coccygien
coccygiennes	fp	coccygien
coccygiens	mp	coccygien
cocher	ms	cocher
cochers	mp	cocher
cochinchinoise	fs	cochinchinois
cochinchinoises	fp	cochinchinois
cochon	ms	cochon
cochonne	fs	cochon
cochonnes	fp	cochon
cochons	mp	cochon
cochère	fs	cocher
cochères	fp	cocher
cocu	ms	cocu
cocue	fs	cocu
cocues	fp	cocu
cocus	mp	cocu
codant	ms	codant
codante	fs	codant
codantes	fp	codant
codants	mp	codant
codemandeur	ms	codemandeur
codemandeurs	mp	codemandeur
codemandeuse	fs	codemandeur
codemandeuses	fp	codemandeur
codificateur	ms	codificateur
codificateurs	mp	codificateur
codificatrice	fs	codificateur
codificatrices	fp	codificateur
codirecteur	ms	codirecteur
codirecteurs	mp	codirecteur
codirectrice	fs	codirecteur
codirectrices	fp	codirecteur
codé	ms	codé
codée	fs	codé
codées	fp	codé
codés	mp	codé
codétenu	ms	codétenu
codétenue	fs	codétenu
codétenues	fp	codétenu
codétenus	mp	codétenu
coercitif	ms	coercitif
coercitifs	mp	coercitif
coercitive	fs	coercitif
coercitives	fp	coercitif
coexistant	ms	coexistant
coexistante	fs	coexistant
coexistantes	fp	coexistant
coexistants	mp	coexistant
coextensif	ms	coextensif
coextensifs	mp	coextensif
coextensive	fs	coextensif
coextensives	fp	coextensif
cogneur	ms	cogneur
cogneurs	mp	cogneur
cogneuse	fs	cogneur
cogneuses	fp	cogneur
cognitif	ms	cognitif
cognitifs	mp	cognitif
cognitive	fs	cognitif
cognitives	fp	cognitif
cogné	ms	cogné
cognée	fs	cogné
cognées	fp	cogné
cognés	mp	cogné
cohérent	ms	cohérent
cohérente	fs	cohérent
cohérentes	fp	cohérent
cohérents	mp	cohérent
cohésif	ms	cohésif
cohésifs	mp	cohésif
cohésive	fs	cohésif
cohésives	fp	cohésif
coiffant	ms	coiffant
coiffante	fs	coiffant
coiffantes	fp	coiffant
coiffants	mp	coiffant
coiffé	ms	coiffé
coiffée	fs	coiffé
coiffées	fp	coiffé
coiffés	mp	coiffé
coite	fs	cois
coites	fp	cois
colicitant	ms	colicitant
colicitante	fs	colicitant
colicitantes	fp	colicitant
colicitants	mp	colicitant
collaborant	ms	collaborant
collaborante	fs	collaborant
collaborantes	fp	collaborant
collaborants	mp	collaborant
collaboratif	ms	collaboratif
collaboratifs	mp	collaboratif
collaborative	fs	collaboratif
collaboratives	fp	collaboratif
collant	ms	collant
collante	fs	collant
collantes	fp	collant
collants	mp	collant
collatéral	ms	collatéral
collatérale	fs	collatéral
collatérales	fp	collatéral
collatéraux	mp	collatéral
collecteur	ms	collecteur
collecteurs	mp	collecteur
collectif	ms	collectif
collectifs	mp	collectif
collective	fs	collectif
collectives	fp	collectif
collectrice	fs	collecteur
collectrices	fp	collecteur
colloïdal	ms	colloïdal
colloïdale	fs	colloïdal
colloïdales	fp	colloïdal
colloïdaux	mp	colloïdal
collégial	ms	collégial
collégiale	fs	collégial
collégiales	fp	collégial
collégiaux	mp	collégial
colmatant	ms	colmatant
colmatante	fs	colmatant
colmatantes	fp	colmatant
colmatants	mp	colmatant
colombien	ms	colombien
colombienne	fs	colombien
colombiennes	fp	colombien
colombiens	mp	colombien
colombin	ms	colombin
colombine	fs	colombin
colombines	fp	colombin
colombins	mp	colombin
colonial	ms	colonial
coloniale	fs	colonial
coloniales	fp	colonial
coloniaux	mp	colonial
colonisateur	ms	colonisateur
colonisateurs	mp	colonisateur
colonisatrice	fs	colonisateur
colonisatrices	fp	colonisateur
colonisé	ms	colonisé
colonisée	fs	colonisé
colonisées	fp	colonisé
colonisés	mp	colonisé
colorant	ms	colorant
colorante	fs	colorant
colorantes	fp	colorant
colorants	mp	colorant
coloré	ms	coloré
colorée	fs	coloré
colorées	fp	coloré
colorés	mp	coloré
colossal	ms	colossal
colossale	fs	colossal
colossales	fp	colossal
colossaux	mp	colossal
colporteur	ms	colporteur
colporteurs	mp	colporteur
colporteuse	fs	colporteur
colporteuses	fp	colporteur
coléreuse	fs	coléreux
coléreuses	fp	coléreux
comateuse	fs	comateux
comateuses	fp	comateux
combatif	ms	combatif
combatifs	mp	combatif
combative	fs	combatif
combatives	fp	combatif
combattant	ms	combattant
combattante	fs	combattant
combattantes	fp	combattant
combattants	mp	combattant
combinant	ms	combinant
combinante	fs	combinant
combinantes	fp	combinant
combinants	mp	combinant
combinard	ms	combinard
combinarde	fs	combinard
combinardes	fp	combinard
combinards	mp	combinard
comburant	ms	comburant
comburante	fs	comburant
comburantes	fp	comburant
comburants	mp	comburant
commandant	ms	commandant
commandante	fs	commandant
commandantes	fp	commandant
commandants	mp	commandant
commensal	ms	commensal
commensale	fs	commensal
commensales	fp	commensal
commensaux	mp	commensal
commençant	ms	commençant
commençante	fs	commençant
commençantes	fp	commençant
commençants	mp	commençant
commercial	ms	commercial
commerciale	fs	commercial
commerciales	fp	commercial
commerciaux	mp	commercial
commerçant	ms	commerçant
commerçante	fs	commerçant
commerçantes	fp	commerçant
commerçants	mp	commerçant
comminutif	ms	comminutif
comminutifs	mp	comminutif
comminutive	fs	comminutif
comminutives	fp	comminutif
commissural	ms	commissural
commissurale	fs	commissural
commissurales	fp	commissural
commissuraux	mp	commissural
commun	ms	commun
communal	ms	communal
communale	fs	communal
communales	fp	communal
communard	ms	communard
communarde	fs	communard
communardes	fp	communard
communards	mp	communard
communaux	mp	communal
commune	fs	commun
communes	fp	commun
communiant	ms	communiant
communiante	fs	communiant
communiantes	fp	communiant
communiants	mp	communiant
communicant	ms	communicant
communicante	fs	communicant
communicantes	fp	communicant
communicants	mp	communicant
communicateur	ms	communicateur
communicateurs	mp	communicateur
communicatif	ms	communicatif
communicatifs	mp	communicatif
communicationnel	ms	communicationnel
communicationnelle	fs	communicationnel
communicationnelles	fp	communicationnel
communicationnels	mp	communicationnel
communicative	fs	communicatif
communicatives	fp	communicatif
communicatrice	fs	communicateur
communicatrices	fp	communicateur
communisant	ms	communisant
communisante	fs	communisant
communisantes	fp	communisant
communisants	mp	communisant
communs	mp	commun
commutatif	ms	commutatif
commutatifs	mp	commutatif
commutative	fs	commutatif
commutatives	fp	commutatif
commémoratif	ms	commémoratif
commémoratifs	mp	commémoratif
commémorative	fs	commémoratif
commémoratives	fp	commémoratif
comorien	ms	comorien
comorienne	fs	comorien
comoriennes	fp	comorien
comoriens	mp	comorien
compact	ms	compact
compacte	fs	compact
compactes	fp	compact
compacts	mp	compact
comparant	ms	comparant
comparante	fs	comparant
comparantes	fp	comparant
comparants	mp	comparant
comparateur	ms	comparateur
comparateurs	mp	comparateur
comparatif	ms	comparatif
comparatifs	mp	comparatif
comparative	fs	comparatif
comparatives	fp	comparatif
comparatrice	fs	comparateur
comparatrices	fp	comparateur
comparé	ms	comparé
comparée	fs	comparé
comparées	fp	comparé
comparés	mp	comparé
compassé	ms	compassé
compassée	fs	compassé
compassées	fp	compassé
compassés	mp	compassé
compatissant	ms	compatissant
compatissante	fs	compatissant
compatissantes	fp	compatissant
compatissants	mp	compatissant
compendieuse	fs	compendieux
compendieuses	fp	compendieux
compensateur	ms	compensateur
compensateurs	mp	compensateur
compensatrice	fs	compensateur
compensatrices	fp	compensateur
compensé	ms	compensé
compensée	fs	compensé
compensées	fp	compensé
compensés	mp	compensé
complaisant	ms	complaisant
complaisante	fs	complaisant
complaisantes	fp	complaisant
complaisants	mp	complaisant
complet	ms	complet
complets	mp	complet
complexant	ms	complexant
complexante	fs	complexant
complexantes	fp	complexant
complexants	mp	complexant
complexé	ms	complexé
complexée	fs	complexé
complexées	fp	complexé
complexés	mp	complexé
complimenteur	ms	complimenteur
complimenteurs	mp	complimenteur
complimenteuse	fs	complimenteur
complimenteuses	fp	complimenteur
compliqué	ms	compliqué
compliquée	fs	compliqué
compliquées	fp	compliqué
compliqués	mp	compliqué
complète	fs	complet
complètes	fp	complet
complétif	ms	complétif
complétifs	mp	complétif
complétive	fs	complétif
complétives	fp	complétif
componé	ms	componé
componée	fs	componé
componées	fp	componé
componés	mp	componé
comportemental	ms	comportemental
comportementale	fs	comportemental
comportementales	fp	comportemental
comportementaux	mp	comportemental
composant	ms	composant
composante	fs	composant
composantes	fp	composant
composants	mp	composant
composé	ms	composé
composée	fs	composé
composées	fp	composé
composés	mp	composé
compressif	ms	compressif
compressifs	mp	compressif
compressive	fs	compressif
compressives	fp	compressif
comprimé	ms	comprimé
comprimée	fs	comprimé
comprimées	fp	comprimé
comprimés	mp	comprimé
comprise	fs	compris
comprises	fp	compris
compromettant	ms	compromettant
compromettante	fs	compromettant
compromettantes	fp	compromettant
compromettants	mp	compromettant
compréhensif	ms	compréhensif
compréhensifs	mp	compréhensif
compréhensive	fs	compréhensif
compréhensives	fp	compréhensif
compteur	ms	compteur
compteurs	mp	compteur
compteuse	fs	compteur
compteuses	fp	compteur
compulsif	ms	compulsif
compulsifs	mp	compulsif
compulsive	fs	compulsif
compulsives	fp	compulsif
compétent	ms	compétent
compétente	fs	compétent
compétentes	fp	compétent
compétents	mp	compétent
compétitif	ms	compétitif
compétitifs	mp	compétitif
compétitive	fs	compétitif
compétitives	fp	compétitif
comtal	ms	comtal
comtale	fs	comtal
comtales	fp	comtal
comtaux	mp	comtal
comtoise	fs	comtois
comtoises	fp	comtois
comédien	ms	comédien
comédienne	fs	comédien
comédiennes	fp	comédien
comédiens	mp	comédien
con	ms	con
conatif	ms	conatif
conatifs	mp	conatif
conative	fs	conatif
conatives	fp	conatif
concasseur	ms	concasseur
concasseurs	mp	concasseur
concasseuse	fs	concasseur
concasseuses	fp	concasseur
concentré	ms	concentré
concentrée	fs	concentré
concentrées	fp	concentré
concentrés	mp	concentré
conceptuel	ms	conceptuel
conceptuelle	fs	conceptuel
conceptuelles	fp	conceptuel
conceptuels	mp	conceptuel
concertant	ms	concertant
concertante	fs	concertant
concertantes	fp	concertant
concertants	mp	concertant
concerté	ms	concerté
concertée	fs	concerté
concertées	fp	concerté
concertés	mp	concerté
concessif	ms	concessif
concessifs	mp	concessif
concessive	fs	concessif
concessives	fp	concessif
conchoïdal	ms	conchoïdal
conchoïdale	fs	conchoïdal
conchoïdales	fp	conchoïdal
conchoïdaux	mp	conchoïdal
conchylien	ms	conchylien
conchylienne	fs	conchylien
conchyliennes	fp	conchylien
conchyliens	mp	conchylien
conciliant	ms	conciliant
conciliante	fs	conciliant
conciliantes	fp	conciliant
conciliants	mp	conciliant
conciliateur	ms	conciliateur
conciliateurs	mp	conciliateur
conciliatrice	fs	conciliateur
conciliatrices	fp	conciliateur
concise	fs	concis
concises	fp	concis
concluant	ms	concluant
concluante	fs	concluant
concluantes	fp	concluant
concluants	mp	concluant
concomitant	ms	concomitant
concomitante	fs	concomitant
concomitantes	fp	concomitant
concomitants	mp	concomitant
concordant	ms	concordant
concordante	fs	concordant
concordantes	fp	concordant
concordants	mp	concordant
concourant	ms	concourant
concourante	fs	concourant
concourantes	fp	concourant
concourants	mp	concourant
concret	ms	concret
concrets	mp	concret
concrète	fs	concret
concrètes	fp	concret
concubin	ms	concubin
concubine	fs	concubin
concubines	fp	concubin
concubins	mp	concubin
concupiscent	ms	concupiscent
concupiscente	fs	concupiscent
concupiscentes	fp	concupiscent
concupiscents	mp	concupiscent
concurrent	ms	concurrent
concurrente	fs	concurrent
concurrentes	fp	concurrent
concurrentiel	ms	concurrentiel
concurrentielle	fs	concurrentiel
concurrentielles	fp	concurrentiel
concurrentiels	mp	concurrentiel
concurrents	mp	concurrent
concédant	ms	concédant
concédante	fs	concédant
concédantes	fp	concédant
concédants	mp	concédant
condensé	ms	condensé
condensée	fs	condensé
condensées	fp	condensé
condensés	mp	condensé
condescendant	ms	condescendant
condescendante	fs	condescendant
condescendantes	fp	condescendant
condescendants	mp	condescendant
conditionnel	ms	conditionnel
conditionnelle	fs	conditionnel
conditionnelles	fp	conditionnel
conditionnels	mp	conditionnel
conducteur	ms	conducteur
conducteurs	mp	conducteur
conductrice	fs	conducteur
conductrices	fp	conducteur
condylien	ms	condylien
condylienne	fs	condylien
condyliennes	fp	condylien
condyliens	mp	condylien
confessionnel	ms	confessionnel
confessionnelle	fs	confessionnel
confessionnelles	fp	confessionnel
confessionnels	mp	confessionnel
confessionnnel	ms	confessionnnel
confessionnnelle	fs	confessionnnel
confessionnnelles	fp	confessionnnel
confessionnnels	mp	confessionnnel
confiant	ms	confiant
confiante	fs	confiant
confiantes	fp	confiant
confiants	mp	confiant
confident	ms	confident
confidentiel	ms	confidentiel
confidentielle	fs	confidentiel
confidentielles	fp	confidentiel
confidentiels	mp	confidentiel
confirmatif	ms	confirmatif
confirmatifs	mp	confirmatif
confirmative	fs	confirmatif
confirmatives	fp	confirmatif
confit	ms	confit
confite	fs	confit
confites	fp	confit
confits	mp	confit
confiturier	ms	confiturier
confituriers	mp	confiturier
confiturière	fs	confiturier
confiturières	fp	confiturier
conflictuel	ms	conflictuel
conflictuelle	fs	conflictuel
conflictuelles	fp	conflictuel
conflictuels	mp	conflictuel
confluent	ms	confluent
confluente	fs	confluent
confluentes	fp	confluent
confluents	mp	confluent
confondant	ms	confondant
confondante	fs	confondant
confondantes	fp	confondant
confondants	mp	confondant
confraternel	ms	confraternel
confraternelle	fs	confraternel
confraternelles	fp	confraternel
confraternels	mp	confraternel
confucéen	ms	confucéen
confucéenne	fs	confucéen
confucéennes	fp	confucéen
confucéens	mp	confucéen
confuse	fs	confus
confuses	fp	confus
confusionnel	ms	confusionnel
confédéral	ms	confédéral
confédérale	fs	confédéral
confédérales	fp	confédéral
confédératif	ms	confédératif
confédératifs	mp	confédératif
confédérative	fs	confédératif
confédératives	fp	confédératif
confédéraux	mp	confédéral
confédéré	ms	confédéré
confédérée	fs	confédéré
confédérées	fp	confédéré
confédérés	mp	confédéré
congestif	ms	congestif
congestifs	mp	congestif
congestive	fs	congestif
congestives	fp	congestif
conglutinant	ms	conglutinant
conglutinante	fs	conglutinant
conglutinantes	fp	conglutinant
conglutinants	mp	conglutinant
congolaise	fs	congolais
congolaises	fp	congolais
congru	ms	congru
congrue	fs	congru
congrues	fp	congru
congrus	mp	congru
congénital	ms	congénital
congénitale	fs	congénital
congénitales	fp	congénital
congénitaux	mp	congénital
conjectural	ms	conjectural
conjecturale	fs	conjectural
conjecturales	fp	conjectural
conjecturaux	mp	conjectural
conjoint	ms	conjoint
conjointe	fs	conjoint
conjointes	fp	conjoint
conjoints	mp	conjoint
conjonctif	ms	conjonctif
conjonctifs	mp	conjonctif
conjonctival	ms	conjonctival
conjonctive	fs	conjonctif
conjonctives	fp	conjonctif
conjoncturel	ms	conjoncturel
conjoncturelle	fs	conjoncturel
conjoncturelles	fp	conjoncturel
conjoncturels	mp	conjoncturel
conjugal	ms	conjugal
conjugale	fs	conjugal
conjugales	fp	conjugal
conjugaux	mp	conjugal
conjugué	ms	conjugué
conjuguée	fs	conjugué
conjuguées	fp	conjugué
conjugués	mp	conjugué
conjurateur	ms	conjurateur
connard	ms	connard
conne	fs	con
connectif	ms	connectif
connectifs	mp	connectif
connective	fs	connectif
connectives	fp	connectif
connes	fp	con
connivent	ms	connivent
connivente	fs	connivent
conniventes	fp	connivent
connivents	mp	connivent
connotatif	ms	connotatif
connotatifs	mp	connotatif
connotative	fs	connotatif
connotatives	fp	connotatif
connu	ms	connu
connue	fs	connu
connues	fp	connu
connus	mp	connu
conné	ms	conné
connée	fs	conné
connées	fp	conné
connés	mp	conné
conquise	fs	conquis
conquises	fp	conquis
conquérant	ms	conquérant
conquérante	fs	conquérant
conquérantes	fp	conquérant
conquérants	mp	conquérant
cons	mp	con
consacrant	ms	consacrant
consacrante	fs	consacrant
consacrantes	fp	consacrant
consacrants	mp	consacrant
consanguin	ms	consanguin
consanguine	fs	consanguin
consanguines	fp	consanguin
consanguins	mp	consanguin
consciencieuse	fs	consciencieux
consciencieuses	fp	consciencieux
conscient	ms	conscient
consciente	fs	conscient
conscientes	fp	conscient
conscients	mp	conscient
conscrit	ms	conscrit
conscrite	fs	conscrit
conscrites	fp	conscrit
conscrits	mp	conscrit
consensuel	ms	consensuel
consensuelle	fs	consensuel
consensuelles	fp	consensuel
consensuels	mp	consensuel
consentant	ms	consentant
consentante	fs	consentant
consentantes	fp	consentant
consentants	mp	consentant
conservateur	ms	conservateur
conservateurs	mp	conservateur
conservatif	ms	conservatif
conservatifs	mp	conservatif
conservative	fs	conservatif
conservatives	fp	conservatif
conservatrice	fs	conservateur
conservatrices	fp	conservateur
conservé	ms	conservé
conservée	fs	conservé
conservées	fp	conservé
conservés	mp	conservé
consistant	ms	consistant
consistante	fs	consistant
consistantes	fp	consistant
consistants	mp	consistant
consistorial	ms	consistorial
consistoriale	fs	consistorial
consistoriales	fp	consistorial
consistoriaux	mp	consistorial
consolant	ms	consolant
consolante	fs	consolant
consolantes	fp	consolant
consolants	mp	consolant
consolateur	ms	consolateur
consolateurs	mp	consolateur
consolatrice	fs	consolateur
consolatrices	fp	consolateur
consolidé	ms	consolidé
consolidée	fs	consolidé
consolidées	fp	consolidé
consolidés	mp	consolidé
consommateur	ms	consommateur
consommateurs	mp	consommateur
consommatrice	fs	consommateur
consommatrices	fp	consommateur
consommé	ms	consommé
consommée	fs	consommé
consommées	fp	consommé
consommés	mp	consommé
consomptif	ms	consomptif
consomptifs	mp	consomptif
consomptive	fs	consomptif
consomptives	fp	consomptif
consonant	ms	consonant
consonante	fs	consonant
consonantes	fp	consonant
consonants	mp	consonant
constant	ms	constant
constante	fs	constant
constantes	fp	constant
constantinien	ms	constantinien
constantinoise	fs	constantinois
constantinoises	fp	constantinois
constants	mp	constant
constellé	ms	constellé
constellée	fs	constellé
constellées	fp	constellé
constellés	mp	constellé
consternant	ms	consternant
consternante	fs	consternant
consternantes	fp	consternant
consternants	mp	consternant
constipé	ms	constipé
constipée	fs	constipé
constipées	fp	constipé
constipés	mp	constipé
constituant	ms	constituant
constituante	fs	constituant
constituantes	fp	constituant
constituants	mp	constituant
constitutif	ms	constitutif
constitutifs	mp	constitutif
constitutionnel	ms	constitutionnel
constitutionnelle	fs	constitutionnel
constitutionnelles	fp	constitutionnel
constitutionnels	mp	constitutionnel
constitutive	fs	constitutif
constitutives	fp	constitutif
constitué	ms	constitué
constituée	fs	constitué
constituées	fp	constitué
constitués	mp	constitué
constricteur	ms	constricteur
constructif	ms	constructif
constructifs	mp	constructif
constructive	fs	constructif
constructives	fp	constructif
consubstantiel	ms	consubstantiel
consubstantielle	fs	consubstantiel
consubstantielles	fp	consubstantiel
consubstantiels	mp	consubstantiel
consultant	ms	consultant
consultante	fs	consultant
consultantes	fp	consultant
consultants	mp	consultant
consultatif	ms	consultatif
consultatifs	mp	consultatif
consultative	fs	consultatif
consultatives	fp	consultatif
consécrateur	ms	consécrateur
consécutif	ms	consécutif
consécutifs	mp	consécutif
consécutive	fs	consécutif
consécutives	fp	consécutif
conséquent	ms	conséquent
conséquente	fs	conséquent
conséquentes	fp	conséquent
conséquents	mp	conséquent
contagieuse	fs	contagieux
contagieuses	fp	contagieux
contaminant	ms	contaminant
contaminante	fs	contaminant
contaminantes	fp	contaminant
contaminants	mp	contaminant
contemplateur	ms	contemplateur
contemplateurs	mp	contemplateur
contemplatif	ms	contemplatif
contemplatifs	mp	contemplatif
contemplative	fs	contemplatif
contemplatives	fp	contemplatif
contemplatrice	fs	contemplateur
contemplatrices	fp	contemplateur
contemporain	ms	contemporain
contemporaine	fs	contemporain
contemporaines	fp	contemporain
contemporains	mp	contemporain
contempteur	ms	contempteur
contempteurs	mp	contempteur
contemptrice	fs	contempteur
contemptrices	fp	contempteur
content	ms	content
contente	fs	content
contentes	fp	content
contentieuse	fs	contentieux
contentieuses	fp	contentieux
contentif	ms	contentif
contentifs	mp	contentif
contentive	fs	contentif
contentives	fp	contentif
contents	mp	content
contenu	ms	contenu
contenue	fs	contenu
contenues	fp	contenu
contenus	mp	contenu
contestant	ms	contestant
contestante	fs	contestant
contestantes	fp	contestant
contestants	mp	contestant
contestateur	ms	contestateur
contestateurs	mp	contestateur
contestatrice	fs	contestateur
contestatrices	fp	contestateur
contextuel	ms	contextuel
contextuelle	fs	contextuel
contextuelles	fp	contextuel
contextuels	mp	contextuel
contigu	ms	contigu
contigus	mp	contigu
contiguë	fs	contigu
contiguës	fp	contigu
continent	ms	continent
continental	ms	continental
continentale	fs	continental
continentales	fp	continental
continentaux	mp	continental
continente	fs	continent
continentes	fp	continent
continents	mp	continent
contingent	ms	contingent
contingente	fs	contingent
contingentes	fp	contingent
contingents	mp	contingent
continu	ms	continu
continue	fs	continu
continuel	ms	continuel
continuelle	fs	continuel
continuelles	fp	continuel
continuels	mp	continuel
continues	fp	continu
continus	mp	continu
contondant	ms	contondant
contondante	fs	contondant
contondantes	fp	contondant
contondants	mp	contondant
contourné	ms	contourné
contournée	fs	contourné
contournées	fp	contourné
contournés	mp	contourné
contraceptif	ms	contraceptif
contraceptifs	mp	contraceptif
contraceptive	fs	contraceptif
contraceptives	fp	contraceptif
contractant	ms	contractant
contractante	fs	contractant
contractantes	fp	contractant
contractants	mp	contractant
contractuel	ms	contractuel
contractuelle	fs	contractuel
contractuelles	fp	contractuel
contractuels	mp	contractuel
contracté	ms	contracté
contractée	fs	contracté
contractées	fp	contracté
contractés	mp	contracté
contraignant	ms	contraignant
contraignante	fs	contraignant
contraignantes	fp	contraignant
contraignants	mp	contraignant
contrariant	ms	contrariant
contrariante	fs	contrariant
contrariantes	fp	contrariant
contrariants	mp	contrariant
contrarié	ms	contrarié
contrariée	fs	contrarié
contrariées	fp	contrarié
contrariés	mp	contrarié
contrarotatif	ms	contrarotatif
contrarotatifs	mp	contrarotatif
contrarotative	fs	contrarotatif
contrarotatives	fp	contrarotatif
contrastant	ms	contrastant
contrastante	fs	contrastant
contrastantes	fp	contrastant
contrastants	mp	contrastant
contrastif	ms	contrastif
contrastifs	mp	contrastif
contrastive	fs	contrastif
contrastives	fp	contrastif
contrasté	ms	contrasté
contrastée	fs	contrasté
contrastées	fp	contrasté
contrastés	mp	contrasté
contre-indiqué	ms	contre-indiqué
contre-indiquée	fs	contre-indiqué
contre-indiquées	fp	contre-indiqué
contre-indiqués	mp	contre-indiqué
contre-productif	ms	contre-productif
contre-productifs	mp	contre-productif
contre-productive	fs	contre-productif
contre-productives	fp	contre-productif
contrecollé	ms	contrecollé
contrecollée	fs	contrecollé
contrecollées	fp	contrecollé
contrecollés	mp	contrecollé
contredisant	ms	contredisant
contredisante	fs	contredisant
contredisantes	fp	contredisant
contredisants	mp	contredisant
contrefait	ms	contrefait
contrefaite	fs	contrefait
contrefaites	fp	contrefait
contrefaits	mp	contrefait
contributif	ms	contributif
contributifs	mp	contributif
contributive	fs	contributif
contributives	fp	contributif
contrit	ms	contrit
contrite	fs	contrit
contrites	fp	contrit
contrits	mp	contrit
controlatéral	ms	controlatéral
controlatérale	fs	controlatéral
controlatérales	fp	controlatéral
controlatéraux	mp	controlatéral
controuvé	ms	controuvé
controuvée	fs	controuvé
controuvées	fp	controuvé
controuvés	mp	controuvé
controversé	ms	controversé
controversée	fs	controversé
controversées	fp	controversé
controversés	mp	controversé
convaincant	ms	convaincant
convaincante	fs	convaincant
convaincantes	fp	convaincant
convaincants	mp	convaincant
convalescent	ms	convalescent
convalescente	fs	convalescent
convalescentes	fp	convalescent
convalescents	mp	convalescent
conventionnel	ms	conventionnel
conventionnelle	fs	conventionnel
conventionnelles	fp	conventionnel
conventionnels	mp	conventionnel
conventionné	ms	conventionné
conventionnée	fs	conventionné
conventionnées	fp	conventionné
conventionnés	mp	conventionné
conventuel	ms	conventuel
conventuelle	fs	conventuel
conventuelles	fp	conventuel
conventuels	mp	conventuel
convenu	ms	convenu
convenue	fs	convenu
convenues	fp	convenu
convenus	mp	convenu
convergent	ms	convergent
convergente	fs	convergent
convergentes	fp	convergent
convergents	mp	convergent
conversationnel	ms	conversationnel
conversationnelle	fs	conversationnel
conversationnelles	fp	conversationnel
conversationnels	mp	conversationnel
converse	fs	convers
converses	fp	convers
convivial	ms	convivial
conviviale	fs	convivial
conviviales	fp	convivial
conviviaux	mp	convivial
convoyeur	ms	convoyeur
convoyeurs	mp	convoyeur
convoyeuse	fs	convoyeur
convoyeuses	fp	convoyeur
convulsif	ms	convulsif
convulsifs	mp	convulsif
convulsive	fs	convulsif
convulsives	fp	convulsif
convulsé	ms	convulsé
convulsée	fs	convulsé
convulsées	fp	convulsé
convulsés	mp	convulsé
coopérant	ms	coopérant
coopérante	fs	coopérant
coopérantes	fp	coopérant
coopérants	mp	coopérant
coopérateur	ms	coopérateur
coopérateurs	mp	coopérateur
coopératif	ms	coopératif
coopératifs	mp	coopératif
coopérative	fs	coopératif
coopératives	fp	coopératif
coopératrice	fs	coopérateur
coopératrices	fp	coopérateur
coordinateur	ms	coordinateur
coordinateurs	mp	coordinateur
coordinatrice	fs	coordinateur
coordinatrices	fp	coordinateur
coordonnant	ms	coordonnant
coordonnante	fs	coordonnant
coordonnantes	fp	coordonnant
coordonnants	mp	coordonnant
coordonnateur	ms	coordonnateur
coordonnateurs	mp	coordonnateur
coordonnatrice	fs	coordonnateur
coordonnatrices	fp	coordonnateur
coordonné	ms	coordonné
coordonnée	fs	coordonné
coordonnées	fp	coordonné
coordonnés	mp	coordonné
copartageant	ms	copartageant
copartageante	fs	copartageant
copartageantes	fp	copartageant
copartageants	mp	copartageant
copernicien	ms	copernicien
copernicienne	fs	copernicien
coperniciennes	fp	copernicien
coperniciens	mp	copernicien
copieuse	fs	copieux
copieuses	fp	copieux
copulatif	ms	copulatif
copulatifs	mp	copulatif
copulative	fs	copulatif
copulatives	fp	copulatif
coquelucheuse	fs	coquelucheux
coquelucheuses	fp	coquelucheux
coquet	ms	coquet
coquets	mp	coquet
coquette	fs	coquet
coquettes	fp	coquet
coquin	ms	coquin
coquine	fs	coquin
coquines	fp	coquin
coquins	mp	coquin
corallien	ms	corallien
corallienne	fs	corallien
coralliennes	fp	corallien
coralliens	mp	corallien
corbin	ms	corbin
corbine	fs	corbin
corbines	fp	corbin
corbins	mp	corbin
cordial	ms	cordial
cordiale	fs	cordial
cordiales	fp	cordial
cordiaux	mp	cordial
cordouan	ms	cordouan
cordouane	fs	cordouan
cordouanes	fp	cordouan
cordouans	mp	cordouan
cordé	ms	cordé
cordée	fs	cordé
cordées	fp	cordé
cordés	mp	cordé
corinthien	ms	corinthien
corinthienne	fs	corinthien
corinthiennes	fp	corinthien
corinthiens	mp	corinthien
cornier	ms	cornier
corniers	mp	cornier
cornière	fs	cornier
cornières	fp	cornier
cornu	ms	cornu
cornue	fs	cornu
cornues	fp	cornu
cornus	mp	cornu
corné	ms	corné
cornée	fs	corné
cornéen	ms	cornéen
cornéenne	fs	cornéen
cornéennes	fp	cornéen
cornéens	mp	cornéen
cornées	fp	corné
cornélien	ms	cornélien
cornélienne	fs	cornélien
cornéliennes	fp	cornélien
cornéliens	mp	cornélien
cornés	mp	corné
coronarien	ms	coronarien
coronarienne	fs	coronarien
coronariennes	fp	coronarien
coronariens	mp	coronarien
corporatif	ms	corporatif
corporatifs	mp	corporatif
corporative	fs	corporatif
corporatives	fp	corporatif
corporel	ms	corporel
corporelle	fs	corporel
corporelles	fp	corporel
corporels	mp	corporel
corpulent	ms	corpulent
corpulente	fs	corpulent
corpulentes	fp	corpulent
corpulents	mp	corpulent
correct	ms	correct
correcte	fs	correct
correctes	fp	correct
correctif	ms	correctif
correctifs	mp	correctif
correctionnel	ms	correctionnel
correctionnelle	fs	correctionnel
correctionnelles	fp	correctionnel
correctionnels	mp	correctionnel
corrective	fs	correctif
correctives	fp	correctif
corrects	mp	correct
correspondant	ms	correspondant
correspondante	fs	correspondant
correspondantes	fp	correspondant
correspondants	mp	correspondant
corroborant	ms	corroborant
corroborante	fs	corroborant
corroborantes	fp	corroborant
corroborants	mp	corroborant
corrodant	ms	corrodant
corrodante	fs	corrodant
corrodantes	fp	corrodant
corrodants	mp	corrodant
corrompu	ms	corrompu
corrompue	fs	corrompu
corrompues	fp	corrompu
corrompus	mp	corrompu
corrosif	ms	corrosif
corrosifs	mp	corrosif
corrosive	fs	corrosif
corrosives	fp	corrosif
corrupteur	ms	corrupteur
corrupteurs	mp	corrupteur
corruptrice	fs	corrupteur
corruptrices	fp	corrupteur
corrélatif	ms	corrélatif
corrélatifs	mp	corrélatif
corrélative	fs	corrélatif
corrélatives	fp	corrélatif
corrézien	ms	corrézien
corrézienne	fs	corrézien
corréziennes	fp	corrézien
corréziens	mp	corrézien
corsé	ms	corsé
corsée	fs	corsé
corsées	fp	corsé
corsés	mp	corsé
cortical	ms	cortical
corticale	fs	cortical
corticales	fp	cortical
corticaux	mp	cortical
coréen	ms	coréen
coréenne	fs	coréen
coréennes	fp	coréen
coréens	mp	coréen
cossard	ms	cossard
cossarde	fs	cossard
cossardes	fp	cossard
cossards	mp	cossard
cossu	ms	cossu
cossue	fs	cossu
cossues	fp	cossu
cossus	mp	cossu
costal	ms	costal
costale	fs	costal
costales	fp	costal
costaricain	ms	costaricain
costaricaine	fs	costaricain
costaricaines	fp	costaricain
costaricains	mp	costaricain
costaricien	ms	costaricien
costaricienne	fs	costaricien
costariciennes	fp	costaricien
costariciens	mp	costaricien
costaud	ms	costaud
costaude	fs	costaud
costaudes	fp	costaud
costauds	mp	costaud
costaux	mp	costal
costumier	ms	costumier
costumiers	mp	costumier
costumière	fs	costumier
costumières	fp	costumier
costumé	ms	costumé
costumée	fs	costumé
costumées	fp	costumé
costumés	mp	costumé
cotisant	ms	cotisant
cotisante	fs	cotisant
cotisantes	fp	cotisant
cotisants	mp	cotisant
cotonneuse	fs	cotonneux
cotonneuses	fp	cotonneux
cotonnier	ms	cotonnier
cotonniers	mp	cotonnier
cotonnière	fs	cotonnier
cotonnières	fp	cotonnier
coté	ms	coté
cotée	fs	coté
cotées	fp	coté
cotés	mp	coté
couard	ms	couard
couarde	fs	couard
couardes	fp	couard
couards	mp	couard
couchant	ms	couchant
couchante	fs	couchant
couchantes	fp	couchant
couchants	mp	couchant
couché	ms	couché
couchée	fs	couché
couchées	fp	couché
couchés	mp	couché
coudé	ms	coudé
coudée	fs	coudé
coudées	fp	coudé
coudés	mp	coudé
coulant	ms	coulant
coulante	fs	coulant
coulantes	fp	coulant
coulants	mp	coulant
coulissant	ms	coulissant
coulissante	fs	coulissant
coulissantes	fp	coulissant
coulissants	mp	coulissant
coulissé	ms	coulissé
coulissée	fs	coulissé
coulissées	fp	coulissé
coulissés	mp	coulissé
coupant	ms	coupant
coupante	fs	coupant
coupantes	fp	coupant
coupants	mp	coupant
couperosé	ms	couperosé
couperosée	fs	couperosé
couperosées	fp	couperosé
couperosés	mp	couperosé
coupé	ms	coupé
coupée	fs	coupé
coupées	fp	coupé
coupés	mp	coupé
courageuse	fs	courageux
courageuses	fp	courageux
courant	ms	courant
courante	fs	courant
courantes	fp	courant
courants	mp	courant
courbatu	ms	courbatu
courbatue	fs	courbatu
courbatues	fp	courbatu
courbaturé	ms	courbaturé
courbaturée	fs	courbaturé
courbaturées	fp	courbaturé
courbaturés	mp	courbaturé
courbatus	mp	courbatu
courbé	ms	courbé
courbée	fs	courbé
courbées	fp	courbé
courbés	mp	courbé
couronné	ms	couronné
couronnée	fs	couronné
couronnées	fp	couronné
couronnés	mp	couronné
court	ms	court
courtaud	ms	courtaud
courtaude	fs	courtaud
courtaudes	fp	courtaud
courtauds	mp	courtaud
courte	fs	court
courtes	fp	court
courtisan	ms	courtisan
courtisane	fs	courtisan
courtisanes	fp	courtisan
courtisans	mp	courtisan
courtoise	fs	courtois
courtoises	fp	courtois
courts	mp	court
couru	ms	couru
courue	fs	couru
courues	fp	couru
courus	mp	couru
cousu	ms	cousu
cousue	fs	cousu
cousues	fp	cousu
cousus	mp	cousu
coutumier	ms	coutumier
coutumiers	mp	coutumier
coutumière	fs	coutumier
coutumières	fp	coutumier
couturier	ms	couturier
couturiers	mp	couturier
couturière	fs	couturier
couturières	fp	couturier
couturé	ms	couturé
couturée	fs	couturé
couturées	fp	couturé
couturés	mp	couturé
couvert	ms	couvert
couverte	fs	couvert
couvertes	fp	couvert
couverts	mp	couvert
couvrant	ms	couvrant
couvrante	fs	couvrant
couvrantes	fp	couvrant
couvrants	mp	couvrant
coxal	ms	coxal
coxale	fs	coxal
coxales	fp	coxal
coxaux	mp	coxal
coïncident	ms	coïncident
coïncidente	fs	coïncident
coïncidentes	fp	coïncident
coïncidents	mp	coïncident
coûtant	ms	coûtant
coûtante	fs	coûtant
coûtantes	fp	coûtant
coûtants	mp	coûtant
coûteuse	fs	coûteux
coûteuses	fp	coûteux
crabier	ms	crabier
crabiers	mp	crabier
crabière	fs	crabier
crabières	fp	crabier
cracheur	ms	cracheur
cracheurs	mp	cracheur
cracheuse	fs	cracheur
cracheuses	fp	cracheur
craché	ms	craché
crachée	fs	craché
crachées	fp	craché
crachés	mp	craché
craintif	ms	craintif
craintifs	mp	craintif
craintive	fs	craintif
craintives	fp	craintif
cramoisi	ms	cramoisi
cramoisie	fs	cramoisi
cramoisies	fp	cramoisi
cramoisis	mp	cramoisi
cramponnant	ms	cramponnant
cramponnante	fs	cramponnant
cramponnantes	fp	cramponnant
cramponnants	mp	cramponnant
cranté	ms	cranté
crantée	fs	cranté
crantées	fp	cranté
crantés	mp	cranté
crapuleuse	fs	crapuleux
crapuleuses	fp	crapuleux
craquelé	ms	craquelé
craquelée	fs	craquelé
craquelées	fp	craquelé
craquelés	mp	craquelé
crasseuse	fs	crasseux
crasseuses	fp	crasseux
crayeuse	fs	crayeux
crayeuses	fp	crayeux
creuse	fs	creux
creuses	fp	creux
crevant	ms	crevant
crevante	fs	crevant
crevantes	fp	crevant
crevants	mp	crevant
crevé	ms	crevé
crevée	fs	crevé
crevées	fp	crevé
crevés	mp	crevé
criant	ms	criant
criante	fs	criant
criantes	fp	criant
criants	mp	criant
criard	ms	criard
criarde	fs	criard
criardes	fp	criard
criards	mp	criard
criblant	ms	criblant
criblante	fs	criblant
criblantes	fp	criblant
criblants	mp	criblant
criblé	ms	criblé
criblée	fs	criblé
criblées	fp	criblé
criblés	mp	criblé
criminalisant	ms	criminalisant
criminalisante	fs	criminalisant
criminalisantes	fp	criminalisant
criminalisants	mp	criminalisant
criminel	ms	criminel
criminelle	fs	criminel
criminelles	fp	criminel
criminels	mp	criminel
crispant	ms	crispant
crispante	fs	crispant
crispantes	fp	crispant
crispants	mp	crispant
cristallin	ms	cristallin
cristalline	fs	cristallin
cristallines	fp	cristallin
cristallins	mp	cristallin
cristallisant	ms	cristallisant
cristallisante	fs	cristallisant
cristallisantes	fp	cristallisant
cristallisants	mp	cristallisant
cristallisé	ms	cristallisé
cristallisée	fs	cristallisé
cristallisées	fp	cristallisé
cristallisés	mp	cristallisé
crochu	ms	crochu
crochue	fs	crochu
crochues	fp	crochu
crochus	mp	crochu
croiseur	ms	croiseur
croiseurs	mp	croiseur
croiseuse	fs	croiseur
croiseuses	fp	croiseur
croissant	ms	croissant
croissante	fs	croissant
croissantes	fp	croissant
croissants	mp	croissant
croisé	ms	croisé
croisée	fs	croisé
croisées	fp	croisé
croisés	mp	croisé
croquant	ms	croquant
croquante	fs	croquant
croquantes	fp	croquant
croquants	mp	croquant
crossé	ms	crossé
crossée	fs	crossé
crossées	fp	crossé
crossés	mp	crossé
crotté	ms	crotté
crottée	fs	crotté
crottées	fp	crotté
crottés	mp	crotté
croulant	ms	croulant
croulante	fs	croulant
croulantes	fp	croulant
croulants	mp	croulant
croupi	ms	croupi
croupie	fs	croupi
croupies	fp	croupi
croupis	mp	croupi
croupissant	ms	croupissant
croupissante	fs	croupissant
croupissantes	fp	croupissant
croupissants	mp	croupissant
croustillant	ms	croustillant
croustillante	fs	croustillant
croustillantes	fp	croustillant
croustillants	mp	croustillant
croyant	ms	croyant
croyante	fs	croyant
croyantes	fp	croyant
croyants	mp	croyant
cru	ms	cru
crucial	ms	crucial
cruciale	fs	crucial
cruciales	fp	crucial
cruciaux	mp	crucial
crucifié	ms	crucifié
crucifiée	fs	crucifié
crucifiées	fp	crucifié
crucifiés	mp	crucifié
crue	fs	cru
cruel	ms	cruel
cruelle	fs	cruel
cruelles	fp	cruel
cruels	mp	cruel
crues	fp	cru
crus	mp	cru
crustacé	ms	crustacé
crustacée	fs	crustacé
crustacées	fp	crustacé
crustacés	mp	crustacé
crâneur	ms	crâneur
crâneurs	mp	crâneur
crâneuse	fs	crâneur
crâneuses	fp	crâneur
crânien	ms	crânien
crânienne	fs	crânien
crâniennes	fp	crânien
crâniens	mp	crânien
créancier	ms	créancier
créanciers	mp	créancier
créancière	fs	créancier
créancières	fp	créancier
créateur	ms	créateur
créateurs	mp	créateur
créatif	ms	créatif
créatifs	mp	créatif
créative	fs	créatif
créatives	fp	créatif
créatrice	fs	créateur
créatrices	fp	créateur
créditeur	ms	créditeur
créditeurs	mp	créditeur
créditrice	fs	créditeur
créditrices	fp	créditeur
crémeuse	fs	crémeux
crémeuses	fp	crémeux
crénelé	ms	crénelé
crénelée	fs	crénelé
crénelées	fp	crénelé
crénelés	mp	crénelé
crépi	ms	crépi
crépie	fs	crépi
crépies	fp	crépi
crépis	mp	crépi
crépitant	ms	crépitant
crépitante	fs	crépitant
crépitantes	fp	crépitant
crépitants	mp	crépitant
crépu	ms	crépu
crépue	fs	crépu
crépues	fp	crépu
crépus	mp	crépu
crétacé	ms	crétacé
crétacée	fs	crétacé
crétacées	fp	crétacé
crétacés	mp	crétacé
crétin	ms	crétin
crétine	fs	crétin
crétines	fp	crétin
crétinisant	ms	crétinisant
crétinisante	fs	crétinisant
crétinisantes	fp	crétinisant
crétinisants	mp	crétinisant
crétins	mp	crétin
crétoise	fs	crétois
crétoises	fp	crétois
créé	ms	créé
créée	fs	créé
créées	fp	créé
créés	mp	créé
cubain	ms	cubain
cubaine	fs	cubain
cubaines	fp	cubain
cubains	mp	cubain
cucullé	ms	cucullé
cucullée	fs	cucullé
cucullées	fp	cucullé
cucullés	mp	cucullé
cuirassé	ms	cuirassé
cuirassée	fs	cuirassé
cuirassées	fp	cuirassé
cuirassés	mp	cuirassé
cuisant	ms	cuisant
cuisante	fs	cuisant
cuisantes	fp	cuisant
cuisants	mp	cuisant
cuisiné	ms	cuisiné
cuisinée	fs	cuisiné
cuisinées	fp	cuisiné
cuisinés	mp	cuisiné
cuit	ms	cuit
cuite	fs	cuit
cuites	fp	cuit
cuits	mp	cuit
cuivreuse	fs	cuivreux
cuivreuses	fp	cuivreux
cuivré	ms	cuivré
cuivrée	fs	cuivré
cuivrées	fp	cuivré
cuivrés	mp	cuivré
culminant	ms	culminant
culminante	fs	culminant
culminantes	fp	culminant
culminants	mp	culminant
culotté	ms	culotté
culottée	fs	culotté
culottées	fp	culotté
culottés	mp	culotté
culpabilisant	ms	culpabilisant
culpabilisante	fs	culpabilisant
culpabilisantes	fp	culpabilisant
culpabilisants	mp	culpabilisant
cultivé	ms	cultivé
cultivée	fs	cultivé
cultivées	fp	cultivé
cultivés	mp	cultivé
cultuel	ms	cultuel
cultuelle	fs	cultuel
cultuelles	fp	cultuel
cultuels	mp	cultuel
cultural	ms	cultural
culturale	fs	cultural
culturales	fp	cultural
culturaux	mp	cultural
culturel	ms	culturel
culturelle	fs	culturel
culturelles	fp	culturel
culturels	mp	culturel
cumulatif	ms	cumulatif
cumulatifs	mp	cumulatif
cumulative	fs	cumulatif
cumulatives	fp	cumulatif
cunéé	ms	cunéé
cunéée	fs	cunéé
cunéées	fp	cunéé
cunéés	mp	cunéé
curarisant	ms	curarisant
curarisante	fs	curarisant
curarisantes	fp	curarisant
curarisants	mp	curarisant
curatif	ms	curatif
curatifs	mp	curatif
curative	fs	curatif
curatives	fp	curatif
curial	ms	curial
curiale	fs	curial
curiales	fp	curial
curiaux	mp	curial
curieuse	fs	curieux
curieuses	fp	curieux
cursif	ms	cursif
cursifs	mp	cursif
cursive	fs	cursif
cursives	fp	cursif
cutané	ms	cutané
cutanée	fs	cutané
cutanées	fp	cutané
cutanés	mp	cutané
cyanosé	ms	cyanosé
cyanosée	fs	cyanosé
cyanosées	fp	cyanosé
cyanosés	mp	cyanosé
cybernéticien	ms	cybernéticien
cybernéticienne	fs	cybernéticien
cybernéticiennes	fp	cybernéticien
cybernéticiens	mp	cybernéticien
cyclonal	ms	cyclonal
cyclonale	fs	cyclonal
cyclonales	fp	cyclonal
cyclonaux	mp	cyclonal
cyclopéen	ms	cyclopéen
cyclopéenne	fs	cyclopéen
cyclopéennes	fp	cyclopéen
cyclopéens	mp	cyclopéen
cycloïdal	ms	cycloïdal
cycloïdale	fs	cycloïdal
cycloïdales	fp	cycloïdal
cycloïdaux	mp	cycloïdal
câblier	ms	câblier
câbliers	mp	câblier
câblière	fs	câblier
câblières	fp	câblier
câblé	ms	câblé
câblée	fs	câblé
câblées	fp	câblé
câblés	mp	câblé
câlin	ms	câlin
câline	fs	câlin
câlines	fp	câlin
câlins	mp	câlin
cédant	ms	cédant
cédante	fs	cédant
cédantes	fp	cédant
cédants	mp	cédant
cégésimal	ms	cégésimal
cégésimale	fs	cégésimal
cégésimales	fp	cégésimal
cégésimaux	mp	cégésimal
célébrant	ms	célébrant
célébrante	fs	célébrant
célébrantes	fp	célébrant
célébrants	mp	célébrant
céphalo-rachidien	ms	céphalo-rachidien
céphalo-rachidienne	fs	céphalo-rachidien
céphalo-rachidiennes	fp	céphalo-rachidien
céphalo-rachidiens	mp	céphalo-rachidien
céruléen	ms	céruléen
céruléenne	fs	céruléen
céruléennes	fp	céruléen
céruléens	mp	céruléen
cérumineuse	fs	cérumineux
cérumineuses	fp	cérumineux
céréalier	ms	céréalier
céréaliers	mp	céréalier
céréalière	fs	céréalier
céréalières	fp	céréalier
cérébelleuse	fs	cérébelleux
cérébelleuses	fp	cérébelleux
cérébral	ms	cérébral
cérébrale	fs	cérébral
cérébrales	fp	cérébral
cérébraux	mp	cérébral
cérébro-spinal	ms	cérébro-spinal
cérébro-spinale	fs	cérébro-spinal
cérébro-spinales	fp	cérébro-spinal
cérébro-spinaux	mp	cérébro-spinal
cérémonial	ms	cérémonial
cérémoniale	fs	cérémonial
cérémoniales	fp	cérémonial
cérémoniaux	mp	cérémonial
cérémoniel	ms	cérémoniel
cérémonielle	fs	cérémoniel
cérémonielles	fp	cérémoniel
cérémoniels	mp	cérémoniel
cérémonieuse	fs	cérémonieux
cérémonieuses	fp	cérémonieux
césarien	ms	césarien
césarienne	fs	césarien
césariennes	fp	césarien
césariens	mp	césarien
cétacé	ms	cétacé
cétacée	fs	cétacé
cétacées	fp	cétacé
cétacés	mp	cétacé
cévenol	ms	cévenol
cévenole	fs	cévenol
cévenoles	fp	cévenol
cévenols	mp	cévenol
côtelé	ms	côtelé
côtelée	fs	côtelé
côtelées	fp	côtelé
côtelés	mp	côtelé
côtier	ms	côtier
côtiers	mp	côtier
côtière	fs	côtier
côtières	fp	côtier
daghestanaise	fs	daghestanais
daghestanaises	fp	daghestanais
dahoméen	ms	dahoméen
dahoméenne	fs	dahoméen
dahoméennes	fp	dahoméen
dahoméens	mp	dahoméen
daltonien	ms	daltonien
daltonienne	fs	daltonien
daltoniennes	fp	daltonien
daltoniens	mp	daltonien
damassé	ms	damassé
damassée	fs	damassé
damassées	fp	damassé
damassés	mp	damassé
damné	ms	damné
damnée	fs	damné
damnées	fp	damné
damnés	mp	damné
dandinant	ms	dandinant
dandinante	fs	dandinant
dandinantes	fp	dandinant
dandinants	mp	dandinant
dangereuse	fs	dangereux
dangereuses	fp	dangereux
danien	ms	danien
danienne	fs	danien
daniennes	fp	danien
daniens	mp	danien
danoise	fs	danois
danoises	fp	danois
dansant	ms	dansant
dansante	fs	dansant
dansantes	fp	dansant
dansants	mp	dansant
dartreuse	fs	dartreux
dartreuses	fp	dartreux
darwinien	ms	darwinien
darwinienne	fs	darwinien
darwiniennes	fp	darwinien
darwiniens	mp	darwinien
dateur	ms	dateur
dateurs	mp	dateur
dateuse	fs	dateur
dateuses	fp	dateur
datif	ms	datif
datifs	mp	datif
dative	fs	datif
datives	fp	datif
daubeur	ms	daubeur
daubeurs	mp	daubeur
daubeuse	fs	daubeur
daubeuses	fp	daubeur
dauphinoise	fs	dauphinois
dauphinoises	fp	dauphinois
davidien	ms	davidien
davidienne	fs	davidien
davidiennes	fp	davidien
davidiens	mp	davidien
deltoïdien	ms	deltoïdien
deltoïdienne	fs	deltoïdien
deltoïdiennes	fp	deltoïdien
deltoïdiens	mp	deltoïdien
demandeur	ms	demandeur
demandeurs	mp	demandeur
demandeuse	fs	demandeur
demandeuses	fp	demandeur
demeuré	ms	demeuré
demeurée	fs	demeuré
demeurées	fp	demeuré
demeurés	mp	demeuré
demi-fin	ms	demi-fin
demi-fine	fs	demi-fin
demi-fines	fp	demi-fin
demi-fins	mp	demi-fin
demi-mort	ms	demi-mort
demi-morte	fs	demi-mort
demi-mortes	fp	demi-mort
demi-morts	mp	demi-mort
dental	ms	dental
dentale	fs	dental
dentales	fp	dental
dentaux	mp	dental
dentellier	ms	dentellier
dentelliers	mp	dentellier
dentellière	fs	dentellier
dentellières	fp	dentellier
dentelé	ms	dentelé
dentelée	fs	dentelé
dentelées	fp	dentelé
dentelés	mp	dentelé
denticulé	ms	denticulé
denticulée	fs	denticulé
denticulées	fp	denticulé
denticulés	mp	denticulé
denté	ms	denté
dentée	fs	denté
dentées	fp	denté
dentés	mp	denté
dernier	ms	dernier
dernier-né	ms	dernier-né
derniers	mp	dernier
derniers-nés	mp	dernier-né
dernière	fs	dernier
dernière-née	fs	dernier-né
dernières	fp	dernier
dernières-nées	fp	dernier-né
descendant	ms	descendant
descendante	fs	descendant
descendantes	fp	descendant
descendants	mp	descendant
descriptif	ms	descriptif
descriptifs	mp	descriptif
descriptive	fs	descriptif
descriptives	fp	descriptif
dessalé	ms	dessalé
dessalée	fs	dessalé
dessalées	fp	dessalé
dessalés	mp	dessalé
dessiccatif	ms	dessiccatif
dessiccatifs	mp	dessiccatif
dessiccative	fs	dessiccatif
dessiccatives	fp	dessiccatif
dessiné	ms	dessiné
dessinée	fs	dessiné
dessinées	fp	dessiné
dessinés	mp	dessiné
dessoudé	ms	dessoudé
dessoudée	fs	dessoudé
dessoudées	fp	dessoudé
dessoudés	mp	dessoudé
desséchant	ms	desséchant
desséchante	fs	desséchant
desséchantes	fp	desséchant
desséchants	mp	desséchant
destructeur	ms	destructeur
destructeurs	mp	destructeur
destructif	ms	destructif
destructifs	mp	destructif
destructive	fs	destructif
destructives	fp	destructif
destructrice	fs	destructeur
destructrices	fp	destructeur
diaconal	ms	diaconal
diaconale	fs	diaconal
diaconales	fp	diaconal
diaconaux	mp	diaconal
diagonal	ms	diagonal
diagonale	fs	diagonal
diagonales	fp	diagonal
diagonaux	mp	diagonal
dialectal	ms	dialectal
dialectale	fs	dialectal
dialectales	fp	dialectal
dialectaux	mp	dialectal
diamantin	ms	diamantin
diamantine	fs	diamantin
diamantines	fp	diamantin
diamantins	mp	diamantin
diamanté	ms	diamanté
diamantée	fs	diamanté
diamantées	fp	diamanté
diamantés	mp	diamanté
diamétral	ms	diamétral
diamétrale	fs	diamétral
diamétrales	fp	diamétral
diamétraux	mp	diamétral
diapré	ms	diapré
diaprée	fs	diapré
diaprées	fp	diapré
diaprés	mp	diapré
dicarbonylé	ms	dicarbonylé
dicarbonylée	fs	dicarbonylé
dicarbonylées	fp	dicarbonylé
dicarbonylés	mp	dicarbonylé
dictatorial	ms	dictatorial
dictatoriale	fs	dictatorial
dictatoriales	fp	dictatorial
dictatoriaux	mp	dictatorial
diducteur	ms	diducteur
diducteurs	mp	diducteur
diductrice	fs	diducteur
diductrices	fp	diducteur
dieppoise	fs	dieppois
dieppoises	fp	dieppois
diffamant	ms	diffamant
diffamante	fs	diffamant
diffamantes	fp	diffamant
diffamants	mp	diffamant
diffamateur	ms	diffamateur
diffamateurs	mp	diffamateur
diffamatrice	fs	diffamateur
diffamatrices	fp	diffamateur
diffamé	ms	diffamé
diffamée	fs	diffamé
diffamées	fp	diffamé
diffamés	mp	diffamé
diffractant	ms	diffractant
diffractante	fs	diffractant
diffractantes	fp	diffractant
diffractants	mp	diffractant
diffringent	ms	diffringent
diffringente	fs	diffringent
diffringentes	fp	diffringent
diffringents	mp	diffringent
diffusant	ms	diffusant
diffusante	fs	diffusant
diffusantes	fp	diffusant
diffusants	mp	diffusant
diffuse	fs	diffus
diffuses	fp	diffus
différenciateur	ms	différenciateur
différenciateurs	mp	différenciateur
différenciatif	ms	différenciatif
différenciatifs	mp	différenciatif
différenciative	fs	différenciatif
différenciatives	fp	différenciatif
différenciatrice	fs	différenciateur
différenciatrices	fp	différenciateur
différencié	ms	différencié
différenciée	fs	différencié
différenciées	fp	différencié
différenciés	mp	différencié
différent	ms	différent
différente	fs	différent
différentes	fp	différent
différentiel	ms	différentiel
différentielle	fs	différentiel
différentielles	fp	différentiel
différentiels	mp	différentiel
différents	mp	différent
différé	ms	différé
différée	fs	différé
différées	fp	différé
différés	mp	différé
digestif	ms	digestif
digestifs	mp	digestif
digestive	fs	digestif
digestives	fp	digestif
digital	ms	digital
digitale	fs	digital
digitales	fp	digital
digitaux	mp	digital
digité	ms	digité
digitée	fs	digité
digitées	fp	digité
digités	mp	digité
digressif	ms	digressif
digressifs	mp	digressif
digressive	fs	digressif
digressives	fp	digressif
dijonnaise	fs	dijonnais
dijonnaises	fp	dijonnais
dilapidateur	ms	dilapidateur
dilapidateurs	mp	dilapidateur
dilapidatrice	fs	dilapidateur
dilapidatrices	fp	dilapidateur
dilatant	ms	dilatant
dilatante	fs	dilatant
dilatantes	fp	dilatant
dilatants	mp	dilatant
dilatateur	ms	dilatateur
dilatateurs	mp	dilatateur
dilatatrice	fs	dilatateur
dilatatrices	fp	dilatateur
dilaté	ms	dilaté
dilatée	fs	dilaté
dilatées	fp	dilaté
dilatés	mp	dilaté
diligent	ms	diligent
diligente	fs	diligent
diligentes	fp	diligent
diligents	mp	diligent
diluant	ms	diluant
diluante	fs	diluant
diluantes	fp	diluant
diluants	mp	diluant
diluvial	ms	diluvial
diluviale	fs	diluvial
diluviales	fp	diluvial
diluviaux	mp	diluvial
diluvien	ms	diluvien
diluvienne	fs	diluvien
diluviennes	fp	diluvien
diluviens	mp	diluvien
dimensionnel	ms	dimensionnel
dimensionnelle	fs	dimensionnel
dimensionnelles	fp	dimensionnel
dimensionnels	mp	dimensionnel
dimensionné	ms	dimensionné
dimensionnée	fs	dimensionné
dimensionnées	fp	dimensionné
dimensionnés	mp	dimensionné
diminuant	ms	diminuant
diminuante	fs	diminuant
diminuantes	fp	diminuant
diminuants	mp	diminuant
diminutif	ms	diminutif
diminutifs	mp	diminutif
diminutive	fs	diminutif
diminutives	fp	diminutif
diminué	ms	diminué
diminuée	fs	diminué
diminuées	fp	diminué
diminués	mp	diminué
dimissorial	ms	dimissorial
dimissoriale	fs	dimissorial
dimissoriales	fp	dimissorial
dimissorials	mp	dimissorial
dioclétien	ms	dioclétien
dioclétienne	fs	dioclétien
dioclétiennes	fp	dioclétien
dioclétiens	mp	dioclétien
diocésain	ms	diocésain
diocésaine	fs	diocésain
diocésaines	fp	diocésain
diocésains	mp	diocésain
dionysien	ms	dionysien
dionysienne	fs	dionysien
dionysiennes	fp	dionysien
dionysiens	mp	dionysien
diphasé	ms	diphasé
diphasée	fs	diphasé
diphasées	fp	diphasé
diphasés	mp	diphasé
diplômant	ms	diplômant
diplômante	fs	diplômant
diplômantes	fp	diplômant
diplômants	mp	diplômant
diplômé	ms	diplômé
diplômée	fs	diplômé
diplômées	fp	diplômé
diplômés	mp	diplômé
dipneumoné	ms	dipneumoné
dipneumonée	fs	dipneumoné
dipneumonées	fp	dipneumoné
dipneumonés	mp	dipneumoné
direct	ms	direct
directe	fs	direct
directes	fp	direct
directeur	ms	directeur
directeurs	mp	directeur
directif	ms	directif
directifs	mp	directif
directionnel	ms	directionnel
directionnelle	fs	directionnel
directionnelles	fp	directionnel
directionnels	mp	directionnel
directive	fs	directif
directives	fp	directif
directorial	ms	directorial
directoriale	fs	directorial
directoriales	fp	directorial
directoriaux	mp	directorial
directrice	fs	directeur
directrices	fp	directeur
directs	mp	direct
dirigeant	ms	dirigeant
dirigeante	fs	dirigeant
dirigeantes	fp	dirigeant
dirigeants	mp	dirigeant
dirigé	ms	dirigé
dirigée	fs	dirigé
dirigées	fp	dirigé
dirigés	mp	dirigé
dirimant	ms	dirimant
dirimante	fs	dirimant
dirimantes	fp	dirimant
dirimants	mp	dirimant
discal	ms	discal
discale	fs	discal
discales	fp	discal
discaux	mp	discal
discipliné	ms	discipliné
disciplinée	fs	discipliné
disciplinées	fp	discipliné
disciplinés	mp	discipliné
discontinu	ms	discontinu
discontinue	fs	discontinu
discontinues	fp	discontinu
discontinus	mp	discontinu
discordant	ms	discordant
discordante	fs	discordant
discordantes	fp	discordant
discordants	mp	discordant
discourtoise	fs	discourtois
discourtoises	fp	discourtois
discoïdal	ms	discoïdal
discoïdale	fs	discoïdal
discoïdales	fp	discoïdal
discoïdaux	mp	discoïdal
discret	ms	discret
discrets	mp	discret
discriminant	ms	discriminant
discriminante	fs	discriminant
discriminantes	fp	discriminant
discriminants	mp	discriminant
discrète	fs	discret
discrètes	fp	discret
discursif	ms	discursif
discursifs	mp	discursif
discursive	fs	discursif
discursives	fp	discursif
discuteur	ms	discuteur
discuteurs	mp	discuteur
discuteuse	fs	discuteur
discuteuses	fp	discuteur
discuté	ms	discuté
discutée	fs	discuté
discutées	fp	discuté
discutés	mp	discuté
disert	ms	disert
diserte	fs	disert
disertes	fp	disert
diserts	mp	disert
disetteuse	fs	disetteux
disetteuses	fp	disetteux
disgracieuse	fs	disgracieux
disgracieuses	fp	disgracieux
disgracié	ms	disgracié
disgraciée	fs	disgracié
disgraciées	fp	disgracié
disgraciés	mp	disgracié
disjoint	ms	disjoint
disjointe	fs	disjoint
disjointes	fp	disjoint
disjoints	mp	disjoint
disjonctif	ms	disjonctif
disjonctifs	mp	disjonctif
disjonctive	fs	disjonctif
disjonctives	fp	disjonctif
disloqué	ms	disloqué
disloquée	fs	disloqué
disloquées	fp	disloqué
disloqués	mp	disloqué
disparu	ms	disparu
disparue	fs	disparu
disparues	fp	disparu
disparus	mp	disparu
dispendieuse	fs	dispendieux
dispendieuses	fp	dispendieux
dispensateur	ms	dispensateur
dispensateurs	mp	dispensateur
dispensatrice	fs	dispensateur
dispensatrices	fp	dispensateur
dispersant	ms	dispersant
dispersante	fs	dispersant
dispersantes	fp	dispersant
dispersants	mp	dispersant
dispersif	ms	dispersif
dispersifs	mp	dispersif
dispersive	fs	dispersif
dispersives	fp	dispersif
dispersé	ms	dispersé
dispersée	fs	dispersé
dispersées	fp	dispersé
dispersés	mp	dispersé
dispose	fs	dispos
disposes	fp	dispos
disposé	ms	disposé
disposée	fs	disposé
disposées	fp	disposé
disposés	mp	disposé
disproportionné	ms	disproportionné
disproportionnée	fs	disproportionné
disproportionnées	fp	disproportionné
disproportionnés	mp	disproportionné
disputé	ms	disputé
disputée	fs	disputé
disputées	fp	disputé
disputés	mp	disputé
disruptif	ms	disruptif
disruptifs	mp	disruptif
disruptive	fs	disruptif
disruptives	fp	disruptif
dissident	ms	dissident
dissidente	fs	dissident
dissidentes	fp	dissident
dissidents	mp	dissident
dissimulateur	ms	dissimulateur
dissimulateurs	mp	dissimulateur
dissimulatrice	fs	dissimulateur
dissimulatrices	fp	dissimulateur
dissimulé	ms	dissimulé
dissimulée	fs	dissimulé
dissimulées	fp	dissimulé
dissimulés	mp	dissimulé
dissipateur	ms	dissipateur
dissipateurs	mp	dissipateur
dissipatrice	fs	dissipateur
dissipatrices	fp	dissipateur
dissipé	ms	dissipé
dissipée	fs	dissipé
dissipées	fp	dissipé
dissipés	mp	dissipé
dissociant	ms	dissociant
dissociante	fs	dissociant
dissociantes	fp	dissociant
dissociants	mp	dissociant
dissolu	ms	dissolu
dissolue	fs	dissolu
dissolues	fp	dissolu
dissolus	mp	dissolu
dissolutif	ms	dissolutif
dissolutifs	mp	dissolutif
dissolutive	fs	dissolutif
dissolutives	fp	dissolutif
dissolvant	ms	dissolvant
dissolvante	fs	dissolvant
dissolvantes	fp	dissolvant
dissolvants	mp	dissolvant
dissonant	ms	dissonant
dissonante	fs	dissonant
dissonantes	fp	dissonant
dissonants	mp	dissonant
dissuasif	ms	dissuasif
dissuasifs	mp	dissuasif
dissuasive	fs	dissuasif
dissuasives	fp	dissuasif
disséquant	ms	disséquant
disséquante	fs	disséquant
disséquantes	fp	disséquant
disséquants	mp	disséquant
distal	ms	distal
distale	fs	distal
distales	fp	distal
distant	ms	distant
distante	fs	distant
distantes	fp	distant
distants	mp	distant
distaux	mp	distal
distinct	ms	distinct
distincte	fs	distinct
distinctes	fp	distinct
distinctif	ms	distinctif
distinctifs	mp	distinctif
distinctive	fs	distinctif
distinctives	fp	distinctif
distincts	mp	distinct
distingué	ms	distingué
distinguée	fs	distingué
distinguées	fp	distingué
distingués	mp	distingué
distractif	ms	distractif
distractifs	mp	distractif
distractive	fs	distractif
distractives	fp	distractif
distrait	ms	distrait
distraite	fs	distrait
distraites	fp	distrait
distraits	mp	distrait
distrayant	ms	distrayant
distrayante	fs	distrayant
distrayantes	fp	distrayant
distrayants	mp	distrayant
distributeur	ms	distributeur
distributeurs	mp	distributeur
distributif	ms	distributif
distributifs	mp	distributif
distributive	fs	distributif
distributives	fp	distributif
distributrice	fs	distributeur
distributrices	fp	distributeur
distribué	ms	distribué
distribuée	fs	distribué
distribuées	fp	distribué
distribués	mp	distribué
diurnal	ms	diurnal
diurnale	fs	diurnal
diurnales	fp	diurnal
diurnaux	mp	diurnal
divagant	ms	divagant
divagante	fs	divagant
divagantes	fp	divagant
divagants	mp	divagant
divagateur	ms	divagateur
divagateurs	mp	divagateur
divagatrice	fs	divagateur
divagatrices	fp	divagateur
divaguant	ms	divaguant
divaguante	fs	divaguant
divaguantes	fp	divaguant
divaguants	mp	divaguant
divariqué	ms	divariqué
divariquée	fs	divariqué
divariquées	fp	divariqué
divariqués	mp	divariqué
dive	fs	dive
divergent	ms	divergent
divergente	fs	divergent
divergentes	fp	divergent
divergents	mp	divergent
diverse	fs	divers
diverses	fp	divers
divertissant	ms	divertissant
divertissante	fs	divertissant
divertissantes	fp	divertissant
divertissants	mp	divertissant
dives	fp	dive
divin	ms	divin
divinateur	ms	divinateur
divinateurs	mp	divinateur
divinatrice	fs	divinateur
divinatrices	fp	divinateur
divine	fs	divin
divines	fp	divin
divins	mp	divin
divise	fs	divis
divises	fp	divis
divorcé	ms	divorcé
divorcée	fs	divorcé
divorcées	fp	divorcé
divorcés	mp	divorcé
divulgateur	ms	divulgateur
divulgateurs	mp	divulgateur
divulgatrice	fs	divulgateur
divulgatrices	fp	divulgateur
djaïn	ms	djaïn
djaïne	fs	djaïn
djaïnes	fp	djaïn
djaïns	mp	djaïn
djiboutien	ms	djiboutien
djiboutienne	fs	djiboutien
djiboutiennes	fp	djiboutien
djiboutiens	mp	djiboutien
doctoral	ms	doctoral
doctorale	fs	doctoral
doctorales	fp	doctoral
doctoraux	mp	doctoral
doctrinal	ms	doctrinal
doctrinale	fs	doctrinal
doctrinales	fp	doctrinal
doctrinaux	mp	doctrinal
documenté	ms	documenté
documentée	fs	documenté
documentées	fp	documenté
documentés	mp	documenté
dodu	ms	dodu
dodue	fs	dodu
dodues	fp	dodu
dodus	mp	dodu
dodécagonal	ms	dodécagonal
dodécagonale	fs	dodécagonal
dodécagonales	fp	dodécagonal
dodécagonaux	mp	dodécagonal
dogmatisant	ms	dogmatisant
dogmatisante	fs	dogmatisant
dogmatisantes	fp	dogmatisant
dogmatisants	mp	dogmatisant
dogmatiseur	ms	dogmatiseur
dogmatiseurs	mp	dogmatiseur
dogmatiseuse	fs	dogmatiseur
dogmatiseuses	fp	dogmatiseur
dolent	ms	dolent
dolente	fs	dolent
dolentes	fp	dolent
dolents	mp	dolent
dolosif	ms	dolosif
dolosifs	mp	dolosif
dolosive	fs	dolosif
dolosives	fp	dolosif
domanial	ms	domanial
domaniale	fs	domanial
domaniales	fp	domanial
domaniaux	mp	domanial
domicilié	ms	domicilié
domiciliée	fs	domicilié
domiciliées	fp	domicilié
domiciliés	mp	domicilié
dominant	ms	dominant
dominante	fs	dominant
dominantes	fp	dominant
dominants	mp	dominant
dominateur	ms	dominateur
dominateurs	mp	dominateur
dominatrice	fs	dominateur
dominatrices	fp	dominateur
dominicain	ms	dominicain
dominicaine	fs	dominicain
dominicaines	fp	dominicain
dominicains	mp	dominicain
dominical	ms	dominical
dominicale	fs	dominical
dominicales	fp	dominical
dominicaux	mp	dominical
domitien	ms	domitien
domitienne	fs	domitien
domitiennes	fp	domitien
domitiens	mp	domitien
dommage	ms	dommage
donateur	ms	donateur
donateurs	mp	donateur
donatrice	fs	donateur
donatrices	fp	donateur
donnant	ms	donnant
donnante	fs	donnant
donnantes	fp	donnant
donnants	mp	donnant
donneur	ms	donneur
donneurs	mp	donneur
donneuse	fs	donneur
donneuses	fp	donneur
donné	ms	donné
donnée	fs	donné
données	fp	donné
donnés	mp	donné
dopant	ms	dopant
dopante	fs	dopant
dopantes	fp	dopant
dopants	mp	dopant
doreur	ms	doreur
doreurs	mp	doreur
doreuse	fs	doreur
doreuses	fp	doreur
dorien	ms	dorien
dorienne	fs	dorien
doriennes	fp	dorien
doriens	mp	dorien
dormant	ms	dormant
dormante	fs	dormant
dormantes	fp	dormant
dormants	mp	dormant
dormeur	ms	dormeur
dormeurs	mp	dormeur
dormeuse	fs	dormeur
dormeuses	fp	dormeur
dormitif	ms	dormitif
dormitifs	mp	dormitif
dormitive	fs	dormitif
dormitives	fp	dormitif
dorsal	ms	dorsal
dorsale	fs	dorsal
dorsales	fp	dorsal
dorsaux	mp	dorsal
doré	ms	doré
dorée	fs	doré
dorées	fp	doré
dorés	mp	doré
doseur	ms	doseur
doseurs	mp	doseur
doseuse	fs	doseur
doseuses	fp	doseur
dostoïevskien	ms	dostoïevskien
dostoïevskienne	fs	dostoïevskien
dostoïevskiennes	fp	dostoïevskien
dostoïevskiens	mp	dostoïevskien
dotal	ms	dotal
dotale	fs	dotal
dotales	fp	dotal
dotaux	mp	dotal
douanier	ms	douanier
douaniers	mp	douanier
douanière	fs	douanier
douanières	fp	douanier
double-crème	fs	double-crème
double-crème	ms	double-crème
doubles-crèmes	fp	double-crème
doubles-crèmes	mp	double-crème
doublé	ms	doublé
doublée	fs	doublé
doublées	fp	doublé
doublés	mp	doublé
douce	fs	doux
douce-amère	fs	doux-amer
doucereuse	fs	doucereux
doucereuses	fp	doucereux
douces	fp	doux
douces-amères	fp	doux-amer
doucet	ms	doucet
doucets	mp	doucet
doucette	fs	doucet
doucettes	fp	doucet
douci	ms	douci
doucie	fs	douci
doucies	fp	douci
doucis	mp	douci
douillet	ms	douillet
douillets	mp	douillet
douillette	fs	douillet
douillettes	fp	douillet
douloureuse	fs	douloureux
douloureuses	fp	douloureux
douteur	ms	douteur
douteurs	mp	douteur
douteuse	fs	douteur
douteuse	fs	douteux
douteuses	fp	douteur
douteuses	fp	douteux
doux-amer	ms	doux-amer
doux-amers	mp	doux-amer
doué	ms	doué
douée	fs	doué
douées	fp	doué
doués	mp	doué
draconien	ms	draconien
draconienne	fs	draconien
draconiennes	fp	draconien
draconiens	mp	draconien
drageonnant	ms	drageonnant
drageonnante	fs	drageonnant
drageonnantes	fp	drageonnant
drageonnants	mp	drageonnant
dragueur	ms	dragueur
dragueurs	mp	dragueur
dragueuse	fs	dragueur
dragueuses	fp	dragueur
dragéifié	ms	dragéifié
dragéifiée	fs	dragéifié
dragéifiées	fp	dragéifié
dragéifiés	mp	dragéifié
draineur	ms	draineur
draineurs	mp	draineur
draineuse	fs	draineur
draineuses	fp	draineur
dramatisant	ms	dramatisant
dramatisante	fs	dramatisant
dramatisantes	fp	dramatisant
dramatisants	mp	dramatisant
drapant	ms	drapant
drapante	fs	drapant
drapantes	fp	drapant
drapants	mp	drapant
drapier	ms	drapier
drapiers	mp	drapier
drapière	fs	drapier
drapières	fp	drapier
drapé	ms	drapé
drapée	fs	drapé
drapées	fp	drapé
drapés	mp	drapé
dravidien	ms	dravidien
dravidienne	fs	dravidien
dravidiennes	fp	dravidien
dravidiens	mp	dravidien
dreyfusard	ms	dreyfusard
dreyfusarde	fs	dreyfusard
dreyfusardes	fp	dreyfusard
dreyfusards	mp	dreyfusard
drogué	ms	drogué
droguée	fs	drogué
droguées	fp	drogué
drogués	mp	drogué
droit	ms	droit
droite	fs	droit
droites	fp	droit
droitier	ms	droitier
droitiers	mp	droitier
droitière	fs	droitier
droitières	fp	droitier
droits	mp	droit
dru	ms	dru
drue	fs	dru
drues	fp	dru
drupacé	ms	drupacé
drupacée	fs	drupacé
drupacées	fp	drupacé
drupacés	mp	drupacé
drus	mp	dru
dual	ms	dual
duale	fs	dual
duales	fp	dual
duals	mp	dual
dubitatif	ms	dubitatif
dubitatifs	mp	dubitatif
dubitative	fs	dubitatif
dubitatives	fp	dubitatif
ducal	ms	ducal
ducale	fs	ducal
ducales	fp	ducal
ducaux	mp	ducal
duel	ms	duel
duelle	fs	duel
duelles	fp	duel
duels	mp	duel
dunkerquoise	fs	dunkerquois
dunkerquoises	fp	dunkerquois
duodécimal	ms	duodécimal
duodécimale	fs	duodécimal
duodécimales	fp	duodécimal
duodécimaux	mp	duodécimal
duodénal	ms	duodénal
duodénale	fs	duodénal
duodénales	fp	duodénal
duodénaux	mp	duodénal
dur	ms	dur
duratif	ms	duratif
duratifs	mp	duratif
durative	fs	duratif
duratives	fp	duratif
durcissant	ms	durcissant
durcissante	fs	durcissant
durcissantes	fp	durcissant
durcissants	mp	durcissant
dure	fs	dur
dures	fp	dur
durs	mp	dur
duveteuse	fs	duveteux
duveteuses	fp	duveteux
dynamisant	ms	dynamisant
dynamisante	fs	dynamisant
dynamisantes	fp	dynamisant
dynamisants	mp	dynamisant
dynamité	ms	dynamité
dynamitée	fs	dynamité
dynamitées	fp	dynamité
dynamités	mp	dynamité
débarqué	ms	débarqué
débarquée	fs	débarqué
débarquées	fp	débarqué
débarqués	mp	débarqué
débauché	ms	débauché
débauchée	fs	débauché
débauchées	fp	débauché
débauchés	mp	débauché
débilitant	ms	débilitant
débilitante	fs	débilitant
débilitantes	fp	débilitant
débilitants	mp	débilitant
débineur	ms	débineur
débineurs	mp	débineur
débineuse	fs	débineur
débineuses	fp	débineur
débiteur	ms	débiteur
débiteurs	mp	débiteur
débitrice	fs	débiteur
débitrices	fp	débiteur
débloquant	ms	débloquant
débloquante	fs	débloquant
débloquantes	fp	débloquant
débloquants	mp	débloquant
débordant	ms	débordant
débordante	fs	débordant
débordantes	fp	débordant
débordants	mp	débordant
débordé	ms	débordé
débordée	fs	débordé
débordées	fp	débordé
débordés	mp	débordé
débouchant	ms	débouchant
débouchante	fs	débouchant
débouchantes	fp	débouchant
débouchants	mp	débouchant
débouclé	ms	débouclé
débouclée	fs	débouclé
débouclées	fp	débouclé
débouclés	mp	débouclé
débourbeur	ms	débourbeur
débourbeurs	mp	débourbeur
débourbeuse	fs	débourbeur
débourbeuses	fp	débourbeur
débourgeoisé	ms	débourgeoisé
débourgeoisée	fs	débourgeoisé
débourgeoisées	fp	débourgeoisé
débourgeoisés	mp	débourgeoisé
déboussolé	ms	déboussolé
déboussolée	fs	déboussolé
déboussolées	fp	déboussolé
déboussolés	mp	déboussolé
déboîté	ms	déboîté
déboîtée	fs	déboîté
déboîtées	fp	déboîté
déboîtés	mp	déboîté
débraillé	ms	débraillé
débraillée	fs	débraillé
débraillées	fp	débraillé
débraillés	mp	débraillé
débridé	ms	débridé
débridée	fs	débridé
débridées	fp	débridé
débridés	mp	débridé
débrouillard	ms	débrouillard
débrouillarde	fs	débrouillard
débrouillardes	fp	débrouillard
débrouillards	mp	débrouillard
débroussaillant	ms	débroussaillant
débroussaillante	fs	débroussaillant
débroussaillantes	fp	débroussaillant
débroussaillants	mp	débroussaillant
débutant	ms	débutant
débutante	fs	débutant
débutantes	fp	débutant
débutants	mp	débutant
décadent	ms	décadent
décadente	fs	décadent
décadentes	fp	décadent
décadents	mp	décadent
décaféiné	ms	décaféiné
décaféinée	fs	décaféiné
décaféinées	fp	décaféiné
décaféinés	mp	décaféiné
décagonal	ms	décagonal
décagonale	fs	décagonal
décagonales	fp	décagonal
décagonaux	mp	décagonal
décalcifié	ms	décalcifié
décalcifiée	fs	décalcifié
décalcifiées	fp	décalcifié
décalcifiés	mp	décalcifié
décalvant	ms	décalvant
décalvante	fs	décalvant
décalvantes	fp	décalvant
décalvants	mp	décalvant
décanal	ms	décanal
décanale	fs	décanal
décanales	fp	décanal
décanaux	mp	décanal
décanteur	ms	décanteur
décanteurs	mp	décanteur
décanteuse	fs	décanteur
décanteuses	fp	décanteur
décapant	ms	décapant
décapante	fs	décapant
décapantes	fp	décapant
décapants	mp	décapant
décapeur	ms	décapeur
décapeurs	mp	décapeur
décapeuse	fs	décapeur
décapeuses	fp	décapeur
décarboxylé	ms	décarboxylé
décarboxylée	fs	décarboxylé
décarboxylées	fp	décarboxylé
décarboxylés	mp	décarboxylé
décarburant	ms	décarburant
décarburante	fs	décarburant
décarburantes	fp	décarburant
décarburants	mp	décarburant
décati	ms	décati
décatie	fs	décati
décaties	fp	décati
décatis	mp	décati
décavé	ms	décavé
décavée	fs	décavé
décavées	fp	décavé
décavés	mp	décavé
décemviral	ms	décemviral
décemvirale	fs	décemviral
décemvirales	fp	décemviral
décemviraux	mp	décemviral
décennal	ms	décennal
décennale	fs	décennal
décennales	fp	décennal
décennaux	mp	décennal
décent	ms	décent
décente	fs	décent
décentes	fp	décent
décentralisateur	ms	décentralisateur
décentralisateurs	mp	décentralisateur
décentralisatrice	fs	décentralisateur
décentralisatrices	fp	décentralisateur
décents	mp	décent
décevant	ms	décevant
décevante	fs	décevant
décevantes	fp	décevant
décevants	mp	décevant
déchaussé	ms	déchaussé
déchaussée	fs	déchaussé
déchaussées	fp	déchaussé
déchaussés	mp	déchaussé
déchaîné	ms	déchaîné
déchaînée	fs	déchaîné
déchaînées	fp	déchaîné
déchaînés	mp	déchaîné
déchiqueté	ms	déchiqueté
déchiquetée	fs	déchiqueté
déchiquetées	fp	déchiqueté
déchiquetés	mp	déchiqueté
déchirant	ms	déchirant
déchirante	fs	déchirant
déchirantes	fp	déchirant
déchirants	mp	déchirant
déchiré	ms	déchiré
déchirée	fs	déchiré
déchirées	fp	déchiré
déchirés	mp	déchiré
déchu	ms	déchu
déchue	fs	déchu
déchues	fp	déchu
déchus	mp	déchu
décideur	ms	décideur
décideurs	mp	décideur
décideuse	fs	décideur
décideuses	fp	décideur
décidu	ms	décidu
décidual	ms	décidual
déciduale	fs	décidual
déciduales	fp	décidual
déciduaux	mp	décidual
décidue	fs	décidu
décidues	fp	décidu
décidus	mp	décidu
décidé	ms	décidé
décidée	fs	décidé
décidées	fp	décidé
décidés	mp	décidé
décimal	ms	décimal
décimale	fs	décimal
décimales	fp	décimal
décimaux	mp	décimal
décintré	ms	décintré
décintrée	fs	décintré
décintrées	fp	décintré
décintrés	mp	décintré
décisif	ms	décisif
décisifs	mp	décisif
décisionnel	ms	décisionnel
décisionnelle	fs	décisionnel
décisionnelles	fp	décisionnel
décisionnels	mp	décisionnel
décisive	fs	décisif
décisives	fp	décisif
déclamateur	ms	déclamateur
déclamateurs	mp	déclamateur
déclamatrice	fs	déclamateur
déclamatrices	fp	déclamateur
déclaratif	ms	déclaratif
déclaratifs	mp	déclaratif
déclarative	fs	déclaratif
déclaratives	fp	déclaratif
déclaré	ms	déclaré
déclarée	fs	déclaré
déclarées	fp	déclaré
déclarés	mp	déclaré
déclassé	ms	déclassé
déclassée	fs	déclassé
déclassées	fp	déclassé
déclassés	mp	déclassé
déclenchant	ms	déclenchant
déclenchante	fs	déclenchant
déclenchantes	fp	déclenchant
déclenchants	mp	déclenchant
déclencheur	ms	déclencheur
déclencheurs	mp	déclencheur
déclencheuse	fs	déclencheur
déclencheuses	fp	déclencheur
déclinant	ms	déclinant
déclinante	fs	déclinant
déclinantes	fp	déclinant
déclinants	mp	déclinant
décodeur	ms	décodeur
décodeurs	mp	décodeur
décodeuse	fs	décodeur
décodeuses	fp	décodeur
décoiffé	ms	décoiffé
décoiffée	fs	décoiffé
décoiffées	fp	décoiffé
décoiffés	mp	décoiffé
décolleté	ms	décolleté
décolletée	fs	décolleté
décolletées	fp	décolleté
décolletés	mp	décolleté
décolorant	ms	décolorant
décolorante	fs	décolorant
décolorantes	fp	décolorant
décolorants	mp	décolorant
décoloré	ms	décoloré
décolorée	fs	décoloré
décolorées	fp	décoloré
décolorés	mp	décoloré
décompensé	ms	décompensé
décompensée	fs	décompensé
décompensées	fp	décompensé
décompensés	mp	décompensé
décomposé	ms	décomposé
décomposée	fs	décomposé
décomposées	fp	décomposé
décomposés	mp	décomposé
déconcertant	ms	déconcertant
déconcertante	fs	déconcertant
déconcertantes	fp	déconcertant
déconcertants	mp	déconcertant
déconfit	ms	déconfit
déconfite	fs	déconfit
déconfites	fp	déconfit
déconfits	mp	déconfit
décongestif	ms	décongestif
décongestifs	mp	décongestif
décongestive	fs	décongestif
décongestives	fp	décongestif
déconsidéré	ms	déconsidéré
déconsidérée	fs	déconsidéré
déconsidérées	fp	déconsidéré
déconsidérés	mp	déconsidéré
décontaminant	ms	décontaminant
décontaminante	fs	décontaminant
décontaminantes	fp	décontaminant
décontaminants	mp	décontaminant
décontractant	ms	décontractant
décontractante	fs	décontractant
décontractantes	fp	décontractant
décontractants	mp	décontractant
décontracté	ms	décontracté
décontractée	fs	décontracté
décontractées	fp	décontracté
décontractés	mp	décontracté
décorateur	ms	décorateur
décorateurs	mp	décorateur
décoratif	ms	décoratif
décoratifs	mp	décoratif
décorative	fs	décoratif
décoratives	fp	décoratif
décoratrice	fs	décorateur
décoratrices	fp	décorateur
décortiqué	ms	décortiqué
décortiquée	fs	décortiqué
décortiquées	fp	décortiqué
décortiqués	mp	décortiqué
découplé	ms	découplé
découplée	fs	découplé
découplées	fp	découplé
découplés	mp	découplé
découpé	ms	découpé
découpée	fs	découpé
découpées	fp	découpé
découpés	mp	découpé
décourageant	ms	décourageant
décourageante	fs	décourageant
décourageantes	fp	décourageant
décourageants	mp	décourageant
décousu	ms	décousu
décousue	fs	décousu
décousues	fp	décousu
décousus	mp	décousu
décrispant	ms	décrispant
décrispante	fs	décrispant
décrispantes	fp	décrispant
décrispants	mp	décrispant
décroissant	ms	décroissant
décroissante	fs	décroissant
décroissantes	fp	décroissant
décroissants	mp	décroissant
décrépi	ms	décrépi
décrépie	fs	décrépi
décrépies	fp	décrépi
décrépis	mp	décrépi
décrépit	ms	décrépit
décrépite	fs	décrépit
décrépites	fp	décrépit
décrépits	mp	décrépit
décurrent	ms	décurrent
décurrente	fs	décurrent
décurrentes	fp	décurrent
décurrents	mp	décurrent
décussé	ms	décussé
décussée	fs	décussé
décussées	fp	décussé
décussés	mp	décussé
dédaigneuse	fs	dédaigneux
dédaigneuses	fp	dédaigneux
dédaléen	ms	dédaléen
dédaléenne	fs	dédaléen
dédaléennes	fp	dédaléen
dédaléens	mp	dédaléen
dédoré	ms	dédoré
dédorée	fs	dédoré
dédorées	fp	dédoré
dédorés	mp	dédoré
déductif	ms	déductif
déductifs	mp	déductif
déductive	fs	déductif
déductives	fp	déductif
défaillant	ms	défaillant
défaillante	fs	défaillant
défaillantes	fp	défaillant
défaillants	mp	défaillant
défait	ms	défait
défaite	fs	défait
défaites	fp	défait
défaits	mp	défait
défavorisé	ms	défavorisé
défavorisée	fs	défavorisé
défavorisées	fp	défavorisé
défavorisés	mp	défavorisé
défectif	ms	défectif
défectifs	mp	défectif
défective	fs	défectif
défectives	fp	défectif
défectueuse	fs	défectueux
défectueuses	fp	défectueux
défendu	ms	défendu
défendue	fs	défendu
défendues	fp	défendu
défendus	mp	défendu
défensif	ms	défensif
défensifs	mp	défensif
défensive	fs	défensif
défensives	fp	défensif
déferlant	ms	déferlant
déferlante	fs	déferlant
déferlantes	fp	déferlant
déferlants	mp	déferlant
déferlé	ms	déferlé
déferlée	fs	déferlé
déferlées	fp	déferlé
déferlés	mp	déferlé
défiant	ms	défiant
défiante	fs	défiant
défiantes	fp	défiant
défiants	mp	défiant
défibreur	ms	défibreur
défibreurs	mp	défibreur
défibreuse	fs	défibreur
défibreuses	fp	défibreur
défibrillateur	ms	défibrillateur
défibrillateurs	mp	défibrillateur
défibrillatrice	fs	défibrillateur
défibrillatrices	fp	défibrillateur
déficient	ms	déficient
déficiente	fs	déficient
déficientes	fp	déficient
déficients	mp	déficient
défini	ms	défini
définie	fs	défini
définies	fp	défini
définis	mp	défini
définitif	ms	définitif
définitifs	mp	définitif
définitionnel	ms	définitionnel
définitionnelle	fs	définitionnel
définitionnelles	fp	définitionnel
définitionnels	mp	définitionnel
définitive	fs	définitif
définitives	fp	définitif
déflagrant	ms	déflagrant
déflagrante	fs	déflagrant
déflagrantes	fp	déflagrant
déflagrants	mp	déflagrant
déflecteur	ms	déflecteur
déflecteurs	mp	déflecteur
déflectrice	fs	déflecteur
déflectrices	fp	déflecteur
défleuri	ms	défleuri
défleurie	fs	défleuri
défleuries	fp	défleuri
défleuris	mp	défleuri
défléchi	ms	défléchi
défléchie	fs	défléchi
défléchies	fp	défléchi
défléchis	mp	défléchi
défoliant	ms	défoliant
défoliante	fs	défoliant
défoliantes	fp	défoliant
défoliants	mp	défoliant
défoncé	ms	défoncé
défoncée	fs	défoncé
défoncées	fp	défoncé
défoncés	mp	défoncé
déformant	ms	déformant
déformante	fs	déformant
déformantes	fp	déformant
déformants	mp	déformant
déformateur	ms	déformateur
déformateurs	mp	déformateur
déformatrice	fs	déformateur
déformatrices	fp	déformateur
défranchi	ms	défranchi
défranchie	fs	défranchi
défranchies	fp	défranchi
défranchis	mp	défranchi
défraîchi	ms	défraîchi
défraîchie	fs	défraîchi
défraîchies	fp	défraîchi
défraîchis	mp	défraîchi
défrisant	ms	défrisant
défrisante	fs	défrisant
défrisantes	fp	défrisant
défrisants	mp	défrisant
défroqué	ms	défroqué
défroquée	fs	défroqué
défroquées	fp	défroqué
défroqués	mp	défroqué
défunt	ms	défunt
défunte	fs	défunt
défuntes	fp	défunt
défunts	mp	défunt
déférent	ms	déférent
déférente	fs	déférent
déférentes	fp	déférent
déférents	mp	déférent
dégagé	ms	dégagé
dégagée	fs	dégagé
dégagées	fp	dégagé
dégagés	mp	dégagé
dégingandé	ms	dégingandé
dégingandée	fs	dégingandé
dégingandées	fp	dégingandé
dégingandés	mp	dégingandé
dégivrant	ms	dégivrant
dégivrante	fs	dégivrant
dégivrantes	fp	dégivrant
dégivrants	mp	dégivrant
dégonflé	ms	dégonflé
dégonflée	fs	dégonflé
dégonflées	fp	dégonflé
dégonflés	mp	dégonflé
dégoulinant	ms	dégoulinant
dégoulinante	fs	dégoulinant
dégoulinantes	fp	dégoulinant
dégoulinants	mp	dégoulinant
dégourdi	ms	dégourdi
dégourdie	fs	dégourdi
dégourdies	fp	dégourdi
dégourdis	mp	dégourdi
dégouttant	ms	dégouttant
dégouttante	fs	dégouttant
dégouttantes	fp	dégouttant
dégouttants	mp	dégouttant
dégoûtant	ms	dégoûtant
dégoûtante	fs	dégoûtant
dégoûtantes	fp	dégoûtant
dégoûtants	mp	dégoûtant
dégoûté	ms	dégoûté
dégoûtée	fs	dégoûté
dégoûtées	fp	dégoûté
dégoûtés	mp	dégoûté
dégradant	ms	dégradant
dégradante	fs	dégradant
dégradantes	fp	dégradant
dégradants	mp	dégradant
dégradé	ms	dégradé
dégradée	fs	dégradé
dégradées	fp	dégradé
dégradés	mp	dégradé
dégraissant	ms	dégraissant
dégraissante	fs	dégraissant
dégraissantes	fp	dégraissant
dégraissants	mp	dégraissant
dégressif	ms	dégressif
dégressifs	mp	dégressif
dégressive	fs	dégressif
dégressives	fp	dégressif
dégriffé	ms	dégriffé
dégriffée	fs	dégriffé
dégriffées	fp	dégriffé
dégriffés	mp	dégriffé
déguenillé	ms	déguenillé
déguenillée	fs	déguenillé
déguenillées	fp	déguenillé
déguenillés	mp	déguenillé
déguisé	ms	déguisé
déguisée	fs	déguisé
déguisées	fp	déguisé
déguisés	mp	déguisé
dégénératif	ms	dégénératif
dégénératifs	mp	dégénératif
dégénérative	fs	dégénératif
dégénératives	fp	dégénératif
dégénéré	ms	dégénéré
dégénérée	fs	dégénéré
dégénérées	fp	dégénéré
dégénérés	mp	dégénéré
déhanché	ms	déhanché
déhanchée	fs	déhanché
déhanchées	fp	déhanché
déhanchés	mp	déhanché
déhiscent	ms	déhiscent
déhiscente	fs	déhiscent
déhiscentes	fp	déhiscent
déhiscents	mp	déhiscent
déjeté	ms	déjeté
déjetée	fs	déjeté
déjetées	fp	déjeté
déjetés	mp	déjeté
délabrant	ms	délabrant
délabrante	fs	délabrant
délabrantes	fp	délabrant
délabrants	mp	délabrant
délabré	ms	délabré
délabrée	fs	délabré
délabrées	fp	délabré
délabrés	mp	délabré
délaissé	ms	délaissé
délaissée	fs	délaissé
délaissées	fp	délaissé
délaissés	mp	délaissé
délassant	ms	délassant
délassante	fs	délassant
délassantes	fp	délassant
délassants	mp	délassant
délateur	ms	délateur
délateurs	mp	délateur
délatrice	fs	délateur
délatrices	fp	délateur
délavé	ms	délavé
délavée	fs	délavé
délavées	fp	délavé
délavés	mp	délavé
délayé	ms	délayé
délayée	fs	délayé
délayées	fp	délayé
délayés	mp	délayé
délibérant	ms	délibérant
délibérante	fs	délibérant
délibérantes	fp	délibérant
délibérants	mp	délibérant
délibératif	ms	délibératif
délibératifs	mp	délibératif
délibérative	fs	délibératif
délibératives	fp	délibératif
délibéré	ms	délibéré
délibérée	fs	délibéré
délibérées	fp	délibéré
délibérés	mp	délibéré
délicat	ms	délicat
délicate	fs	délicat
délicates	fp	délicat
délicats	mp	délicat
délicieuse	fs	délicieux
délicieuses	fp	délicieux
délictueuse	fs	délictueux
délictueuses	fp	délictueux
délinquant	ms	délinquant
délinquante	fs	délinquant
délinquantes	fp	délinquant
délinquants	mp	délinquant
déliquescent	ms	déliquescent
déliquescente	fs	déliquescent
déliquescentes	fp	déliquescent
déliquescents	mp	déliquescent
délirant	ms	délirant
délirante	fs	délirant
délirantes	fp	délirant
délirants	mp	délirant
délitescent	ms	délitescent
délitescente	fs	délitescent
délitescentes	fp	délitescent
délitescents	mp	délitescent
délié	ms	délié
déliée	fs	délié
déliées	fp	délié
déliés	mp	délié
déloyal	ms	déloyal
déloyale	fs	déloyal
déloyales	fp	déloyal
déloyaux	mp	déloyal
déluré	ms	déluré
délurée	fs	déluré
délurées	fp	déluré
délurés	mp	déluré
délégatif	ms	délégatif
délégatifs	mp	délégatif
délégative	fs	délégatif
délégatives	fp	délégatif
délégué	ms	délégué
déléguée	fs	délégué
déléguées	fp	délégué
délégués	mp	délégué
démagnétisant	ms	démagnétisant
démagnétisante	fs	démagnétisant
démagnétisantes	fp	démagnétisant
démagnétisants	mp	démagnétisant
démaquillant	ms	démaquillant
démaquillante	fs	démaquillant
démaquillantes	fp	démaquillant
démaquillants	mp	démaquillant
démembré	ms	démembré
démembrée	fs	démembré
démembrées	fp	démembré
démembrés	mp	démembré
dément	ms	dément
démente	fs	dément
démentes	fp	dément
démentiel	ms	démentiel
démentielle	fs	démentiel
démentielles	fp	démentiel
démentiels	mp	démentiel
déments	mp	dément
démerdard	ms	démerdard
démerdarde	fs	démerdard
démerdardes	fp	démerdard
démerdards	mp	démerdard
démesuré	ms	démesuré
démesurée	fs	démesuré
démesurées	fp	démesuré
démesurés	mp	démesuré
démeublé	ms	démeublé
démeublée	fs	démeublé
démeublées	fp	démeublé
démeublés	mp	démeublé
démineur	ms	démineur
démineurs	mp	démineur
démineuse	fs	démineur
démineuses	fp	démineur
démise	fs	démis
démises	fp	démis
démobilisateur	ms	démobilisateur
démobilisateurs	mp	démobilisateur
démobilisatrice	fs	démobilisateur
démobilisatrices	fp	démobilisateur
démobilisé	ms	démobilisé
démobilisée	fs	démobilisé
démobilisées	fp	démobilisé
démobilisés	mp	démobilisé
démocrate-chrétien	ms	démocrate-chrétien
démocrate-chrétienne	fs	démocrate-chrétien
démocrates-chrétiennes	fp	démocrate-chrétien
démocrates-chrétiens	mp	démocrate-chrétien
démodé	ms	démodé
démodée	fs	démodé
démodées	fp	démodé
démodés	mp	démodé
démonstratif	ms	démonstratif
démonstratifs	mp	démonstratif
démonstrative	fs	démonstratif
démonstratives	fp	démonstratif
démontant	ms	démontant
démontante	fs	démontant
démontantes	fp	démontant
démontants	mp	démontant
démonté	ms	démonté
démontée	fs	démonté
démontées	fp	démonté
démontés	mp	démonté
démoralisant	ms	démoralisant
démoralisante	fs	démoralisant
démoralisantes	fp	démoralisant
démoralisants	mp	démoralisant
démoralisateur	ms	démoralisateur
démoralisateurs	mp	démoralisateur
démoralisatrice	fs	démoralisateur
démoralisatrices	fp	démoralisateur
démoralisé	ms	démoralisé
démoralisée	fs	démoralisé
démoralisées	fp	démoralisé
démoralisés	mp	démoralisé
démotivant	ms	démotivant
démotivante	fs	démotivant
démotivantes	fp	démotivant
démotivants	mp	démotivant
démotivé	ms	démotivé
démotivée	fs	démotivé
démotivées	fp	démotivé
démotivés	mp	démotivé
démultiplicateur	ms	démultiplicateur
démultiplicateurs	mp	démultiplicateur
démultiplicatrice	fs	démultiplicateur
démultiplicatrices	fp	démultiplicateur
démystifiant	ms	démystifiant
démystifiante	fs	démystifiant
démystifiantes	fp	démystifiant
démystifiants	mp	démystifiant
démystificateur	ms	démystificateur
démystificateurs	mp	démystificateur
démystificatrice	fs	démystificateur
démystificatrices	fp	démystificateur
démêlant	ms	démêlant
démêlante	fs	démêlant
démêlantes	fp	démêlant
démêlants	mp	démêlant
dénaturant	ms	dénaturant
dénaturante	fs	dénaturant
dénaturantes	fp	dénaturant
dénaturants	mp	dénaturant
dénaturé	ms	dénaturé
dénaturée	fs	dénaturé
dénaturées	fp	dénaturé
dénaturés	mp	dénaturé
dénigrant	ms	dénigrant
dénigrante	fs	dénigrant
dénigrantes	fp	dénigrant
dénigrants	mp	dénigrant
dénigreur	ms	dénigreur
dénigreurs	mp	dénigreur
dénigreuse	fs	dénigreur
dénigreuses	fp	dénigreur
dénitrifiant	ms	dénitrifiant
dénitrifiante	fs	dénitrifiant
dénitrifiantes	fp	dénitrifiant
dénitrifiants	mp	dénitrifiant
dénominatif	ms	dénominatif
dénominatifs	mp	dénominatif
dénominative	fs	dénominatif
dénominatives	fp	dénominatif
dénommé	ms	dénommé
dénommée	fs	dénommé
dénommées	fp	dénommé
dénommés	mp	dénommé
dénonciateur	ms	dénonciateur
dénonciateurs	mp	dénonciateur
dénonciatrice	fs	dénonciateur
dénonciatrices	fp	dénonciateur
dénotatif	ms	dénotatif
dénotatifs	mp	dénotatif
dénotative	fs	dénotatif
dénotatives	fp	dénotatif
dénoyauté	ms	dénoyauté
dénoyautée	fs	dénoyauté
dénoyautées	fp	dénoyauté
dénoyautés	mp	dénoyauté
dénudé	ms	dénudé
dénudée	fs	dénudé
dénudées	fp	dénudé
dénudés	mp	dénudé
dénué	ms	dénué
dénuée	fs	dénué
dénuées	fp	dénué
dénués	mp	dénué
déobanti	ms	déobanti
déobantie	fs	déobanti
déobanties	fp	déobanti
déobantis	mp	déobanti
déodorant	ms	déodorant
déodorante	fs	déodorant
déodorantes	fp	déodorant
déodorants	mp	déodorant
dépanneur	ms	dépanneur
dépanneurs	mp	dépanneur
dépanneuse	fs	dépanneur
dépanneuses	fp	dépanneur
dépareillé	ms	dépareillé
dépareillée	fs	dépareillé
dépareillées	fp	dépareillé
dépareillés	mp	dépareillé
départemental	ms	départemental
départementale	fs	départemental
départementales	fp	départemental
départementaux	mp	départemental
dépassé	ms	dépassé
dépassée	fs	dépassé
dépassées	fp	dépassé
dépassés	mp	dépassé
dépaysant	ms	dépaysant
dépaysante	fs	dépaysant
dépaysantes	fp	dépaysant
dépaysants	mp	dépaysant
dépaysé	ms	dépaysé
dépaysée	fs	dépaysé
dépaysées	fp	dépaysé
dépaysés	mp	dépaysé
dépeigné	ms	dépeigné
dépeignée	fs	dépeigné
dépeignées	fp	dépeigné
dépeignés	mp	dépeigné
dépenaillé	ms	dépenaillé
dépenaillée	fs	dépenaillé
dépenaillées	fp	dépenaillé
dépenaillés	mp	dépenaillé
dépendant	ms	dépendant
dépendante	fs	dépendant
dépendantes	fp	dépendant
dépendants	mp	dépendant
dépensier	ms	dépensier
dépensiers	mp	dépensier
dépensière	fs	dépensier
dépensières	fp	dépensier
dépeuplé	ms	dépeuplé
dépeuplée	fs	dépeuplé
dépeuplées	fp	dépeuplé
dépeuplés	mp	dépeuplé
déphasé	ms	déphasé
déphasée	fs	déphasé
déphasées	fp	déphasé
déphasés	mp	déphasé
dépité	ms	dépité
dépitée	fs	dépité
dépitées	fp	dépité
dépités	mp	dépité
déplacé	ms	déplacé
déplacée	fs	déplacé
déplacées	fp	déplacé
déplacés	mp	déplacé
déplaisant	ms	déplaisant
déplaisante	fs	déplaisant
déplaisantes	fp	déplaisant
déplaisants	mp	déplaisant
dépliant	ms	dépliant
dépliante	fs	dépliant
dépliantes	fp	dépliant
dépliants	mp	dépliant
déployé	ms	déployé
déployée	fs	déployé
déployées	fp	déployé
déployés	mp	déployé
déplumant	ms	déplumant
déplumante	fs	déplumant
déplumantes	fp	déplumant
déplumants	mp	déplumant
déplumé	ms	déplumé
déplumée	fs	déplumé
déplumées	fp	déplumé
déplumés	mp	déplumé
dépoitraillé	ms	dépoitraillé
dépoitraillée	fs	dépoitraillé
dépoitraillées	fp	dépoitraillé
dépoitraillés	mp	dépoitraillé
dépolarisant	ms	dépolarisant
dépolarisante	fs	dépolarisant
dépolarisantes	fp	dépolarisant
dépolarisants	mp	dépolarisant
dépolarisé	ms	dépolarisé
dépolarisée	fs	dépolarisé
dépolarisées	fp	dépolarisé
dépolarisés	mp	dépolarisé
dépoli	ms	dépoli
dépolie	fs	dépoli
dépolies	fp	dépoli
dépolis	mp	dépoli
dépolitisant	ms	dépolitisant
dépolitisante	fs	dépolitisant
dépolitisantes	fp	dépolitisant
dépolitisants	mp	dépolitisant
dépolluant	ms	dépolluant
dépolluante	fs	dépolluant
dépolluantes	fp	dépolluant
dépolluants	mp	dépolluant
déponent	ms	déponent
déponente	fs	déponent
déponentes	fp	déponent
déponents	mp	déponent
déporté	ms	déporté
déportée	fs	déporté
déportées	fp	déporté
déportés	mp	déporté
déposant	ms	déposant
déposante	fs	déposant
déposantes	fp	déposant
déposants	mp	déposant
déposé	ms	déposé
déposée	fs	déposé
déposées	fp	déposé
déposés	mp	déposé
dépouillé	ms	dépouillé
dépouillée	fs	dépouillé
dépouillées	fp	dépouillé
dépouillés	mp	dépouillé
dépourvu	ms	dépourvu
dépourvue	fs	dépourvu
dépourvues	fp	dépourvu
dépourvus	mp	dépourvu
dépoussiérant	ms	dépoussiérant
dépoussiérante	fs	dépoussiérant
dépoussiérantes	fp	dépoussiérant
dépoussiérants	mp	dépoussiérant
dépravant	ms	dépravant
dépravante	fs	dépravant
dépravantes	fp	dépravant
dépravants	mp	dépravant
dépravé	ms	dépravé
dépravée	fs	dépravé
dépravées	fp	dépravé
dépravés	mp	dépravé
dépressif	ms	dépressif
dépressifs	mp	dépressif
dépressive	fs	dépressif
dépressives	fp	dépressif
déprimant	ms	déprimant
déprimante	fs	déprimant
déprimantes	fp	déprimant
déprimants	mp	déprimant
déprimé	ms	déprimé
déprimée	fs	déprimé
déprimées	fp	déprimé
déprimés	mp	déprimé
dépréciateur	ms	dépréciateur
dépréciateurs	mp	dépréciateur
dépréciatif	ms	dépréciatif
dépréciatifs	mp	dépréciatif
dépréciative	fs	dépréciatif
dépréciatives	fp	dépréciatif
dépréciatrice	fs	dépréciateur
dépréciatrices	fp	dépréciateur
déprédateur	ms	déprédateur
déprédateurs	mp	déprédateur
déprédatrice	fs	déprédateur
déprédatrices	fp	déprédateur
dépuratif	ms	dépuratif
dépuratifs	mp	dépuratif
dépurative	fs	dépuratif
dépuratives	fp	dépuratif
dépérissant	ms	dépérissant
dépérissante	fs	dépérissant
dépérissantes	fp	dépérissant
dépérissants	mp	dépérissant
déraciné	ms	déraciné
déracinée	fs	déraciné
déracinées	fp	déraciné
déracinés	mp	déraciné
déraidi	ms	déraidi
déraidie	fs	déraidi
déraidies	fp	déraidi
déraidis	mp	déraidi
dérangeant	ms	dérangeant
dérangeante	fs	dérangeant
dérangeantes	fp	dérangeant
dérangeants	mp	dérangeant
dérangé	ms	dérangé
dérangée	fs	dérangé
dérangées	fp	dérangé
dérangés	mp	dérangé
dérivant	ms	dérivant
dérivante	fs	dérivant
dérivantes	fp	dérivant
dérivants	mp	dérivant
dérivatif	ms	dérivatif
dérivatifs	mp	dérivatif
dérivative	fs	dérivatif
dérivatives	fp	dérivatif
dérobé	ms	dérobé
dérobée	fs	dérobé
dérobées	fp	dérobé
dérobés	mp	dérobé
dérogeant	ms	dérogeant
dérogeante	fs	dérogeant
dérogeantes	fp	dérogeant
dérogeants	mp	dérogeant
déroutant	ms	déroutant
déroutante	fs	déroutant
déroutantes	fp	déroutant
déroutants	mp	déroutant
déréalisant	ms	déréalisant
déréalisante	fs	déréalisant
déréalisantes	fp	déréalisant
déréalisants	mp	déréalisant
déréglementateur	ms	déréglementateur
déréglementateurs	mp	déréglementateur
déréglementatrice	fs	déréglementateur
déréglementatrices	fp	déréglementateur
déréglé	ms	déréglé
déréglée	fs	déréglé
déréglées	fp	déréglé
déréglés	mp	déréglé
désabusé	ms	désabusé
désabusée	fs	désabusé
désabusées	fp	désabusé
désabusés	mp	désabusé
désaccordé	ms	désaccordé
désaccordée	fs	désaccordé
désaccordées	fp	désaccordé
désaccordés	mp	désaccordé
désaffecté	ms	désaffecté
désaffectée	fs	désaffecté
désaffectées	fp	désaffecté
désaffectés	mp	désaffecté
désaltérant	ms	désaltérant
désaltérante	fs	désaltérant
désaltérantes	fp	désaltérant
désaltérants	mp	désaltérant
désambiguïsé	ms	désambiguïsé
désambiguïsée	fs	désambiguïsé
désambiguïsées	fp	désambiguïsé
désambiguïsés	mp	désambiguïsé
désappointé	ms	désappointé
désappointée	fs	désappointé
désappointées	fp	désappointé
désappointés	mp	désappointé
désapprobateur	ms	désapprobateur
désapprobateurs	mp	désapprobateur
désapprobatrice	fs	désapprobateur
désapprobatrices	fp	désapprobateur
désargenté	ms	désargenté
désargentée	fs	désargenté
désargentées	fp	désargenté
désargentés	mp	désargenté
désarmant	ms	désarmant
désarmante	fs	désarmant
désarmantes	fp	désarmant
désarmants	mp	désarmant
désassorti	ms	désassorti
désassortie	fs	désassorti
désassorties	fp	désassorti
désassortis	mp	désassorti
désastreuse	fs	désastreux
désastreuses	fp	désastreux
désavantageuse	fs	désavantageux
désavantageuses	fp	désavantageux
désaxé	ms	désaxé
désaxée	fs	désaxé
désaxées	fp	désaxé
désaxés	mp	désaxé
désemparé	ms	désemparé
désemparée	fs	désemparé
désemparées	fp	désemparé
désemparés	mp	désemparé
désenchanté	ms	désenchanté
désenchantée	fs	désenchanté
désenchantées	fp	désenchanté
désenchantés	mp	désenchanté
désengourdi	ms	désengourdi
désengourdie	fs	désengourdi
désengourdies	fp	désengourdi
désengourdis	mp	désengourdi
désenivré	ms	désenivré
désenivrée	fs	désenivré
désenivrées	fp	désenivré
désenivrés	mp	désenivré
désensibilisant	ms	désensibilisant
désensibilisante	fs	désensibilisant
désensibilisantes	fp	désensibilisant
désensibilisants	mp	désensibilisant
désensibilisateur	ms	désensibilisateur
désensibilisateurs	mp	désensibilisateur
désensibilisatrice	fs	désensibilisateur
désensibilisatrices	fp	désensibilisateur
désensibilisé	ms	désensibilisé
désensibilisée	fs	désensibilisé
désensibilisées	fp	désensibilisé
désensibilisés	mp	désensibilisé
désert	ms	désert
déserte	fs	désert
désertes	fp	désert
déserts	mp	désert
désespérant	ms	désespérant
désespérante	fs	désespérant
désespérantes	fp	désespérant
désespérants	mp	désespérant
désespéré	ms	désespéré
désespérée	fs	désespéré
désespérées	fp	désespéré
désespérés	mp	désespéré
désherbant	ms	désherbant
désherbante	fs	désherbant
désherbantes	fp	désherbant
désherbants	mp	désherbant
déshonorant	ms	déshonorant
déshonorante	fs	déshonorant
déshonorantes	fp	déshonorant
déshonorants	mp	déshonorant
déshumanisant	ms	déshumanisant
déshumanisante	fs	déshumanisant
déshumanisantes	fp	déshumanisant
déshumanisants	mp	déshumanisant
déshydratant	ms	déshydratant
déshydratante	fs	déshydratant
déshydratantes	fp	déshydratant
déshydratants	mp	déshydratant
déshydraté	ms	déshydraté
déshydratée	fs	déshydraté
déshydratées	fp	déshydraté
déshydratés	mp	déshydraté
déshérité	ms	déshérité
déshéritée	fs	déshérité
déshéritées	fp	déshérité
déshérités	mp	déshérité
désignatif	ms	désignatif
désignatifs	mp	désignatif
désignative	fs	désignatif
désignatives	fp	désignatif
désincarné	ms	désincarné
désincarnée	fs	désincarné
désincarnées	fp	désincarné
désincarnés	mp	désincarné
désincrustant	ms	désincrustant
désincrustante	fs	désincrustant
désincrustantes	fp	désincrustant
désincrustants	mp	désincrustant
désinentiel	ms	désinentiel
désinentielle	fs	désinentiel
désinentielles	fp	désinentiel
désinentiels	mp	désinentiel
désinfectant	ms	désinfectant
désinfectante	fs	désinfectant
désinfectantes	fp	désinfectant
désinfectants	mp	désinfectant
désintégrateur	ms	désintégrateur
désintégrateurs	mp	désintégrateur
désintégratrice	fs	désintégrateur
désintégratrices	fp	désintégrateur
désintéressé	ms	désintéressé
désintéressée	fs	désintéressé
désintéressées	fp	désintéressé
désintéressés	mp	désintéressé
désirant	ms	désirant
désirante	fs	désirant
désirantes	fp	désirant
désirants	mp	désirant
désireuse	fs	désireux
désireuses	fp	désireux
désobligeant	ms	désobligeant
désobligeante	fs	désobligeant
désobligeantes	fp	désobligeant
désobligeants	mp	désobligeant
désobéissant	ms	désobéissant
désobéissante	fs	désobéissant
désobéissantes	fp	désobéissant
désobéissants	mp	désobéissant
désoccupé	ms	désoccupé
désoccupée	fs	désoccupé
désoccupées	fp	désoccupé
désoccupés	mp	désoccupé
désodorisant	ms	désodorisant
désodorisante	fs	désodorisant
désodorisantes	fp	désodorisant
désodorisants	mp	désodorisant
désoeuvré	ms	désoeuvré
désoeuvrée	fs	désoeuvré
désoeuvrées	fp	désoeuvré
désoeuvrés	mp	désoeuvré
désolant	ms	désolant
désolante	fs	désolant
désolantes	fp	désolant
désolants	mp	désolant
désolé	ms	désolé
désolée	fs	désolé
désolées	fp	désolé
désolés	mp	désolé
désopilant	ms	désopilant
désopilante	fs	désopilant
désopilantes	fp	désopilant
désopilants	mp	désopilant
désordonné	ms	désordonné
désordonnée	fs	désordonné
désordonnées	fp	désordonné
désordonnés	mp	désordonné
désorganisateur	ms	désorganisateur
désorganisateurs	mp	désorganisateur
désorganisatrice	fs	désorganisateur
désorganisatrices	fp	désorganisateur
désorienté	ms	désorienté
désorientée	fs	désorienté
désorientées	fp	désorienté
désorientés	mp	désorienté
désossé	ms	désossé
désossée	fs	désossé
désossées	fp	désossé
désossés	mp	désossé
désoxydant	ms	désoxydant
désoxydante	fs	désoxydant
désoxydantes	fp	désoxydant
désoxydants	mp	désoxydant
désoxygénant	ms	désoxygénant
désoxygénante	fs	désoxygénant
désoxygénantes	fp	désoxygénant
désoxygénants	mp	désoxygénant
déstabilisant	ms	déstabilisant
déstabilisante	fs	déstabilisant
déstabilisantes	fp	déstabilisant
déstabilisants	mp	déstabilisant
déstabilisateur	ms	déstabilisateur
déstabilisateurs	mp	déstabilisateur
déstabilisatrice	fs	déstabilisateur
déstabilisatrices	fp	déstabilisateur
désuet	ms	désuet
désuets	mp	désuet
désulfurant	ms	désulfurant
désulfurante	fs	désulfurant
désulfurantes	fp	désulfurant
désulfurants	mp	désulfurant
désuni	ms	désuni
désunie	fs	désuni
désunies	fp	désuni
désunis	mp	désuni
désuète	fs	désuet
désuètes	fp	désuet
déséquilibrant	ms	déséquilibrant
déséquilibrante	fs	déséquilibrant
déséquilibrantes	fp	déséquilibrant
déséquilibrants	mp	déséquilibrant
déséquilibré	ms	déséquilibré
déséquilibrée	fs	déséquilibré
déséquilibrées	fp	déséquilibré
déséquilibrés	mp	déséquilibré
détachant	ms	détachant
détachante	fs	détachant
détachantes	fp	détachant
détachants	mp	détachant
détaché	ms	détaché
détachée	fs	détaché
détachées	fp	détaché
détachés	mp	détaché
détaillé	ms	détaillé
détaillée	fs	détaillé
détaillées	fp	détaillé
détaillés	mp	détaillé
détartrant	ms	détartrant
détartrante	fs	détartrant
détartrantes	fp	détartrant
détartrants	mp	détartrant
détartreur	ms	détartreur
détartreurs	mp	détartreur
détartreuse	fs	détartreur
détartreuses	fp	détartreur
détecteur	ms	détecteur
détecteurs	mp	détecteur
détectrice	fs	détecteur
détectrices	fp	détecteur
détendu	ms	détendu
détendue	fs	détendu
détendues	fp	détendu
détendus	mp	détendu
détenteur	ms	détenteur
détenteurs	mp	détenteur
détentrice	fs	détenteur
détentrices	fp	détenteur
détenu	ms	détenu
détenue	fs	détenu
détenues	fp	détenu
détenus	mp	détenu
détergent	ms	détergent
détergente	fs	détergent
détergentes	fp	détergent
détergents	mp	détergent
déterminant	ms	déterminant
déterminante	fs	déterminant
déterminantes	fp	déterminant
déterminants	mp	déterminant
déterminatif	ms	déterminatif
déterminatifs	mp	déterminatif
déterminative	fs	déterminatif
déterminatives	fp	déterminatif
déterminé	ms	déterminé
déterminée	fs	déterminé
déterminées	fp	déterminé
déterminés	mp	déterminé
déterré	ms	déterré
déterrée	fs	déterré
déterrées	fp	déterré
déterrés	mp	déterré
détersif	ms	détersif
détersifs	mp	détersif
détersive	fs	détersif
détersives	fp	détersif
détonant	ms	détonant
détonante	fs	détonant
détonantes	fp	détonant
détonants	mp	détonant
détorse	fs	détors
détorses	fp	détors
détourné	ms	détourné
détournée	fs	détourné
détournées	fp	détourné
détournés	mp	détourné
détracteur	ms	détracteur
détracteurs	mp	détracteur
détractrice	fs	détracteur
détractrices	fp	détracteur
détraqué	ms	détraqué
détraquée	fs	détraqué
détraquées	fp	détraqué
détraqués	mp	détraqué
détrompeur	ms	détrompeur
détrompeurs	mp	détrompeur
détrompeuse	fs	détrompeur
détrompeuses	fp	détrompeur
détérioré	ms	détérioré
détériorée	fs	détérioré
détériorées	fp	détérioré
détériorés	mp	détérioré
dévalorisant	ms	dévalorisant
dévalorisante	fs	dévalorisant
dévalorisantes	fp	dévalorisant
dévalorisants	mp	dévalorisant
dévastateur	ms	dévastateur
dévastateurs	mp	dévastateur
dévastatrice	fs	dévastateur
dévastatrices	fp	dévastateur
dévasté	ms	dévasté
dévastée	fs	dévasté
dévastées	fp	dévasté
dévastés	mp	dévasté
développé	ms	développé
développée	fs	développé
développées	fp	développé
développés	mp	développé
dévergondé	ms	dévergondé
dévergondée	fs	dévergondé
dévergondées	fp	dévergondé
dévergondés	mp	dévergondé
déverse	fs	dévers
déverses	fp	dévers
déversé	ms	déversé
déversée	fs	déversé
déversées	fp	déversé
déversés	mp	déversé
déviant	ms	déviant
déviante	fs	déviant
déviantes	fp	déviant
déviants	mp	déviant
déviateur	ms	déviateur
déviateurs	mp	déviateur
déviatrice	fs	déviateur
déviatrices	fp	déviateur
dévissé	ms	dévissé
dévissée	fs	dévissé
dévissées	fp	dévissé
dévissés	mp	dévissé
dévolu	ms	dévolu
dévolue	fs	dévolu
dévolues	fp	dévolu
dévolus	mp	dévolu
dévolutif	ms	dévolutif
dévolutifs	mp	dévolutif
dévolutive	fs	dévolutif
dévolutives	fp	dévolutif
dévonien	ms	dévonien
dévonienne	fs	dévonien
dévoniennes	fp	dévonien
dévoniens	mp	dévonien
dévorant	ms	dévorant
dévorante	fs	dévorant
dévorantes	fp	dévorant
dévorants	mp	dévorant
dévorateur	ms	dévorateur
dévorateurs	mp	dévorateur
dévoratrice	fs	dévorateur
dévoratrices	fp	dévorateur
dévoreur	ms	dévoreur
dévoreurs	mp	dévoreur
dévoreuse	fs	dévoreur
dévoreuses	fp	dévoreur
dévot	ms	dévot
dévote	fs	dévot
dévotes	fp	dévot
dévots	mp	dévot
dévoué	ms	dévoué
dévouée	fs	dévoué
dévouées	fp	dévoué
dévoués	mp	dévoué
dévoyé	ms	dévoyé
dévoyée	fs	dévoyé
dévoyées	fp	dévoyé
dévoyés	mp	dévoyé
déçu	ms	déçu
déçue	fs	déçu
déçues	fp	déçu
déçus	mp	déçu
ecclésial	ms	ecclésial
ecclésiale	fs	ecclésial
ecclésiales	fp	ecclésial
ecclésiaux	mp	ecclésial
eczémateuse	fs	eczémateux
eczémateuses	fp	eczémateux
effacé	ms	effacé
effacée	fs	effacé
effacées	fp	effacé
effacés	mp	effacé
effarant	ms	effarant
effarante	fs	effarant
effarantes	fp	effarant
effarants	mp	effarant
effarouchant	ms	effarouchant
effarouchante	fs	effarouchant
effarouchantes	fp	effarouchant
effarouchants	mp	effarouchant
effarouché	ms	effarouché
effarouchée	fs	effarouché
effarouchées	fp	effarouché
effarouchés	mp	effarouché
effaré	ms	effaré
effarée	fs	effaré
effarées	fp	effaré
effarés	mp	effaré
effecteur	ms	effecteur
effecteurs	mp	effecteur
effectif	ms	effectif
effectifs	mp	effectif
effective	fs	effectif
effectives	fp	effectif
effectrice	fs	effecteur
effectrices	fp	effecteur
effervescent	ms	effervescent
effervescente	fs	effervescent
effervescentes	fp	effervescent
effervescents	mp	effervescent
efficient	ms	efficient
efficiente	fs	efficient
efficientes	fp	efficient
efficients	mp	efficient
effilocheur	ms	effilocheur
effilocheurs	mp	effilocheur
effilocheuse	fs	effilocheur
effilocheuses	fp	effilocheur
effiloché	ms	effiloché
effilochée	fs	effiloché
effilochées	fp	effiloché
effilochés	mp	effiloché
effilé	ms	effilé
effilée	fs	effilé
effilées	fp	effilé
effilés	mp	effilé
efflanqué	ms	efflanqué
efflanquée	fs	efflanqué
efflanquées	fp	efflanqué
efflanqués	mp	efflanqué
efflorescent	ms	efflorescent
efflorescente	fs	efflorescent
efflorescentes	fp	efflorescent
efflorescents	mp	efflorescent
effluent	ms	effluent
effluente	fs	effluent
effluentes	fp	effluent
effluents	mp	effluent
effondré	ms	effondré
effondrée	fs	effondré
effondrées	fp	effondré
effondrés	mp	effondré
effrangé	ms	effrangé
effrangée	fs	effrangé
effrangées	fp	effrangé
effrangés	mp	effrangé
effrayant	ms	effrayant
effrayante	fs	effrayant
effrayantes	fp	effrayant
effrayants	mp	effrayant
effrayé	ms	effrayé
effrayée	fs	effrayé
effrayées	fp	effrayé
effrayés	mp	effrayé
effronté	ms	effronté
effrontée	fs	effronté
effrontées	fp	effronté
effrontés	mp	effronté
effréné	ms	effréné
effrénée	fs	effréné
effrénées	fp	effréné
effrénés	mp	effréné
efféminé	ms	efféminé
efféminée	fs	efféminé
efféminées	fp	efféminé
efféminés	mp	efféminé
efférent	ms	efférent
efférente	fs	efférent
efférentes	fp	efférent
efférents	mp	efférent
elboise	fs	elbois
elboises	fp	elbois
ellipsoïdal	ms	ellipsoïdal
ellipsoïdale	fs	ellipsoïdal
ellipsoïdales	fp	ellipsoïdal
ellipsoïdaux	mp	ellipsoïdal
elzévirien	ms	elzévirien
elzévirienne	fs	elzévirien
elzéviriennes	fp	elzévirien
elzéviriens	mp	elzévirien
emballant	ms	emballant
emballante	fs	emballant
emballantes	fp	emballant
emballants	mp	emballant
embarrassant	ms	embarrassant
embarrassante	fs	embarrassant
embarrassantes	fp	embarrassant
embarrassants	mp	embarrassant
embellissant	ms	embellissant
embellissante	fs	embellissant
embellissantes	fp	embellissant
embellissants	mp	embellissant
emberlificoteur	ms	emberlificoteur
emberlificoteurs	mp	emberlificoteur
emberlificoteuse	fs	emberlificoteur
emberlificoteuses	fp	emberlificoteur
embouché	ms	embouché
embouchée	fs	embouché
embouchées	fp	embouché
embouchés	mp	embouché
embouti	ms	embouti
emboutie	fs	embouti
embouties	fp	embouti
emboutis	mp	embouti
embrassant	ms	embrassant
embrassante	fs	embrassant
embrassantes	fp	embrassant
embrassants	mp	embrassant
embrasseur	ms	embrasseur
embrasseurs	mp	embrasseur
embrasseuse	fs	embrasseur
embrasseuses	fp	embrasseur
embrassé	ms	embrassé
embrassée	fs	embrassé
embrassées	fp	embrassé
embrassés	mp	embrassé
embrouillé	ms	embrouillé
embrouillée	fs	embrouillé
embrouillées	fp	embrouillé
embrouillés	mp	embrouillé
embroussaillé	ms	embroussaillé
embroussaillée	fs	embroussaillé
embroussaillées	fp	embroussaillé
embroussaillés	mp	embroussaillé
embryoné	ms	embryoné
embryonée	fs	embryoné
embryonées	fp	embryoné
embryonés	mp	embryoné
embu	ms	embu
embue	fs	embu
embues	fp	embu
embus	mp	embu
embusqué	ms	embusqué
embusquée	fs	embusqué
embusquées	fp	embusqué
embusqués	mp	embusqué
embêtant	ms	embêtant
embêtante	fs	embêtant
embêtantes	fp	embêtant
embêtants	mp	embêtant
emmerdant	ms	emmerdant
emmerdante	fs	emmerdant
emmerdantes	fp	emmerdant
emmerdants	mp	emmerdant
emmerdeur	ms	emmerdeur
emmerdeurs	mp	emmerdeur
emmerdeuse	fs	emmerdeur
emmerdeuses	fp	emmerdeur
emmiellant	ms	emmiellant
emmiellante	fs	emmiellant
emmiellantes	fp	emmiellant
emmiellants	mp	emmiellant
emmotté	ms	emmotté
emmottée	fs	emmotté
emmottées	fp	emmotté
emmottés	mp	emmotté
empaillé	ms	empaillé
empaillée	fs	empaillé
empaillées	fp	empaillé
empaillés	mp	empaillé
empanaché	ms	empanaché
empanachée	fs	empanaché
empanachées	fp	empanaché
empanachés	mp	empanaché
empaqueté	ms	empaqueté
empaquetée	fs	empaqueté
empaquetées	fp	empaqueté
empaquetés	mp	empaqueté
emperlé	ms	emperlé
emperlée	fs	emperlé
emperlées	fp	emperlé
emperlés	mp	emperlé
empesé	ms	empesé
empesée	fs	empesé
empesées	fp	empesé
empesés	mp	empesé
emphysémateuse	fs	emphysémateux
emphysémateuses	fp	emphysémateux
empiétant	ms	empiétant
empiétante	fs	empiétant
empiétantes	fp	empiétant
empiétants	mp	empiétant
employeur	ms	employeur
employeurs	mp	employeur
employeuse	fs	employeur
employeuses	fp	employeur
emplumé	ms	emplumé
emplumée	fs	emplumé
emplumées	fp	emplumé
emplumés	mp	emplumé
empoignant	ms	empoignant
empoignante	fs	empoignant
empoignantes	fp	empoignant
empoignants	mp	empoignant
empoisonnant	ms	empoisonnant
empoisonnante	fs	empoisonnant
empoisonnantes	fp	empoisonnant
empoisonnants	mp	empoisonnant
emporté	ms	emporté
emportée	fs	emporté
emportées	fp	emporté
emportés	mp	emporté
empoté	ms	empoté
empotée	fs	empoté
empotées	fp	empoté
empotés	mp	empoté
empressé	ms	empressé
empressée	fs	empressé
empressées	fp	empressé
empressés	mp	empressé
emprunté	ms	emprunté
empruntée	fs	emprunté
empruntées	fp	emprunté
empruntés	mp	emprunté
empâté	ms	empâté
empâtée	fs	empâté
empâtées	fp	empâté
empâtés	mp	empâté
empêtré	ms	empêtré
empêtrée	fs	empêtré
empêtrées	fp	empêtré
empêtrés	mp	empêtré
encaissant	ms	encaissant
encaissante	fs	encaissant
encaissantes	fp	encaissant
encaissants	mp	encaissant
encalminé	ms	encalminé
encalminée	fs	encalminé
encalminées	fp	encalminé
encalminés	mp	encalminé
encartouché	ms	encartouché
encartouchée	fs	encartouché
encartouchées	fp	encartouché
encartouchés	mp	encartouché
enceint	ms	enceint
enceinte	fs	enceint
enceintes	fp	enceint
enceints	mp	enceint
encerclant	ms	encerclant
encerclante	fs	encerclant
encerclantes	fp	encerclant
encerclants	mp	encerclant
enchanteresse	fs	enchanteur
enchanteresses	fp	enchanteur
enchanteur	ms	enchanteur
enchanteurs	mp	enchanteur
enchanté	ms	enchanté
enchantée	fs	enchanté
enchantées	fp	enchanté
enchantés	mp	enchanté
enchifrené	ms	enchifrené
enchifrenée	fs	enchifrené
enchifrenées	fp	enchifrené
enchifrenés	mp	enchifrené
enclin	ms	enclin
encline	fs	enclin
enclines	fp	enclin
enclins	mp	enclin
encolleur	ms	encolleur
encolleurs	mp	encolleur
encolleuse	fs	encolleur
encolleuses	fp	encolleur
encombrant	ms	encombrant
encombrante	fs	encombrant
encombrantes	fp	encombrant
encombrants	mp	encombrant
encombré	ms	encombré
encombrée	fs	encombré
encombrées	fp	encombré
encombrés	mp	encombré
encorbeillé	ms	encorbeillé
encorbeillée	fs	encorbeillé
encorbeillées	fp	encorbeillé
encorbeillés	mp	encorbeillé
encorné	ms	encorné
encornée	fs	encorné
encornées	fp	encorné
encornés	mp	encorné
encourageant	ms	encourageant
encourageante	fs	encourageant
encourageantes	fp	encourageant
encourageants	mp	encourageant
encreur	ms	encreur
encreurs	mp	encreur
encreuse	fs	encreur
encreuses	fp	encreur
encroué	ms	encroué
encrouée	fs	encroué
encrouées	fp	encroué
encroués	mp	encroué
encroûtant	ms	encroûtant
encroûtante	fs	encroûtant
encroûtantes	fp	encroûtant
encroûtants	mp	encroûtant
encroûté	ms	encroûté
encroûtée	fs	encroûté
encroûtées	fp	encroûté
encroûtés	mp	encroûté
endenté	ms	endenté
endentée	fs	endenté
endentées	fp	endenté
endentés	mp	endenté
endiablé	ms	endiablé
endiablée	fs	endiablé
endiablées	fp	endiablé
endiablés	mp	endiablé
endimanché	ms	endimanché
endimanchée	fs	endimanché
endimanchées	fp	endimanché
endimanchés	mp	endimanché
endocrinien	ms	endocrinien
endocrinienne	fs	endocrinien
endocriniennes	fp	endocrinien
endocriniens	mp	endocrinien
endolori	ms	endolori
endolorie	fs	endolori
endolories	fp	endolori
endoloris	mp	endolori
endormant	ms	endormant
endormante	fs	endormant
endormantes	fp	endormant
endormants	mp	endormant
endormi	ms	endormi
endormie	fs	endormi
endormies	fp	endormi
endormis	mp	endormi
endothélial	ms	endothélial
endothéliale	fs	endothélial
endothéliales	fp	endothélial
endothéliaux	mp	endothélial
endurant	ms	endurant
endurante	fs	endurant
endurantes	fp	endurant
endurants	mp	endurant
endurci	ms	endurci
endurcie	fs	endurci
endurcies	fp	endurci
endurcis	mp	endurci
enfantin	ms	enfantin
enfantine	fs	enfantin
enfantines	fp	enfantin
enfantins	mp	enfantin
enfariné	ms	enfariné
enfarinée	fs	enfariné
enfarinées	fp	enfariné
enfarinés	mp	enfariné
enflammé	ms	enflammé
enflammée	fs	enflammé
enflammées	fp	enflammé
enflammés	mp	enflammé
enflé	ms	enflé
enflée	fs	enflé
enflées	fp	enflé
enflés	mp	enflé
enfoiré	ms	enfoiré
enfoirée	fs	enfoiré
enfoirées	fp	enfoiré
enfoirés	mp	enfoiré
enfoncé	ms	enfoncé
enfoncée	fs	enfoncé
enfoncées	fp	enfoncé
enfoncés	mp	enfoncé
enfumé	ms	enfumé
enfumée	fs	enfumé
enfumées	fp	enfumé
enfumés	mp	enfumé
engageant	ms	engageant
engageante	fs	engageant
engageantes	fp	engageant
engageants	mp	engageant
engagé	ms	engagé
engagée	fs	engagé
engagées	fp	engagé
engagés	mp	engagé
engainant	ms	engainant
engainante	fs	engainant
engainantes	fp	engainant
engainants	mp	engainant
englobant	ms	englobant
englobante	fs	englobant
englobantes	fp	englobant
englobants	mp	englobant
engourdi	ms	engourdi
engourdie	fs	engourdi
engourdies	fp	engourdi
engourdis	mp	engourdi
engourdissant	ms	engourdissant
engourdissante	fs	engourdissant
engourdissantes	fp	engourdissant
engourdissants	mp	engourdissant
engoué	ms	engoué
engouée	fs	engoué
engouées	fp	engoué
engoués	mp	engoué
engravé	ms	engravé
engravée	fs	engravé
engravées	fp	engravé
engravés	mp	engravé
engrenant	ms	engrenant
engrenante	fs	engrenant
engrenantes	fp	engrenant
engrenants	mp	engrenant
enivrant	ms	enivrant
enivrante	fs	enivrant
enivrantes	fp	enivrant
enivrants	mp	enivrant
enjambant	ms	enjambant
enjambante	fs	enjambant
enjambantes	fp	enjambant
enjambants	mp	enjambant
enjambé	ms	enjambé
enjambée	fs	enjambé
enjambées	fp	enjambé
enjambés	mp	enjambé
enjoué	ms	enjoué
enjouée	fs	enjoué
enjouées	fp	enjoué
enjoués	mp	enjoué
enjôleur	ms	enjôleur
enjôleurs	mp	enjôleur
enjôleuse	fs	enjôleur
enjôleuses	fp	enjôleur
enkysté	ms	enkysté
enkystée	fs	enkysté
enkystées	fp	enkysté
enkystés	mp	enkysté
enlaidissant	ms	enlaidissant
enlaidissante	fs	enlaidissant
enlaidissantes	fp	enlaidissant
enlaidissants	mp	enlaidissant
enlaçant	ms	enlaçant
enlaçante	fs	enlaçant
enlaçantes	fp	enlaçant
enlaçants	mp	enlaçant
enlevé	ms	enlevé
enlevée	fs	enlevé
enlevées	fp	enlevé
enlevés	mp	enlevé
enneigé	ms	enneigé
enneigée	fs	enneigé
enneigées	fp	enneigé
enneigés	mp	enneigé
ennemi	ms	ennemi
ennemie	fs	ennemi
ennemies	fp	ennemi
ennemis	mp	ennemi
ennuyant	ms	ennuyant
ennuyante	fs	ennuyant
ennuyantes	fp	ennuyant
ennuyants	mp	ennuyant
ennuyeuse	fs	ennuyeux
ennuyeuses	fp	ennuyeux
ennuyé	ms	ennuyé
ennuyée	fs	ennuyé
ennuyées	fp	ennuyé
ennuyés	mp	ennuyé
ennéagonal	ms	ennéagonal
ennéagonale	fs	ennéagonal
ennéagonales	fp	ennéagonal
ennéagonaux	mp	ennéagonal
enquiquinant	ms	enquiquinant
enquiquinante	fs	enquiquinant
enquiquinantes	fp	enquiquinant
enquiquinants	mp	enquiquinant
enquiquineur	ms	enquiquineur
enquiquineurs	mp	enquiquineur
enquiquineuse	fs	enquiquineur
enquiquineuses	fp	enquiquineur
enquêteur	ms	enquêteur
enquêteurs	mp	enquêteur
enquêteuse	fs	enquêteur
enquêteuses	fp	enquêteur
enrageant	ms	enrageant
enrageante	fs	enrageant
enrageantes	fp	enrageant
enrageants	mp	enrageant
enragé	ms	enragé
enragée	fs	enragé
enragées	fp	enragé
enragés	mp	enragé
enregistreur	ms	enregistreur
enregistreurs	mp	enregistreur
enregistreuse	fs	enregistreur
enregistreuses	fp	enregistreur
enrhumé	ms	enrhumé
enrhumée	fs	enrhumé
enrhumées	fp	enrhumé
enrhumés	mp	enrhumé
enrichi	ms	enrichi
enrichie	fs	enrichi
enrichies	fp	enrichi
enrichis	mp	enrichi
enrichissant	ms	enrichissant
enrichissante	fs	enrichissant
enrichissantes	fp	enrichissant
enrichissants	mp	enrichissant
enrouleur	ms	enrouleur
enrouleurs	mp	enrouleur
enrouleuse	fs	enrouleur
enrouleuses	fp	enrouleur
enseignant	ms	enseignant
enseignante	fs	enseignant
enseignantes	fp	enseignant
enseignants	mp	enseignant
enseigné	ms	enseigné
enseignée	fs	enseigné
enseignées	fp	enseigné
enseignés	mp	enseigné
ensellé	ms	ensellé
ensellée	fs	ensellé
ensellées	fp	ensellé
ensellés	mp	ensellé
ensoleillé	ms	ensoleillé
ensoleillée	fs	ensoleillé
ensoleillées	fp	ensoleillé
ensoleillés	mp	ensoleillé
ensommeillé	ms	ensommeillé
ensommeillée	fs	ensommeillé
ensommeillées	fp	ensommeillé
ensommeillés	mp	ensommeillé
ensorcelant	ms	ensorcelant
ensorcelante	fs	ensorcelant
ensorcelantes	fp	ensorcelant
ensorcelants	mp	ensorcelant
ensorceleur	ms	ensorceleur
ensorceleurs	mp	ensorceleur
ensorceleuse	fs	ensorceleur
ensorceleuses	fp	ensorceleur
ensuivant	ms	ensuivant
ensuivante	fs	ensuivant
ensuivantes	fp	ensuivant
ensuivants	mp	ensuivant
entartré	ms	entartré
entartrée	fs	entartré
entartrées	fp	entartré
entartrés	mp	entartré
enterré	ms	enterré
enterrée	fs	enterré
enterrées	fp	enterré
enterrés	mp	enterré
enthousiasmant	ms	enthousiasmant
enthousiasmante	fs	enthousiasmant
enthousiasmantes	fp	enthousiasmant
enthousiasmants	mp	enthousiasmant
entier	ms	entier
entiers	mp	entier
entière	fs	entier
entières	fp	entier
entouré	ms	entouré
entourée	fs	entouré
entourées	fp	entouré
entourés	mp	entouré
entrant	ms	entrant
entrante	fs	entrant
entrantes	fp	entrant
entrants	mp	entrant
entravé	ms	entravé
entravée	fs	entravé
entravées	fp	entravé
entravés	mp	entravé
entraînant	ms	entraînant
entraînante	fs	entraînant
entraînantes	fp	entraînant
entraînants	mp	entraînant
entrecoupé	ms	entrecoupé
entrecoupée	fs	entrecoupé
entrecoupées	fp	entrecoupé
entrecoupés	mp	entrecoupé
entrelacé	ms	entrelacé
entrelacée	fs	entrelacé
entrelacées	fp	entrelacé
entrelacés	mp	entrelacé
entrelardé	ms	entrelardé
entrelardée	fs	entrelardé
entrelardées	fp	entrelardé
entrelardés	mp	entrelardé
entreprenant	ms	entreprenant
entreprenante	fs	entreprenant
entreprenantes	fp	entreprenant
entreprenants	mp	entreprenant
entrepreneurial	ms	entrepreneurial
entrepreneuriale	fs	entrepreneurial
entrepreneuriales	fp	entrepreneurial
entrepreneuriaux	mp	entrepreneurial
entrepreunarial	ms	entrepreunarial
entrepreunariale	fs	entrepreunarial
entrepreunariales	fp	entrepreunarial
entrepreunariaux	mp	entrepreunarial
entretenu	ms	entretenu
entretenue	fs	entretenu
entretenues	fp	entretenu
entretenus	mp	entretenu
entrouvert	ms	entrouvert
entrouverte	fs	entrouvert
entrouvertes	fp	entrouvert
entrouverts	mp	entrouvert
enturbanné	ms	enturbanné
enturbannée	fs	enturbanné
enturbannées	fp	enturbanné
enturbannés	mp	enturbanné
enté	ms	enté
entée	fs	enté
entées	fp	enté
entéro-rénal	ms	entéro-rénal
entéro-rénale	fs	entéro-rénal
entéro-rénales	fp	entéro-rénal
entéro-rénaux	mp	entéro-rénal
entés	mp	enté
entêtant	ms	entêtant
entêtante	fs	entêtant
entêtantes	fp	entêtant
entêtants	mp	entêtant
entêté	ms	entêté
entêtée	fs	entêté
entêtées	fp	entêté
entêtés	mp	entêté
envahissant	ms	envahissant
envahissante	fs	envahissant
envahissantes	fp	envahissant
envahissants	mp	envahissant
envahisseur	ms	envahisseur
envahisseurs	mp	envahisseur
envahisseuse	fs	envahisseur
envahisseuses	fp	envahisseur
enveloppant	ms	enveloppant
enveloppante	fs	enveloppant
enveloppantes	fp	enveloppant
enveloppants	mp	enveloppant
enveloppé	ms	enveloppé
enveloppée	fs	enveloppé
enveloppées	fp	enveloppé
enveloppés	mp	enveloppé
envenimé	ms	envenimé
envenimée	fs	envenimé
envenimées	fp	envenimé
envenimés	mp	envenimé
envieuse	fs	envieux
envieuses	fp	envieux
enviné	ms	enviné
envinée	fs	enviné
envinées	fp	enviné
envinés	mp	enviné
environnant	ms	environnant
environnante	fs	environnant
environnantes	fp	environnant
environnants	mp	environnant
environnemental	ms	environnemental
environnementale	fs	environnemental
environnementales	fp	environnemental
environnementaux	mp	environnemental
envié	ms	envié
enviée	fs	envié
enviées	fp	envié
enviés	mp	envié
envoyé	ms	envoyé
envoyée	fs	envoyé
envoyées	fp	envoyé
envoyés	mp	envoyé
envoûtant	ms	envoûtant
envoûtante	fs	envoûtant
envoûtantes	fp	envoûtant
envoûtants	mp	envoûtant
erasmien	ms	erasmien
erasmienne	fs	erasmien
erasmiennes	fp	erasmien
erasmiens	mp	erasmien
ergoteur	ms	ergoteur
ergoteurs	mp	ergoteur
ergoteuse	fs	ergoteur
ergoteuses	fp	ergoteur
ergoté	ms	ergoté
ergotée	fs	ergoté
ergotées	fp	ergoté
ergotés	mp	ergoté
errant	ms	errant
errante	fs	errant
errantes	fp	errant
errants	mp	errant
erroné	ms	erroné
erronée	fs	erroné
erronées	fp	erroné
erronés	mp	erroné
esbroufant	ms	esbroufant
esbroufante	fs	esbroufant
esbroufantes	fp	esbroufant
esbroufants	mp	esbroufant
esbroufeur	ms	esbroufeur
esbroufeurs	mp	esbroufeur
esbroufeuse	fs	esbroufeur
esbroufeuses	fp	esbroufeur
esbrouffant	ms	esbrouffant
esbrouffante	fs	esbrouffant
esbrouffantes	fp	esbrouffant
esbrouffants	mp	esbrouffant
esbrouffeur	ms	esbrouffeur
esbrouffeurs	mp	esbrouffeur
esbrouffeuse	fs	esbrouffeur
esbrouffeuses	fp	esbrouffeur
escarpé	ms	escarpé
escarpée	fs	escarpé
escarpées	fp	escarpé
escarpés	mp	escarpé
esclavon	ms	esclavon
esclavonne	fs	esclavon
esclavonnes	fp	esclavon
esclavons	mp	esclavon
escompteur	ms	escompteur
escompteurs	mp	escompteur
escompteuse	fs	escompteur
escompteuses	fp	escompteur
escorteur	ms	escorteur
escorteurs	mp	escorteur
escorteuse	fs	escorteur
escorteuses	fp	escorteur
eskuarien	ms	eskuarien
eskuarienne	fs	eskuarien
eskuariennes	fp	eskuarien
eskuariens	mp	eskuarien
espacé	ms	espacé
espacée	fs	espacé
espacées	fp	espacé
espacés	mp	espacé
espagnol	ms	espagnol
espagnole	fs	espagnol
espagnoles	fp	espagnol
espagnols	mp	espagnol
espion	ms	espion
espionne	fs	espion
espionnes	fp	espion
espions	mp	espion
esquimau	ms	esquimau
esquimaude	fs	esquimau
esquimaudes	fp	esquimau
esquimaux	mp	esquimau
esquintant	ms	esquintant
esquintante	fs	esquintant
esquintantes	fp	esquintant
esquintants	mp	esquintant
esquinté	ms	esquinté
esquintée	fs	esquinté
esquintées	fp	esquinté
esquintés	mp	esquinté
essentiel	ms	essentiel
essentielle	fs	essentiel
essentielles	fp	essentiel
essentiels	mp	essentiel
esseulé	ms	esseulé
esseulée	fs	esseulé
esseulées	fp	esseulé
esseulés	mp	esseulé
essorant	ms	essorant
essorante	fs	essorant
essorantes	fp	essorant
essorants	mp	essorant
essénien	ms	essénien
essénienne	fs	essénien
esséniennes	fp	essénien
esséniens	mp	essénien
est-allemand	ms	est-allemand
est-allemande	fs	est-allemand
est-allemandes	fp	est-allemand
est-allemands	mp	est-allemand
estampeur	ms	estampeur
estampeurs	mp	estampeur
estampeuse	fs	estampeur
estampeuses	fp	estampeur
esthétisant	ms	esthétisant
esthétisante	fs	esthétisant
esthétisantes	fp	esthétisant
esthétisants	mp	esthétisant
estimatif	ms	estimatif
estimatifs	mp	estimatif
estimative	fs	estimatif
estimatives	fp	estimatif
estival	ms	estival
estivale	fs	estival
estivales	fp	estival
estivaux	mp	estival
estomaqué	ms	estomaqué
estomaquée	fs	estomaqué
estomaquées	fp	estomaqué
estomaqués	mp	estomaqué
estompé	ms	estompé
estompée	fs	estompé
estompées	fp	estompé
estompés	mp	estompé
estonien	ms	estonien
estonienne	fs	estonien
estoniennes	fp	estonien
estoniens	mp	estonien
estropié	ms	estropié
estropiée	fs	estropié
estropiées	fp	estropié
estropiés	mp	estropié
estuarien	ms	estuarien
estuarienne	fs	estuarien
estuariennes	fp	estuarien
estuariens	mp	estuarien
estudiantin	ms	estudiantin
estudiantine	fs	estudiantin
estudiantines	fp	estudiantin
estudiantins	mp	estudiantin
euclidien	ms	euclidien
euclidienne	fs	euclidien
euclidiennes	fp	euclidien
euclidiens	mp	euclidien
euphorisant	ms	euphorisant
euphorisante	fs	euphorisant
euphorisantes	fp	euphorisant
euphorisants	mp	euphorisant
eurafricain	ms	eurafricain
eurafricaine	fs	eurafricain
eurafricaines	fp	eurafricain
eurafricains	mp	eurafricain
eurasien	ms	eurasien
eurasienne	fs	eurasien
eurasiennes	fp	eurasien
eurasiens	mp	eurasien
européen	ms	européen
européenne	fs	européen
européennes	fp	européen
européens	mp	européen
euscarien	ms	euscarien
euscarienne	fs	euscarien
euscariennes	fp	euscarien
euscariens	mp	euscarien
euskarien	ms	euskarien
euskarienne	fs	euskarien
euskariennes	fp	euskarien
euskariens	mp	euskarien
exacerbé	ms	exacerbé
exacerbée	fs	exacerbé
exacerbées	fp	exacerbé
exacerbés	mp	exacerbé
exact	ms	exact
exacte	fs	exact
exactes	fp	exact
exacts	mp	exact
exagérateur	ms	exagérateur
exagérateurs	mp	exagérateur
exagératrice	fs	exagérateur
exagératrices	fp	exagérateur
exagéré	ms	exagéré
exagérée	fs	exagéré
exagérées	fp	exagéré
exagérés	mp	exagéré
exaltant	ms	exaltant
exaltante	fs	exaltant
exaltantes	fp	exaltant
exaltants	mp	exaltant
exalté	ms	exalté
exaltée	fs	exalté
exaltées	fp	exalté
exaltés	mp	exalté
exanthémateuse	fs	exanthémateux
exanthémateuses	fp	exanthémateux
exaspérant	ms	exaspérant
exaspérante	fs	exaspérant
exaspérantes	fp	exaspérant
exaspérants	mp	exaspérant
excellent	ms	excellent
excellente	fs	excellent
excellentes	fp	excellent
excellents	mp	excellent
excentré	ms	excentré
excentrée	fs	excentré
excentrées	fp	excentré
excentrés	mp	excentré
exceptionnel	ms	exceptionnel
exceptionnelle	fs	exceptionnel
exceptionnelles	fp	exceptionnel
exceptionnels	mp	exceptionnel
excepté	ms	excepté
exceptée	fs	excepté
exceptées	fp	excepté
exceptés	mp	excepté
excessif	ms	excessif
excessifs	mp	excessif
excessive	fs	excessif
excessives	fp	excessif
excitant	ms	excitant
excitante	fs	excitant
excitantes	fp	excitant
excitants	mp	excitant
excitateur	ms	excitateur
excitateurs	mp	excitateur
excitatrice	fs	excitateur
excitatrices	fp	excitateur
excité	ms	excité
excitée	fs	excité
excitées	fp	excité
excités	mp	excité
exclamatif	ms	exclamatif
exclamatifs	mp	exclamatif
exclamative	fs	exclamatif
exclamatives	fp	exclamatif
excluant	ms	excluant
excluante	fs	excluant
excluantes	fp	excluant
excluants	mp	excluant
exclusif	ms	exclusif
exclusifs	mp	exclusif
exclusive	fs	exclusif
exclusives	fp	exclusif
excommunié	ms	excommunié
excommuniée	fs	excommunié
excommuniées	fp	excommunié
excommuniés	mp	excommunié
excrémenteuse	fs	excrémenteux
excrémenteuses	fp	excrémenteux
excrémentiel	ms	excrémentiel
excrémentielle	fs	excrémentiel
excrémentielles	fp	excrémentiel
excrémentiels	mp	excrémentiel
excréteur	ms	excréteur
excréteurs	mp	excréteur
excrétrice	fs	excréteur
excrétrices	fp	excréteur
excédant	ms	excédant
excédante	fs	excédant
excédantes	fp	excédant
excédants	mp	excédant
exempt	ms	exempt
exempte	fs	exempt
exemptes	fp	exempt
exempts	mp	exempt
exempté	ms	exempté
exemptée	fs	exempté
exemptées	fp	exempté
exemptés	mp	exempté
exercé	ms	exercé
exercée	fs	exercé
exercées	fp	exercé
exercés	mp	exercé
exerçant	ms	exerçant
exerçante	fs	exerçant
exerçantes	fp	exerçant
exerçants	mp	exerçant
exfoliant	ms	exfoliant
exfoliante	fs	exfoliant
exfoliantes	fp	exfoliant
exfoliants	mp	exfoliant
exhaustif	ms	exhaustif
exhaustifs	mp	exhaustif
exhaustive	fs	exhaustif
exhaustives	fp	exhaustif
exigeant	ms	exigeant
exigeante	fs	exigeant
exigeantes	fp	exigeant
exigeants	mp	exigeant
exigu	ms	exigu
exigus	mp	exigu
exiguë	fs	exigu
exiguës	fp	exigu
exigé	ms	exigé
exigée	fs	exigé
exigées	fp	exigé
exigés	mp	exigé
exilé	ms	exilé
exilée	fs	exilé
exilées	fp	exilé
exilés	mp	exilé
exinscrit	ms	exinscrit
exinscrite	fs	exinscrit
exinscrites	fp	exinscrit
exinscrits	mp	exinscrit
existant	ms	existant
existante	fs	existant
existantes	fp	existant
existants	mp	existant
existentiel	ms	existentiel
existentielle	fs	existentiel
existentielles	fp	existentiel
existentiels	mp	existentiel
exorbitant	ms	exorbitant
exorbitante	fs	exorbitant
exorbitantes	fp	exorbitant
exorbitants	mp	exorbitant
exorbité	ms	exorbité
exorbitée	fs	exorbité
exorbitées	fp	exorbité
exorbités	mp	exorbité
expansif	ms	expansif
expansifs	mp	expansif
expansive	fs	expansif
expansives	fp	expansif
expansé	ms	expansé
expansée	fs	expansé
expansées	fp	expansé
expansés	mp	expansé
expatrié	ms	expatrié
expatriée	fs	expatrié
expatriées	fp	expatrié
expatriés	mp	expatrié
expectorant	ms	expectorant
expectorante	fs	expectorant
expectorantes	fp	expectorant
expectorants	mp	expectorant
expert	ms	expert
experte	fs	expert
expertes	fp	expert
experts	mp	expert
expirant	ms	expirant
expirante	fs	expirant
expirantes	fp	expirant
expirants	mp	expirant
expirateur	ms	expirateur
expirateurs	mp	expirateur
expiratrice	fs	expirateur
expiratrices	fp	expirateur
explicatif	ms	explicatif
explicatifs	mp	explicatif
explicative	fs	explicatif
explicatives	fp	explicatif
exploitant	ms	exploitant
exploitante	fs	exploitant
exploitantes	fp	exploitant
exploitants	mp	exploitant
exploité	ms	exploité
exploitée	fs	exploité
exploitées	fp	exploité
exploités	mp	exploité
explorateur	ms	explorateur
explorateurs	mp	explorateur
exploratrice	fs	explorateur
exploratrices	fp	explorateur
explosif	ms	explosif
explosifs	mp	explosif
explosive	fs	explosif
explosives	fp	explosif
explétif	ms	explétif
explétifs	mp	explétif
explétive	fs	explétif
explétives	fp	explétif
exponentiel	ms	exponentiel
exponentielle	fs	exponentiel
exponentielles	fp	exponentiel
exponentiels	mp	exponentiel
exportateur	ms	exportateur
exportateurs	mp	exportateur
exportatrice	fs	exportateur
exportatrices	fp	exportateur
exposé	ms	exposé
exposée	fs	exposé
exposées	fp	exposé
exposés	mp	exposé
expresse	fs	exprès
expresses	fp	exprès
expressif	ms	expressif
expressifs	mp	expressif
expressive	fs	expressif
expressives	fp	expressif
expropriant	ms	expropriant
expropriante	fs	expropriant
expropriantes	fp	expropriant
expropriants	mp	expropriant
expropriateur	ms	expropriateur
expropriateurs	mp	expropriateur
expropriatrice	fs	expropriateur
expropriatrices	fp	expropriateur
exproprié	ms	exproprié
expropriée	fs	exproprié
expropriées	fp	exproprié
expropriés	mp	exproprié
expulsé	ms	expulsé
expulsée	fs	expulsé
expulsées	fp	expulsé
expulsés	mp	expulsé
expédient	ms	expédient
expédiente	fs	expédient
expédientes	fp	expédient
expédients	mp	expédient
expéditeur	ms	expéditeur
expéditeurs	mp	expéditeur
expéditif	ms	expéditif
expéditifs	mp	expéditif
expéditive	fs	expéditif
expéditives	fp	expéditif
expéditrice	fs	expéditeur
expéditrices	fp	expéditeur
expérimental	ms	expérimental
expérimentale	fs	expérimental
expérimentales	fp	expérimental
expérimentaux	mp	expérimental
expérimenté	ms	expérimenté
expérimentée	fs	expérimenté
expérimentées	fp	expérimenté
expérimentés	mp	expérimenté
exquise	fs	exquis
exquises	fp	exquis
extasié	ms	extasié
extasiée	fs	extasié
extasiées	fp	extasié
extasiés	mp	extasié
extemporané	ms	extemporané
extemporanée	fs	extemporané
extemporanées	fp	extemporané
extemporanés	mp	extemporané
extenseur	ms	extenseur
extenseurs	mp	extenseur
extenseuse	fs	extenseur
extenseuses	fp	extenseur
extensif	ms	extensif
extensifs	mp	extensif
extensive	fs	extensif
extensives	fp	extensif
exterminateur	ms	exterminateur
exterminateurs	mp	exterminateur
exterminatrice	fs	exterminateur
exterminatrices	fp	exterminateur
extincteur	ms	extincteur
extincteurs	mp	extincteur
extinctrice	fs	extincteur
extinctrices	fp	extincteur
extra-fin	ms	extra-fin
extra-fine	fs	extra-fin
extra-fines	fp	extra-fin
extra-fins	mp	extra-fin
extra-fort	ms	extra-fort
extra-forte	fs	extra-fort
extra-fortes	fp	extra-fort
extra-forts	mp	extra-fort
extra-légal	ms	extra-légal
extra-légale	fs	extra-légal
extra-légales	fp	extra-légal
extra-légaux	mp	extra-légal
extra-plat	ms	extra-plat
extra-plate	fs	extra-plat
extra-plates	fp	extra-plat
extra-plats	mp	extra-plat
extra-sensoriel	ms	extra-sensoriel
extra-sensorielle	fs	extra-sensoriel
extra-sensorielles	fp	extra-sensoriel
extra-sensoriels	mp	extra-sensoriel
extracteur	ms	extracteur
extracteurs	mp	extracteur
extractif	ms	extractif
extractifs	mp	extractif
extractive	fs	extractif
extractives	fp	extractif
extractrice	fs	extracteur
extractrices	fp	extracteur
extrapyramidal	ms	extrapyramidal
extrapyramidale	fs	extrapyramidal
extrapyramidales	fp	extrapyramidal
extrapyramidaux	mp	extrapyramidal
extraterritorial	ms	extraterritorial
extraterritoriale	fs	extraterritorial
extraterritoriales	fp	extraterritorial
extraterritoriaux	mp	extraterritorial
extravagant	ms	extravagant
extravagante	fs	extravagant
extravagantes	fp	extravagant
extravagants	mp	extravagant
extraverti	ms	extraverti
extravertie	fs	extraverti
extraverties	fp	extraverti
extravertis	mp	extraverti
extroverti	ms	extroverti
extrovertie	fs	extroverti
extroverties	fp	extroverti
extrovertis	mp	extroverti
extrusif	ms	extrusif
extrusifs	mp	extrusif
extrusive	fs	extrusif
extrusives	fp	extrusif
extrémal	ms	extrémal
extrémale	fs	extrémal
extrémales	fp	extrémal
extrémaux	mp	extrémal
extrême-oriental	ms	extrême-oriental
extrême-orientale	fs	extrême-oriental
extrême-orientales	fp	extrême-oriental
extrême-orientaux	mp	extrême-oriental
exténuant	ms	exténuant
exténuante	fs	exténuant
exténuantes	fp	exténuant
exténuants	mp	exténuant
extérieur	ms	extérieur
extérieure	fs	extérieur
extérieures	fp	extérieur
extérieurs	mp	extérieur
extérocepteur	ms	extérocepteur
extérocepteurs	mp	extérocepteur
extéroceptif	ms	extéroceptif
extéroceptifs	mp	extéroceptif
extéroceptive	fs	extéroceptif
extéroceptives	fp	extéroceptif
extéroceptrice	fs	extérocepteur
extéroceptrices	fp	extérocepteur
exubérant	ms	exubérant
exubérante	fs	exubérant
exubérantes	fp	exubérant
exubérants	mp	exubérant
exultant	ms	exultant
exultante	fs	exultant
exultantes	fp	exultant
exultants	mp	exultant
exécuteur	ms	exécuteur
exécuteurs	mp	exécuteur
exécutif	ms	exécutif
exécutifs	mp	exécutif
exécutive	fs	exécutif
exécutives	fp	exécutif
exécutrice	fs	exécuteur
exécutrices	fp	exécuteur
fabricant	ms	fabricant
fabricante	fs	fabricant
fabricantes	fp	fabricant
fabricants	mp	fabricant
fabulateur	ms	fabulateur
fabulateurs	mp	fabulateur
fabulatrice	fs	fabulateur
fabulatrices	fp	fabulateur
fabuleuse	fs	fabuleux
fabuleuses	fp	fabuleux
facial	ms	facial
faciale	fs	facial
faciales	fp	facial
facials	mp	facial
faciaux	mp	facial
facilitant	ms	facilitant
facilitante	fs	facilitant
facilitantes	fp	facilitant
facilitants	mp	facilitant
factieuse	fs	factieux
factieuses	fp	factieux
factitif	ms	factitif
factitifs	mp	factitif
factitive	fs	factitif
factitives	fp	factitif
factoriel	ms	factoriel
factorielle	fs	factoriel
factorielles	fp	factoriel
factoriels	mp	factoriel
factuel	ms	factuel
factuelle	fs	factuel
factuelles	fp	factuel
factuels	mp	factuel
facultatif	ms	facultatif
facultatifs	mp	facultatif
facultative	fs	facultatif
facultatives	fp	facultatif
facétieuse	fs	facétieux
facétieuses	fp	facétieux
fadé	ms	fadé
fadée	fs	fadé
fadées	fp	fadé
fadés	mp	fadé
faiblard	ms	faiblard
faiblarde	fs	faiblard
faiblardes	fp	faiblard
faiblards	mp	faiblard
faiblissant	ms	faiblissant
faiblissante	fs	faiblissant
faiblissantes	fp	faiblissant
faiblissants	mp	faiblissant
faignant	ms	faignant
faignante	fs	faignant
faignantes	fp	faignant
faignants	mp	faignant
failli	ms	failli
faillie	fs	failli
faillies	fp	failli
faillis	mp	failli
faillé	ms	faillé
faillée	fs	faillé
faillées	fp	faillé
faillés	mp	faillé
fainéant	ms	fainéant
fainéante	fs	fainéant
fainéantes	fp	fainéant
fainéants	mp	fainéant
faisandé	ms	faisandé
faisandée	fs	faisandé
faisandées	fp	faisandé
faisandés	mp	faisandé
fait	ms	fait
faite	fs	fait
faites	fp	fait
faits	mp	fait
fallacieuse	fs	fallacieux
fallacieuses	fp	fallacieux
falot	ms	falot
falote	fs	falot
falotes	fp	falot
falots	mp	falot
fameuse	fs	fameux
fameuses	fp	fameux
familial	ms	familial
familiale	fs	familial
familiales	fp	familial
familiaux	mp	familial
familier	ms	familier
familiers	mp	familier
familière	fs	familier
familières	fp	familier
famé	ms	famé
famée	fs	famé
famées	fp	famé
famés	mp	famé
fanfaron	ms	fanfaron
fanfaronne	fs	fanfaron
fanfaronnes	fp	fanfaron
fanfarons	mp	fanfaron
fangeuse	fs	fangeux
fangeuses	fp	fangeux
fané	ms	fané
fanée	fs	fané
fanées	fp	fané
fanés	mp	fané
faramineuse	fs	faramineux
faramineuses	fp	faramineux
faraud	ms	faraud
faraude	fs	faraud
faraudes	fp	faraud
farauds	mp	faraud
farceur	ms	farceur
farceurs	mp	farceur
farceuse	fs	farceur
farceuses	fp	farceur
farci	ms	farci
farcie	fs	farci
farcies	fp	farci
farcis	mp	farci
fardé	ms	fardé
fardée	fs	fardé
fardées	fp	fardé
fardés	mp	fardé
farfelu	ms	farfelu
farfelue	fs	farfelu
farfelues	fp	farfelu
farfelus	mp	farfelu
farinacé	ms	farinacé
farinacée	fs	farinacé
farinacées	fp	farinacé
farinacés	mp	farinacé
farineuse	fs	farineux
farineuses	fp	farineux
fasciculé	ms	fasciculé
fasciculée	fs	fasciculé
fasciculées	fp	fasciculé
fasciculés	mp	fasciculé
fascinant	ms	fascinant
fascinante	fs	fascinant
fascinantes	fp	fascinant
fascinants	mp	fascinant
fascinateur	ms	fascinateur
fascinateurs	mp	fascinateur
fascinatrice	fs	fascinateur
fascinatrices	fp	fascinateur
fascisant	ms	fascisant
fascisante	fs	fascisant
fascisantes	fp	fascisant
fascisants	mp	fascisant
fascié	ms	fascié
fasciée	fs	fascié
fasciées	fp	fascié
fasciés	mp	fascié
fascé	ms	fascé
fascée	fs	fascé
fascées	fp	fascé
fascés	mp	fascé
fassi	ms	fassi
fassie	fs	fassi
fassies	fp	fassi
fassis	mp	fassi
fastidieuse	fs	fastidieux
fastidieuses	fp	fastidieux
fastigié	ms	fastigié
fastigiée	fs	fastigié
fastigiées	fp	fastigié
fastigiés	mp	fastigié
fastueuse	fs	fastueux
fastueuses	fp	fastueux
fat	ms	fat
fatal	ms	fatal
fatale	fs	fatal
fatales	fp	fatal
fatals	mp	fatal
fate	fs	fat
fates	fp	fat
fatigant	ms	fatigant
fatigante	fs	fatigant
fatigantes	fp	fatigant
fatigants	mp	fatigant
fatigué	ms	fatigué
fatiguée	fs	fatigué
fatiguées	fp	fatigué
fatigués	mp	fatigué
fats	mp	fat
faubourien	ms	faubourien
faubourienne	fs	faubourien
faubouriennes	fp	faubourien
faubouriens	mp	faubourien
fauché	ms	fauché
fauchée	fs	fauché
fauchées	fp	fauché
fauchés	mp	fauché
fausse	fs	faux
fausses	fp	faux
faustien	ms	faustien
faustienne	fs	faustien
faustiennes	fp	faustien
faustiens	mp	faustien
fautif	ms	fautif
fautifs	mp	fautif
fautive	fs	fautif
fautives	fp	fautif
favori	ms	favori
favoris	mp	favori
favorisant	ms	favorisant
favorisante	fs	favorisant
favorisantes	fp	favorisant
favorisants	mp	favorisant
favorite	fs	favori
favorites	fp	favori
façonnier	ms	façonnier
façonniers	mp	façonnier
façonnière	fs	façonnier
façonnières	fp	façonnier
faîtier	ms	faîtier
faîtiers	mp	faîtier
faîtière	fs	faîtier
faîtières	fp	faîtier
faïencier	ms	faïencier
faïenciers	mp	faïencier
faïencière	fs	faïencier
faïencières	fp	faïencier
faïencé	ms	faïencé
faïencée	fs	faïencé
faïencées	fp	faïencé
faïencés	mp	faïencé
feignant	ms	feignant
feignante	fs	feignant
feignantes	fp	feignant
feignants	mp	feignant
fellinien	ms	fellinien
fellinienne	fs	fellinien
felliniennes	fp	fellinien
felliniens	mp	fellinien
fendant	ms	fendant
fendante	fs	fendant
fendantes	fp	fendant
fendants	mp	fendant
fendillé	ms	fendillé
fendillée	fs	fendillé
fendillées	fp	fendillé
fendillés	mp	fendillé
fendu	ms	fendu
fendue	fs	fendu
fendues	fp	fendu
fendus	mp	fendu
fenestré	ms	fenestré
fenestrée	fs	fenestré
fenestrées	fp	fenestré
fenestrés	mp	fenestré
fenêtré	ms	fenêtré
fenêtrée	fs	fenêtré
fenêtrées	fp	fenêtré
fenêtrés	mp	fenêtré
fermant	ms	fermant
fermante	fs	fermant
fermantes	fp	fermant
fermants	mp	fermant
fermentant	ms	fermentant
fermentante	fs	fermentant
fermentantes	fp	fermentant
fermentants	mp	fermentant
fermentatif	ms	fermentatif
fermentatifs	mp	fermentatif
fermentative	fs	fermentatif
fermentatives	fp	fermentatif
fermenté	ms	fermenté
fermentée	fs	fermenté
fermentées	fp	fermenté
fermentés	mp	fermenté
fermier	ms	fermier
fermiers	mp	fermier
fermière	fs	fermier
fermières	fp	fermier
fermé	ms	fermé
fermée	fs	fermé
fermées	fp	fermé
fermés	mp	fermé
ferrant	ms	ferrant
ferrante	fs	ferrant
ferrantes	fp	ferrant
ferrants	mp	ferrant
ferreuse	fs	ferreux
ferreuses	fp	ferreux
ferrugineuse	fs	ferrugineux
ferrugineuses	fp	ferrugineux
ferré	ms	ferré
ferrée	fs	ferré
ferrées	fp	ferré
ferrés	mp	ferré
fertilisant	ms	fertilisant
fertilisante	fs	fertilisant
fertilisantes	fp	fertilisant
fertilisants	mp	fertilisant
fervent	ms	fervent
fervente	fs	fervent
ferventes	fp	fervent
fervents	mp	fervent
fessier	ms	fessier
fessiers	mp	fessier
fessière	fs	fessier
fessières	fp	fessier
fessu	ms	fessu
fessue	fs	fessu
fessues	fp	fessu
fessus	mp	fessu
festif	ms	festif
festifs	mp	festif
festival	ms	festival
festivale	fs	festival
festivales	fp	festival
festivalier	ms	festivalier
festivaliers	mp	festivalier
festivalière	fs	festivalier
festivalières	fp	festivalier
festivals	mp	festival
festive	fs	festif
festives	fp	festif
feuillard	ms	feuillard
feuilleté	ms	feuilleté
feuilletée	fs	feuilleté
feuilletées	fp	feuilleté
feuilletés	mp	feuilleté
feuillu	ms	feuillu
feuillue	fs	feuillu
feuillues	fp	feuillu
feuillus	mp	feuillu
feuillé	ms	feuillé
feuillée	fs	feuillé
feuillées	fp	feuillé
feuillés	mp	feuillé
feutrant	ms	feutrant
feutrante	fs	feutrant
feutrantes	fp	feutrant
feutrants	mp	feutrant
feutré	ms	feutré
feutrée	fs	feutré
feutrées	fp	feutré
feutrés	mp	feutré
fiancé	ms	fiancé
fiancée	fs	fiancé
fiancées	fp	fiancé
fiancés	mp	fiancé
fibreuse	fs	fibreux
fibreuses	fp	fibreux
fibrillé	ms	fibrillé
fibrillée	fs	fibrillé
fibrillées	fp	fibrillé
fibrillés	mp	fibrillé
fibrineuse	fs	fibrineux
fibrineuses	fp	fibrineux
fibromateuse	fs	fibromateux
fibromateuses	fp	fibromateux
ficelé	ms	ficelé
ficelée	fs	ficelé
ficelées	fp	ficelé
ficelés	mp	ficelé
fichant	ms	fichant
fichante	fs	fichant
fichantes	fp	fichant
fichants	mp	fichant
fichu	ms	fichu
fichue	fs	fichu
fichues	fp	fichu
fichus	mp	fichu
fictif	ms	fictif
fictifs	mp	fictif
fictive	fs	fictif
fictives	fp	fictif
fieffé	ms	fieffé
fieffée	fs	fieffé
fieffées	fp	fieffé
fieffés	mp	fieffé
fielleuse	fs	fielleux
fielleuses	fp	fielleux
fier	ms	fier
fiers	mp	fier
fignoleur	ms	fignoleur
fignoleurs	mp	fignoleur
fignoleuse	fs	fignoleur
fignoleuses	fp	fignoleur
figulin	ms	figulin
figuline	fs	figulin
figulines	fp	figulin
figulins	mp	figulin
figuratif	ms	figuratif
figuratifs	mp	figuratif
figurative	fs	figuratif
figuratives	fp	figuratif
figuré	ms	figuré
figurée	fs	figuré
figurées	fp	figuré
figurés	mp	figuré
figé	ms	figé
figée	fs	figé
figées	fp	figé
figés	mp	figé
filamenteuse	fs	filamenteux
filamenteuses	fp	filamenteux
filandier	ms	filandier
filandiers	mp	filandier
filandière	fs	filandier
filandières	fp	filandier
filandreuse	fs	filandreux
filandreuses	fp	filandreux
filant	ms	filant
filante	fs	filant
filantes	fp	filant
filants	mp	filant
fileté	ms	fileté
filetée	fs	fileté
filetées	fp	fileté
filetés	mp	fileté
fileur	ms	fileur
fileurs	mp	fileur
fileuse	fs	fileur
fileuses	fp	fileur
filial	ms	filial
filiale	fs	filial
filiales	fp	filial
filiaux	mp	filial
filiolé	ms	filiolé
filiolée	fs	filiolé
filiolées	fp	filiolé
filiolés	mp	filiolé
filonien	ms	filonien
filonienne	fs	filonien
filoniennes	fp	filonien
filoniens	mp	filonien
filtrant	ms	filtrant
filtrante	fs	filtrant
filtrantes	fp	filtrant
filtrants	mp	filtrant
filé	ms	filé
filée	fs	filé
filées	fp	filé
filés	mp	filé
fin	ms	fin
final	ms	final
finale	fs	final
finales	fp	final
finals	mp	final
financier	ms	financier
financiers	mp	financier
financière	fs	financier
financières	fp	financier
finasseur	ms	finasseur
finasseurs	mp	finasseur
finasseuse	fs	finasseur
finasseuses	fp	finasseur
finassier	ms	finassier
finassiers	mp	finassier
finassière	fs	finassier
finassières	fp	finassier
finaud	ms	finaud
finaude	fs	finaud
finaudes	fp	finaud
finauds	mp	finaud
finaux	mp	final
fine	fs	fin
fines	fp	fin
fini	ms	fini
finie	fs	fini
finies	fp	fini
finis	mp	fini
finissant	ms	finissant
finissante	fs	finissant
finissantes	fp	finissant
finissants	mp	finissant
finlandaise	fs	finlandais
finlandaises	fp	finlandais
finno-ougrien	ms	finno-ougrien
finno-ougrienne	fs	finno-ougrien
finno-ougriennes	fp	finno-ougrien
finno-ougriens	mp	finno-ougrien
finnoise	fs	finnois
finnoises	fp	finnois
fins	mp	fin
fiscal	ms	fiscal
fiscale	fs	fiscal
fiscales	fp	fiscal
fiscaux	mp	fiscal
fisco-financier	ms	fisco-financier
fisco-financiers	mp	fisco-financier
fisco-financière	fs	fisco-financier
fisco-financières	fp	fisco-financier
fistuleuse	fs	fistuleux
fistuleuses	fp	fistuleux
fixateur	ms	fixateur
fixateurs	mp	fixateur
fixatrice	fs	fixateur
fixatrices	fp	fixateur
fixé	ms	fixé
fixée	fs	fixé
fixées	fp	fixé
fixés	mp	fixé
fière	fs	fier
fières	fp	fier
fiérot	ms	fiérot
fiérote	fs	fiérot
fiérotes	fp	fiérot
fiérots	mp	fiérot
fiévreuse	fs	fiévreux
fiévreuses	fp	fiévreux
flacheuse	fs	flacheux
flacheuses	fp	flacheux
flagellateur	ms	flagellateur
flagellateurs	mp	flagellateur
flagellatrice	fs	flagellateur
flagellatrices	fp	flagellateur
flagellé	ms	flagellé
flagellée	fs	flagellé
flagellées	fp	flagellé
flagellés	mp	flagellé
flageolant	ms	flageolant
flageolante	fs	flageolant
flageolantes	fp	flageolant
flageolants	mp	flageolant
flagorneur	ms	flagorneur
flagorneurs	mp	flagorneur
flagorneuse	fs	flagorneur
flagorneuses	fp	flagorneur
flagrant	ms	flagrant
flagrante	fs	flagrant
flagrantes	fp	flagrant
flagrants	mp	flagrant
flaireur	ms	flaireur
flaireurs	mp	flaireur
flaireuse	fs	flaireur
flaireuses	fp	flaireur
flamand	ms	flamand
flamande	fs	flamand
flamandes	fp	flamand
flamands	mp	flamand
flambant	ms	flambant
flambante	fs	flambant
flambantes	fp	flambant
flambants	mp	flambant
flambeur	ms	flambeur
flambeurs	mp	flambeur
flambeuse	fs	flambeur
flambeuses	fp	flambeur
flamboyant	ms	flamboyant
flamboyante	fs	flamboyant
flamboyantes	fp	flamboyant
flamboyants	mp	flamboyant
flambé	ms	flambé
flambée	fs	flambé
flambées	fp	flambé
flambés	mp	flambé
flamingant	ms	flamingant
flamingante	fs	flamingant
flamingantes	fp	flamingant
flamingants	mp	flamingant
flammé	ms	flammé
flammée	fs	flammé
flammées	fp	flammé
flammés	mp	flammé
flandrin	ms	flandrin
flandrine	fs	flandrin
flandrines	fp	flandrin
flandrins	mp	flandrin
flanquant	ms	flanquant
flanquante	fs	flanquant
flanquantes	fp	flanquant
flanquants	mp	flanquant
flapi	ms	flapi
flapie	fs	flapi
flapies	fp	flapi
flapis	mp	flapi
flatteur	ms	flatteur
flatteurs	mp	flatteur
flatteuse	fs	flatteur
flatteuses	fp	flatteur
flatulent	ms	flatulent
flatulente	fs	flatulent
flatulentes	fp	flatulent
flatulents	mp	flatulent
flavescent	ms	flavescent
flavescente	fs	flavescent
flavescentes	fp	flavescent
flavescents	mp	flavescent
flemmard	ms	flemmard
flemmarde	fs	flemmard
flemmardes	fp	flemmard
flemmards	mp	flemmard
fleurdelisé	ms	fleurdelisé
fleurdelisée	fs	fleurdelisé
fleurdelisées	fp	fleurdelisé
fleurdelisés	mp	fleurdelisé
fleuri	ms	fleuri
fleurie	fs	fleuri
fleuries	fp	fleuri
fleuris	mp	fleuri
fleurissant	ms	fleurissant
fleurissante	fs	fleurissant
fleurissantes	fp	fleurissant
fleurissants	mp	fleurissant
fleuronné	ms	fleuronné
fleuronnée	fs	fleuronné
fleuronnées	fp	fleuronné
fleuronnés	mp	fleuronné
flexionnel	ms	flexionnel
flexionnelle	fs	flexionnel
flexionnelles	fp	flexionnel
flexionnels	mp	flexionnel
flirteur	ms	flirteur
flirteurs	mp	flirteur
flirteuse	fs	flirteur
flirteuses	fp	flirteur
floconneuse	fs	floconneux
floconneuses	fp	floconneux
floral	ms	floral
florale	fs	floral
florales	fp	floral
floraux	mp	floral
florentin	ms	florentin
florentine	fs	florentin
florentines	fp	florentin
florentins	mp	florentin
florissant	ms	florissant
florissante	fs	florissant
florissantes	fp	florissant
florissants	mp	florissant
flosculeuse	fs	flosculeux
flosculeuses	fp	flosculeux
flottant	ms	flottant
flottante	fs	flottant
flottantes	fp	flottant
flottants	mp	flottant
flottard	ms	flottard
flottarde	fs	flottard
flottardes	fp	flottard
flottards	mp	flottard
flotté	ms	flotté
flottée	fs	flotté
flottées	fp	flotté
flottés	mp	flotté
flou	ms	flou
floue	fs	flou
floues	fp	flou
flous	mp	flou
fluctuant	ms	fluctuant
fluctuante	fs	fluctuant
fluctuantes	fp	fluctuant
fluctuants	mp	fluctuant
fluent	ms	fluent
fluente	fs	fluent
fluentes	fp	fluent
fluents	mp	fluent
fluet	ms	fluet
fluets	mp	fluet
fluette	fs	fluet
fluettes	fp	fluet
fluidifiant	ms	fluidifiant
fluidifiante	fs	fluidifiant
fluidifiantes	fp	fluidifiant
fluidifiants	mp	fluidifiant
fluidifié	ms	fluidifié
fluidifiée	fs	fluidifié
fluidifiées	fp	fluidifié
fluidifiés	mp	fluidifié
fluorescent	ms	fluorescent
fluorescente	fs	fluorescent
fluorescentes	fp	fluorescent
fluorescents	mp	fluorescent
fluoré	ms	fluoré
fluorée	fs	fluoré
fluorées	fp	fluoré
fluorés	mp	fluoré
fluvial	ms	fluvial
fluviale	fs	fluvial
fluviales	fp	fluvial
fluviaux	mp	fluvial
fléchissant	ms	fléchissant
fléchissante	fs	fléchissant
fléchissantes	fp	fléchissant
fléchissants	mp	fléchissant
fléchisseur	ms	fléchisseur
fléchisseurs	mp	fléchisseur
fléchisseuse	fs	fléchisseur
fléchisseuses	fp	fléchisseur
fléché	ms	fléché
fléchée	fs	fléché
fléchées	fp	fléché
fléchés	mp	fléché
flémard	ms	flémard
flémarde	fs	flémard
flémardes	fp	flémard
flémards	mp	flémard
flétri	ms	flétri
flétrie	fs	flétri
flétries	fp	flétri
flétris	mp	flétri
flétrissant	ms	flétrissant
flétrissante	fs	flétrissant
flétrissantes	fp	flétrissant
flétrissants	mp	flétrissant
flûté	ms	flûté
flûtée	fs	flûté
flûtées	fp	flûté
flûtés	mp	flûté
focal	ms	focal
focale	fs	focal
focales	fp	focal
focaux	mp	focal
foetal	ms	foetal
foetale	fs	foetal
foetales	fp	foetal
foetaux	mp	foetal
fofolle	fs	foufou
fofolles	fp	foufou
foireuse	fs	foireux
foireuses	fp	foireux
foisonnant	ms	foisonnant
foisonnante	fs	foisonnant
foisonnantes	fp	foisonnant
foisonnants	mp	foisonnant
fol	ms	fol
fol	ms	fou
foliacé	ms	foliacé
foliacée	fs	foliacé
foliacées	fp	foliacé
foliacés	mp	foliacé
folichon	ms	folichon
folichonne	fs	folichon
folichonnes	fp	folichon
folichons	mp	folichon
folié	ms	folié
foliée	fs	folié
foliées	fp	folié
foliés	mp	folié
folle	fs	fou
folles	fp	fou
follet	ms	follet
follets	mp	follet
follette	fs	follet
follettes	fp	follet
folâtrant	ms	folâtrant
folâtrante	fs	folâtrant
folâtrantes	fp	folâtrant
folâtrants	mp	folâtrant
fonceur	ms	fonceur
fonceurs	mp	fonceur
fonceuse	fs	fonceur
fonceuses	fp	fonceur
foncier	ms	foncier
fonciers	mp	foncier
foncière	fs	foncier
foncières	fp	foncier
fonctionnel	ms	fonctionnel
fonctionnelle	fs	fonctionnel
fonctionnelles	fp	fonctionnel
fonctionnels	mp	fonctionnel
foncé	ms	foncé
foncée	fs	foncé
foncées	fp	foncé
foncés	mp	foncé
fondamental	ms	fondamental
fondamentale	fs	fondamental
fondamentales	fp	fondamental
fondamentaux	mp	fondamental
fondant	ms	fondant
fondante	fs	fondant
fondantes	fp	fondant
fondants	mp	fondant
fondateur	ms	fondateur
fondateurs	mp	fondateur
fondatrice	fs	fondateur
fondatrices	fp	fondateur
fondu	ms	fondu
fondue	fs	fondu
fondues	fp	fondu
fondus	mp	fondu
fondé	ms	fondé
fondée	fs	fondé
fondées	fp	fondé
fondés	mp	fondé
fongueuse	fs	fongueux
fongueuses	fp	fongueux
forain	ms	forain
foraine	fs	forain
foraines	fp	forain
forains	mp	forain
foraminé	ms	foraminé
foraminée	fs	foraminé
foraminées	fp	foraminé
foraminés	mp	foraminé
forcené	ms	forcené
forcenée	fs	forcené
forcenées	fp	forcené
forcenés	mp	forcené
forclose	fs	forclos
forcloses	fp	forclos
forestier	ms	forestier
forestiers	mp	forestier
forestière	fs	forestier
forestières	fp	forestier
forfait	ms	forfait
forfaite	fs	forfait
forfaites	fp	forfait
forfaits	mp	forfait
forgé	ms	forgé
forgée	fs	forgé
forgées	fp	forgé
forgés	mp	forgé
formalisé	ms	formalisé
formalisée	fs	formalisé
formalisées	fp	formalisé
formalisés	mp	formalisé
formateur	ms	formateur
formateurs	mp	formateur
formatif	ms	formatif
formatifs	mp	formatif
formative	fs	formatif
formatives	fp	formatif
formatrice	fs	formateur
formatrices	fp	formateur
formaté	ms	formaté
formatée	fs	formaté
formatées	fp	formaté
formatés	mp	formaté
formel	ms	formel
formelle	fs	formel
formelles	fp	formel
formels	mp	formel
formicant	ms	formicant
formicante	fs	formicant
formicantes	fp	formicant
formicants	mp	formicant
formosan	ms	formosan
formosane	fs	formosan
formosanes	fp	formosan
formosans	mp	formosan
formé	ms	formé
formée	fs	formé
formées	fp	formé
formés	mp	formé
fort	ms	fort
forte	fs	fort
fortes	fp	fort
fortifiant	ms	fortifiant
fortifiante	fs	fortifiant
fortifiantes	fp	fortifiant
fortifiants	mp	fortifiant
fortrait	ms	fortrait
fortraite	fs	fortrait
fortraites	fp	fortrait
fortraits	mp	fortrait
forts	mp	fort
fortuit	ms	fortuit
fortuite	fs	fortuit
fortuites	fp	fortuit
fortuits	mp	fortuit
fortuné	ms	fortuné
fortunée	fs	fortuné
fortunées	fp	fortuné
fortunés	mp	fortuné
fossilisé	ms	fossilisé
fossilisée	fs	fossilisé
fossilisées	fp	fossilisé
fossilisés	mp	fossilisé
fou	ms	fou
foudroyant	ms	foudroyant
foudroyante	fs	foudroyant
foudroyantes	fp	foudroyant
foudroyants	mp	foudroyant
fouettard	ms	fouettard
fouetté	ms	fouetté
fouettée	fs	fouetté
fouettées	fp	fouetté
fouettés	mp	fouetté
foufou	ms	foufou
foufous	mp	foufou
fougueuse	fs	fougueux
fougueuses	fp	fougueux
fouillé	ms	fouillé
fouillée	fs	fouillé
fouillées	fp	fouillé
fouillés	mp	fouillé
fouinard	ms	fouinard
fouinarde	fs	fouinard
fouinardes	fp	fouinard
fouinards	mp	fouinard
fouineur	ms	fouineur
fouineurs	mp	fouineur
fouineuse	fs	fouineur
fouineuses	fp	fouineur
fouisseur	ms	fouisseur
fouisseurs	mp	fouisseur
fouisseuse	fs	fouisseur
fouisseuses	fp	fouisseur
foulant	ms	foulant
foulante	fs	foulant
foulantes	fp	foulant
foulants	mp	foulant
fourbu	ms	fourbu
fourbue	fs	fourbu
fourbues	fp	fourbu
fourbus	mp	fourbu
fourcheté	ms	fourcheté
fourchetée	fs	fourcheté
fourchetées	fp	fourcheté
fourchetés	mp	fourcheté
fourchu	ms	fourchu
fourchue	fs	fourchu
fourchues	fp	fourchu
fourchus	mp	fourchu
fourmillant	ms	fourmillant
fourmillante	fs	fourmillant
fourmillantes	fp	fourmillant
fourmillants	mp	fourmillant
fourni	ms	fourni
fournie	fs	fourni
fournies	fp	fourni
fournis	mp	fourni
fourrager	ms	fourrager
fourragers	mp	fourrager
fourragère	fs	fourrager
fourragères	fp	fourrager
fourré	ms	fourré
fourrée	fs	fourré
fourrées	fp	fourré
fourrés	mp	fourré
fous	mp	fou
foutral	ms	foutral
foutrale	fs	foutral
foutrales	fp	foutral
foutrals	mp	foutral
foutu	ms	foutu
foutue	fs	foutu
foutues	fp	foutu
foutus	mp	foutu
foxé	ms	foxé
foxée	fs	foxé
foxées	fp	foxé
foxés	mp	foxé
fracassant	ms	fracassant
fracassante	fs	fracassant
fracassantes	fp	fracassant
fracassants	mp	fracassant
fractal	ms	fractal
fractale	fs	fractal
fractales	fp	fractal
fractals	mp	fractal
fractionnel	ms	fractionnel
fractionnelle	fs	fractionnel
fractionnelles	fp	fractionnel
fractionnels	mp	fractionnel
fractionné	ms	fractionné
fractionnée	fs	fractionné
fractionnées	fp	fractionné
fractionnés	mp	fractionné
fragilisant	ms	fragilisant
fragilisante	fs	fragilisant
fragilisantes	fp	fragilisant
fragilisants	mp	fragilisant
fraisier	ms	fraisier
fraisiers	mp	fraisier
fraisière	fs	fraisier
fraisières	fp	fraisier
framboisé	ms	framboisé
framboisée	fs	framboisé
framboisées	fp	framboisé
framboisés	mp	framboisé
franc	ms	franc
franc-comtoise	fs	franc-comtois
franc-comtoises	fp	franc-comtois
franc-maçon	ms	franc-maçon
franc-maçonne	fs	franc-maçon
franc-maçonnes	fp	franc-maçon
franche	fs	franc
franches	fp	franc
franchisé	ms	franchisé
franchisée	fs	franchisé
franchisées	fp	franchisé
franchisés	mp	franchisé
franchouillard	ms	franchouillard
franchouillarde	fs	franchouillard
franchouillardes	fp	franchouillard
franchouillards	mp	franchouillard
francien	ms	francien
francienne	fs	francien
franciennes	fp	francien
franciens	mp	francien
francisant	ms	francisant
francisante	fs	francisant
francisantes	fp	francisant
francisants	mp	francisant
franciscain	ms	franciscain
franciscaine	fs	franciscain
franciscaines	fp	franciscain
franciscains	mp	franciscain
franco-américain	ms	franco-américain
franco-américaine	fs	franco-américain
franco-américaines	fp	franco-américain
franco-américains	mp	franco-américain
francs	mp	franc
francs-maçons	mp	franc-maçon
frangeant	ms	frangeant
frangeante	fs	frangeant
frangeantes	fp	frangeant
frangeants	mp	frangeant
franglaise	fs	franglais
franglaises	fp	franglais
franque	fs	franc
franques	fp	franc
française	fs	français
françaises	fp	français
frappant	ms	frappant
frappante	fs	frappant
frappantes	fp	frappant
frappants	mp	frappant
frappeur	ms	frappeur
frappeurs	mp	frappeur
frappeuse	fs	frappeur
frappeuses	fp	frappeur
frappé	ms	frappé
frappée	fs	frappé
frappées	fp	frappé
frappés	mp	frappé
fraternel	ms	fraternel
fraternelle	fs	fraternel
fraternelles	fp	fraternel
fraternels	mp	fraternel
fraudeur	ms	fraudeur
fraudeurs	mp	fraudeur
fraudeuse	fs	fraudeur
fraudeuses	fp	fraudeur
frauduleuse	fs	frauduleux
frauduleuses	fp	frauduleux
fraîche	fs	frais
fraîches	fp	frais
frelaté	ms	frelaté
frelatée	fs	frelaté
frelatées	fp	frelaté
frelatés	mp	frelaté
fretté	ms	fretté
frettée	fs	fretté
frettées	fp	fretté
frettés	mp	fretté
freudien	ms	freudien
freudienne	fs	freudien
freudiennes	fp	freudien
freudiens	mp	freudien
friand	ms	friand
friande	fs	friand
friandes	fp	friand
friands	mp	friand
fricatif	ms	fricatif
fricatifs	mp	fricatif
fricative	fs	fricatif
fricatives	fp	fricatif
fricoteur	ms	fricoteur
fricoteurs	mp	fricoteur
fricoteuse	fs	fricoteur
fricoteuses	fp	fricoteur
frictionnel	ms	frictionnel
frictionnelle	fs	frictionnel
frictionnelles	fp	frictionnel
frictionnels	mp	frictionnel
frigorifié	ms	frigorifié
frigorifiée	fs	frigorifié
frigorifiées	fp	frigorifié
frigorifiés	mp	frigorifié
frileuse	fs	frileux
frileuses	fp	frileux
frimeur	ms	frimeur
frimeurs	mp	frimeur
frimeuse	fs	frimeur
frimeuses	fp	frimeur
fringant	ms	fringant
fringante	fs	fringant
fringantes	fp	fringant
fringants	mp	fringant
fringué	ms	fringué
fringuée	fs	fringué
fringuées	fp	fringué
fringués	mp	fringué
fripon	ms	fripon
friponne	fs	fripon
friponnes	fp	fripon
fripons	mp	fripon
friqué	ms	friqué
friquée	fs	friqué
friquées	fp	friqué
friqués	mp	friqué
frisant	ms	frisant
frisante	fs	frisant
frisantes	fp	frisant
frisants	mp	frisant
frison	ms	frison
frisonne	fs	frison
frisonnes	fp	frison
frisons	mp	frison
frisottant	ms	frisottant
frisottante	fs	frisottant
frisottantes	fp	frisottant
frisottants	mp	frisottant
frisotté	ms	frisotté
frisottée	fs	frisotté
frisottées	fp	frisotté
frisottés	mp	frisotté
frisquet	ms	frisquet
frisquets	mp	frisquet
frisquette	fs	frisquet
frisquettes	fp	frisquet
frissonnant	ms	frissonnant
frissonnante	fs	frissonnant
frissonnantes	fp	frissonnant
frissonnants	mp	frissonnant
frisé	ms	frisé
frisée	fs	frisé
frisées	fp	frisé
frisés	mp	frisé
frit	ms	frit
frite	fs	frit
frites	fp	frit
frits	mp	frit
froid	ms	froid
froide	fs	froid
froides	fp	froid
froids	mp	froid
froissant	ms	froissant
froissante	fs	froissant
froissantes	fp	froissant
froissants	mp	froissant
fromager	ms	fromager
fromagers	mp	fromager
fromagère	fs	fromager
fromagères	fp	fromager
fromental	ms	fromental
fromentale	fs	fromental
fromentales	fp	fromental
fromentals	mp	fromental
froncé	ms	froncé
froncée	fs	froncé
froncées	fp	froncé
froncés	mp	froncé
frondeur	ms	frondeur
frondeurs	mp	frondeur
frondeuse	fs	frondeur
frondeuses	fp	frondeur
frontal	ms	frontal
frontale	fs	frontal
frontales	fp	frontal
frontalier	ms	frontalier
frontaliers	mp	frontalier
frontalière	fs	frontalier
frontalières	fp	frontalier
frontaux	mp	frontal
fronto-temporal	ms	fronto-temporal
fronto-temporale	fs	fronto-temporal
fronto-temporales	fp	fronto-temporal
fronto-temporaux	mp	fronto-temporal
frottant	ms	frottant
frottante	fs	frottant
frottantes	fp	frottant
frottants	mp	frottant
froudroyant	ms	froudroyant
froudroyante	fs	froudroyant
froudroyantes	fp	froudroyant
froudroyants	mp	froudroyant
froufroutant	ms	froufroutant
froufroutante	fs	froufroutant
froufroutantes	fp	froufroutant
froufroutants	mp	froufroutant
froussard	ms	froussard
froussarde	fs	froussard
froussardes	fp	froussard
froussards	mp	froussard
fructueuse	fs	fructueux
fructueuses	fp	fructueux
frugal	ms	frugal
frugale	fs	frugal
frugales	fp	frugal
frugaux	mp	frugal
fruitier	ms	fruitier
fruitiers	mp	fruitier
fruitière	fs	fruitier
fruitières	fp	fruitier
fruité	ms	fruité
fruitée	fs	fruité
fruitées	fp	fruité
fruités	mp	fruité
frumentacé	ms	frumentacé
frumentacée	fs	frumentacé
frumentacées	fp	frumentacé
frumentacés	mp	frumentacé
frustrant	ms	frustrant
frustrante	fs	frustrant
frustrantes	fp	frustrant
frustrants	mp	frustrant
frustré	ms	frustré
frustrée	fs	frustré
frustrées	fp	frustré
frustrés	mp	frustré
frutescent	ms	frutescent
frutescente	fs	frutescent
frutescentes	fp	frutescent
frutescents	mp	frutescent
frère	ms	frère
frères	mp	frère
frémissant	ms	frémissant
frémissante	fs	frémissant
frémissantes	fp	frémissant
frémissants	mp	frémissant
frénateur	ms	frénateur
frénateurs	mp	frénateur
frénatrice	fs	frénateur
frénatrices	fp	frénateur
fréquent	ms	fréquent
fréquentatif	ms	fréquentatif
fréquentatifs	mp	fréquentatif
fréquentative	fs	fréquentatif
fréquentatives	fp	fréquentatif
fréquente	fs	fréquent
fréquentes	fp	fréquent
fréquentiel	ms	fréquentiel
fréquentielle	fs	fréquentiel
fréquentielles	fp	fréquentiel
fréquentiels	mp	fréquentiel
fréquents	mp	fréquent
fréquenté	ms	fréquenté
fréquentée	fs	fréquenté
fréquentées	fp	fréquenté
fréquentés	mp	fréquenté
frétillant	ms	frétillant
frétillante	fs	frétillant
frétillantes	fp	frétillant
frétillants	mp	frétillant
frôleur	ms	frôleur
frôleurs	mp	frôleur
frôleuse	fs	frôleur
frôleuses	fp	frôleur
fugitif	ms	fugitif
fugitifs	mp	fugitif
fugitive	fs	fugitif
fugitives	fp	fugitif
fugueur	ms	fugueur
fugueurs	mp	fugueur
fugueuse	fs	fugueur
fugueuses	fp	fugueur
fugué	ms	fugué
fuguée	fs	fugué
fuguées	fp	fugué
fugués	mp	fugué
fulgurant	ms	fulgurant
fulgurante	fs	fulgurant
fulgurantes	fp	fulgurant
fulgurants	mp	fulgurant
fuligineuse	fs	fuligineux
fuligineuses	fp	fuligineux
fulminant	ms	fulminant
fulminante	fs	fulminant
fulminantes	fp	fulminant
fulminants	mp	fulminant
fumant	ms	fumant
fumante	fs	fumant
fumantes	fp	fumant
fumants	mp	fumant
fumeur	ms	fumeur
fumeurs	mp	fumeur
fumeuse	fs	fumeur
fumeuse	fs	fumeux
fumeuses	fp	fumeur
fumeuses	fp	fumeux
fumé	ms	fumé
fumée	fs	fumé
fumées	fp	fumé
fumés	mp	fumé
fureteur	ms	fureteur
fureteurs	mp	fureteur
fureteuse	fs	fureteur
fureteuses	fp	fureteur
furfuracé	ms	furfuracé
furfuracée	fs	furfuracé
furfuracées	fp	furfuracé
furfuracés	mp	furfuracé
furibard	ms	furibard
furibarde	fs	furibard
furibardes	fp	furibard
furibards	mp	furibard
furibond	ms	furibond
furibonde	fs	furibond
furibondes	fp	furibond
furibonds	mp	furibond
furieuse	fs	furieux
furieuses	fp	furieux
furonculeuse	fs	furonculeux
furonculeuses	fp	furonculeux
furtif	ms	furtif
furtifs	mp	furtif
furtive	fs	furtif
furtives	fp	furtif
fusant	ms	fusant
fusante	fs	fusant
fusantes	fp	fusant
fusants	mp	fusant
fuselé	ms	fuselé
fuselée	fs	fuselé
fuselées	fp	fuselé
fuselés	mp	fuselé
futur	ms	futur
future	fs	futur
futures	fp	futur
futurs	mp	futur
futé	ms	futé
futée	fs	futé
futées	fp	futé
futés	mp	futé
fuyant	ms	fuyant
fuyante	fs	fuyant
fuyantes	fp	fuyant
fuyants	mp	fuyant
fuyard	ms	fuyard
fuyarde	fs	fuyard
fuyardes	fp	fuyard
fuyards	mp	fuyard
fuégien	ms	fuégien
fuégienne	fs	fuégien
fuégiennes	fp	fuégien
fuégiens	mp	fuégien
fâcheuse	fs	fâcheux
fâcheuses	fp	fâcheux
fâché	ms	fâché
fâchée	fs	fâché
fâchées	fp	fâché
fâchés	mp	fâché
féal	ms	féal
féale	fs	féal
féales	fp	féal
féaux	mp	féal
fécal	ms	fécal
fécale	fs	fécal
fécales	fp	fécal
fécaux	mp	fécal
fécond	ms	fécond
fécondant	ms	fécondant
fécondante	fs	fécondant
fécondantes	fp	fécondant
fécondants	mp	fécondant
fécondateur	ms	fécondateur
fécondateurs	mp	fécondateur
fécondatrice	fs	fécondateur
fécondatrices	fp	fécondateur
féconde	fs	fécond
fécondes	fp	fécond
féconds	mp	fécond
féculent	ms	féculent
féculente	fs	féculent
féculentes	fp	féculent
féculents	mp	féculent
fédéral	ms	fédéral
fédérale	fs	fédéral
fédérales	fp	fédéral
fédérateur	ms	fédérateur
fédérateurs	mp	fédérateur
fédératif	ms	fédératif
fédératifs	mp	fédératif
fédérative	fs	fédératif
fédératives	fp	fédératif
fédératrice	fs	fédérateur
fédératrices	fp	fédérateur
fédéraux	mp	fédéral
fédéré	ms	fédéré
fédérée	fs	fédéré
fédérées	fp	fédéré
fédérés	mp	fédéré
félin	ms	félin
féline	fs	félin
félines	fp	félin
félins	mp	félin
félon	ms	félon
félonne	fs	félon
félonnes	fp	félon
félons	mp	félon
féminin	ms	féminin
féminine	fs	féminin
féminines	fp	féminin
féminins	mp	féminin
féminisant	ms	féminisant
féminisante	fs	féminisant
féminisantes	fp	féminisant
féminisants	mp	féminisant
fémoral	ms	fémoral
fémorale	fs	fémoral
fémorales	fp	fémoral
fémoraux	mp	fémoral
féodal	ms	féodal
féodale	fs	féodal
féodales	fp	féodal
féodaux	mp	féodal
férial	ms	férial
fériale	fs	férial
fériales	fp	férial
fériaux	mp	férial
férié	ms	férié
fériée	fs	férié
fériées	fp	férié
fériés	mp	férié
féru	ms	féru
férue	fs	féru
férues	fp	féru
férus	mp	féru
fêlé	ms	fêlé
fêlée	fs	fêlé
fêlées	fp	fêlé
fêlés	mp	fêlé
gabonaise	fs	gabonais
gabonaises	fp	gabonais
gaffeur	ms	gaffeur
gaffeurs	mp	gaffeur
gaffeuse	fs	gaffeur
gaffeuses	fp	gaffeur
gagnant	ms	gagnant
gagnante	fs	gagnant
gagnantes	fp	gagnant
gagnants	mp	gagnant
gagneur	ms	gagneur
gagneurs	mp	gagneur
gagneuse	fs	gagneur
gagneuses	fp	gagneur
gagé	ms	gagé
gagée	fs	gagé
gagées	fp	gagé
gagés	mp	gagé
gai	ms	gai
gaie	fs	gai
gaies	fp	gai
gaillard	ms	gaillard
gaillarde	fs	gaillard
gaillardes	fp	gaillard
gaillards	mp	gaillard
gais	mp	gai
galant	ms	galant
galante	fs	galant
galantes	fp	galant
galants	mp	galant
galbé	ms	galbé
galbée	fs	galbé
galbées	fp	galbé
galbés	mp	galbé
galetteuse	fs	galetteux
galetteuses	fp	galetteux
galeuse	fs	galeux
galeuses	fp	galeux
galicien	ms	galicien
galicienne	fs	galicien
galiciennes	fp	galicien
galiciens	mp	galicien
galiléen	ms	galiléen
galiléenne	fs	galiléen
galiléennes	fp	galiléen
galiléens	mp	galiléen
gallican	ms	gallican
gallicane	fs	gallican
gallicanes	fp	gallican
gallicans	mp	gallican
gallinacé	ms	gallinacé
gallinacée	fs	gallinacé
gallinacées	fp	gallinacé
gallinacés	mp	gallinacé
gallo-romain	ms	gallo-romain
gallo-romaine	fs	gallo-romain
gallo-romaines	fp	gallo-romain
gallo-romains	mp	gallo-romain
galloise	fs	gallois
galloises	fp	gallois
galonnier	ms	galonnier
galonniers	mp	galonnier
galonnière	fs	galonnier
galonnières	fp	galonnier
galonné	ms	galonné
galonnée	fs	galonné
galonnées	fp	galonné
galonnés	mp	galonné
galopant	ms	galopant
galopante	fs	galopant
galopantes	fp	galopant
galopants	mp	galopant
galopeur	ms	galopeur
galopeurs	mp	galopeur
galopeuse	fs	galopeur
galopeuses	fp	galopeur
gamin	ms	gamin
gamine	fs	gamin
gamines	fp	gamin
gamins	mp	gamin
gammé	ms	gammé
gammée	fs	gammé
gammées	fp	gammé
gammés	mp	gammé
ganglionné	ms	ganglionné
ganglionnée	fs	ganglionné
ganglionnées	fp	ganglionné
ganglionnés	mp	ganglionné
gangreneuse	fs	gangreneux
gangreneuses	fp	gangreneux
gangrené	ms	gangrené
gangrenée	fs	gangrené
gangrenées	fp	gangrené
gangrenés	mp	gangrené
gantelé	ms	gantelé
gantelée	fs	gantelé
gantelées	fp	gantelé
gantelés	mp	gantelé
gantier	ms	gantier
gantiers	mp	gantier
gantière	fs	gantier
gantières	fp	gantier
gantoise	fs	gantois
gantoises	fp	gantois
gapençaise	fs	gapençais
gapençaises	fp	gapençais
garant	ms	garant
garante	fs	garant
garantes	fp	garant
garanti	ms	garanti
garantie	fs	garanti
garanties	fp	garanti
garantis	mp	garanti
garants	mp	garant
gardien	ms	gardien
gardienne	fs	gardien
gardiennes	fp	gardien
gardiens	mp	gardien
gardé	ms	gardé
gardée	fs	gardé
gardées	fp	gardé
gardés	mp	gardé
garibaldien	ms	garibaldien
garibaldienne	fs	garibaldien
garibaldiennes	fp	garibaldien
garibaldiens	mp	garibaldien
garni	ms	garni
garnie	fs	garni
garnies	fp	garni
garnis	mp	garni
garnissant	ms	garnissant
garnissante	fs	garnissant
garnissantes	fp	garnissant
garnissants	mp	garnissant
garonnaise	fs	garonnais
garonnaises	fp	garonnais
garrotté	ms	garrotté
garrottée	fs	garrotté
garrottées	fp	garrotté
garrottés	mp	garrotté
garçonnier	ms	garçonnier
garçonniers	mp	garçonnier
garçonnière	fs	garçonnier
garçonnières	fp	garçonnier
gascon	ms	gascon
gasconne	fs	gascon
gasconnes	fp	gascon
gascons	mp	gascon
gaspilleur	ms	gaspilleur
gaspilleurs	mp	gaspilleur
gaspilleuse	fs	gaspilleur
gaspilleuses	fp	gaspilleur
gastro-intestinal	ms	gastro-intestinal
gastro-intestinale	fs	gastro-intestinal
gastro-intestinales	fp	gastro-intestinal
gastro-intestinaux	mp	gastro-intestinal
gaucher	ms	gaucher
gauchers	mp	gaucher
gauchisant	ms	gauchisant
gauchisante	fs	gauchisant
gauchisantes	fp	gauchisant
gauchisants	mp	gauchisant
gauchère	fs	gaucher
gauchères	fp	gaucher
gaullien	ms	gaullien
gaullienne	fs	gaullien
gaulliennes	fp	gaullien
gaulliens	mp	gaullien
gauloise	fs	gaulois
gauloises	fp	gaulois
gavot	ms	gavot
gavote	fs	gavot
gavotes	fp	gavot
gavots	mp	gavot
gazeuse	fs	gazeux
gazeuses	fp	gazeux
gazier	ms	gazier
gaziers	mp	gazier
gazière	fs	gazier
gazières	fp	gazier
gazonnant	ms	gazonnant
gazonnante	fs	gazonnant
gazonnantes	fp	gazonnant
gazonnants	mp	gazonnant
gazonné	ms	gazonné
gazonnée	fs	gazonné
gazonnées	fp	gazonné
gazonnés	mp	gazonné
gazouillant	ms	gazouillant
gazouillante	fs	gazouillant
gazouillantes	fp	gazouillant
gazouillants	mp	gazouillant
gazouilleur	ms	gazouilleur
gazouilleurs	mp	gazouilleur
gazouilleuse	fs	gazouilleur
gazouilleuses	fp	gazouilleur
gazé	ms	gazé
gazée	fs	gazé
gazées	fp	gazé
gazés	mp	gazé
geignard	ms	geignard
geignarde	fs	geignard
geignardes	fp	geignard
geignards	mp	geignard
gelé	ms	gelé
gelée	fs	gelé
gelées	fp	gelé
gelés	mp	gelé
gemmeur	ms	gemmeur
gemmeurs	mp	gemmeur
gemmeuse	fs	gemmeur
gemmeuses	fp	gemmeur
gemmé	ms	gemmé
gemmée	fs	gemmé
gemmées	fp	gemmé
gemmés	mp	gemmé
genevoise	fs	genevois
genevoises	fp	genevois
gent	ms	gent
gente	fs	gent
gentes	fp	gent
gentil	ms	gentil
gentille	fs	gentil
gentilles	fp	gentil
gentillet	ms	gentillet
gentillets	mp	gentillet
gentillette	fs	gentillet
gentillettes	fp	gentillet
gentils	mp	gentil
gents	mp	gent
gerbeur	ms	gerbeur
gerbeurs	mp	gerbeur
gerbeuse	fs	gerbeur
gerbeuses	fp	gerbeur
germain	ms	germain
germaine	fs	germain
germaines	fp	germain
germains	mp	germain
germanisant	ms	germanisant
germanisante	fs	germanisant
germanisantes	fp	germanisant
germanisants	mp	germanisant
germinal	ms	germinal
germinale	fs	germinal
germinales	fp	germinal
germinateur	ms	germinateur
germinateurs	mp	germinateur
germinatif	ms	germinatif
germinatifs	mp	germinatif
germinative	fs	germinatif
germinatives	fp	germinatif
germinatrice	fs	germinateur
germinatrices	fp	germinateur
germinaux	mp	germinal
germé	ms	germé
germée	fs	germé
germées	fp	germé
germés	mp	germé
gesticulant	ms	gesticulant
gesticulante	fs	gesticulant
gesticulantes	fp	gesticulant
gesticulants	mp	gesticulant
gestuel	ms	gestuel
gestuelle	fs	gestuel
gestuelles	fp	gestuel
gestuels	mp	gestuel
ghanéen	ms	ghanéen
ghanéenne	fs	ghanéen
ghanéennes	fp	ghanéen
ghanéens	mp	ghanéen
gibbeuse	fs	gibbeux
gibbeuses	fp	gibbeux
gibelin	ms	gibelin
gibeline	fs	gibelin
gibelines	fp	gibelin
gibelins	mp	gibelin
giboyeuse	fs	giboyeux
giboyeuses	fp	giboyeux
gigotant	ms	gigotant
gigotante	fs	gigotant
gigotantes	fp	gigotant
gigotants	mp	gigotant
gigotté	ms	gigotté
gigottée	fs	gigotté
gigottées	fp	gigotté
gigottés	mp	gigotté
gigoté	ms	gigoté
gigotée	fs	gigoté
gigotées	fp	gigoté
gigotés	mp	gigoté
gingival	ms	gingival
gingivale	fs	gingival
gingivales	fp	gingival
gingivaux	mp	gingival
ginguet	ms	ginguet
ginguets	mp	ginguet
ginguette	fs	ginguet
ginguettes	fp	ginguet
giralducien	ms	giralducien
giralducienne	fs	giralducien
giralduciennes	fp	giralducien
giralduciens	mp	giralducien
girond	ms	girond
gironde	fs	girond
girondes	fp	girond
girondin	ms	girondin
girondine	fs	girondin
girondines	fp	girondin
girondins	mp	girondin
gironds	mp	girond
gironné	ms	gironné
gironnée	fs	gironné
gironnées	fp	gironné
gironnés	mp	gironné
gisant	ms	gisant
gisante	fs	gisant
gisantes	fp	gisant
gisants	mp	gisant
giscardien	ms	giscardien
giscardienne	fs	giscardien
giscardiennes	fp	giscardien
giscardiens	mp	giscardien
gitan	ms	gitan
gitane	fs	gitan
gitanes	fp	gitan
gitans	mp	gitan
givrant	ms	givrant
givrante	fs	givrant
givrantes	fp	givrant
givrants	mp	givrant
givreuse	fs	givreux
givreuses	fp	givreux
givré	ms	givré
givrée	fs	givré
givrées	fp	givré
givrés	mp	givré
glaceur	ms	glaceur
glaceurs	mp	glaceur
glaceuse	fs	glaceur
glaceuse	fs	glaceux
glaceuses	fp	glaceur
glaceuses	fp	glaceux
glacial	ms	glacial
glaciale	fs	glacial
glaciales	fp	glacial
glacials	mp	glacial
glaciaux	mp	glacial
glacé	ms	glacé
glacée	fs	glacé
glacées	fp	glacé
glacés	mp	glacé
glaireuse	fs	glaireux
glaireuses	fp	glaireux
glaiseuse	fs	glaiseux
glaiseuses	fp	glaiseux
glanduleuse	fs	glanduleux
glanduleuses	fp	glanduleux
glandé	ms	glandé
glandée	fs	glandé
glandées	fp	glandé
glandés	mp	glandé
glapissant	ms	glapissant
glapissante	fs	glapissant
glapissantes	fp	glapissant
glapissants	mp	glapissant
glaçant	ms	glaçant
glaçante	fs	glaçant
glaçantes	fp	glaçant
glaçants	mp	glaçant
glial	ms	glial
gliale	fs	glial
gliales	fp	glial
gliaux	mp	glial
glissant	ms	glissant
glissante	fs	glissant
glissantes	fp	glissant
glissants	mp	glissant
glisseur	ms	glisseur
glisseurs	mp	glisseur
glisseuse	fs	glisseur
glisseuses	fp	glisseur
glissé	ms	glissé
glissée	fs	glissé
glissées	fp	glissé
glissés	mp	glissé
global	ms	global
globale	fs	global
globales	fp	global
globalisant	ms	globalisant
globalisante	fs	globalisant
globalisantes	fp	globalisant
globalisants	mp	globalisant
globaux	mp	global
globuleuse	fs	globuleux
globuleuses	fp	globuleux
glorieuse	fs	glorieux
glorieuses	fp	glorieux
glorificateur	ms	glorificateur
glorificateurs	mp	glorificateur
glorificatrice	fs	glorificateur
glorificatrices	fp	glorificateur
glottal	ms	glottal
glottale	fs	glottal
glottales	fp	glottal
glottaux	mp	glottal
glougloutant	ms	glougloutant
glougloutante	fs	glougloutant
glougloutantes	fp	glougloutant
glougloutants	mp	glougloutant
gloussant	ms	gloussant
gloussante	fs	gloussant
gloussantes	fp	gloussant
gloussants	mp	gloussant
glouton	ms	glouton
gloutonne	fs	glouton
gloutonnes	fp	glouton
gloutons	mp	glouton
gluant	ms	gluant
gluante	fs	gluant
gluantes	fp	gluant
gluants	mp	gluant
glutineuse	fs	glutineux
glutineuses	fp	glutineux
glyconien	ms	glyconien
glyconienne	fs	glyconien
glyconiennes	fp	glyconien
glyconiens	mp	glyconien
glénoïdal	ms	glénoïdal
glénoïdale	fs	glénoïdal
glénoïdales	fp	glénoïdal
glénoïdaux	mp	glénoïdal
godichon	ms	godichon
godichonne	fs	godichon
godichonnes	fp	godichon
godichons	mp	godichon
godronné	ms	godronné
godronnée	fs	godronné
godronnées	fp	godronné
godronnés	mp	godronné
goguenard	ms	goguenard
goguenarde	fs	goguenard
goguenardes	fp	goguenard
goguenards	mp	goguenard
goitreuse	fs	goitreux
goitreuses	fp	goitreux
gommeuse	fs	gommeux
gommeuses	fp	gommeux
gommé	ms	gommé
gommée	fs	gommé
gommées	fp	gommé
gommés	mp	gommé
gomorrhéen	ms	gomorrhéen
gomorrhéenne	fs	gomorrhéen
gomorrhéennes	fp	gomorrhéen
gomorrhéens	mp	gomorrhéen
goménolé	ms	goménolé
goménolée	fs	goménolé
goménolées	fp	goménolé
goménolés	mp	goménolé
gondolant	ms	gondolant
gondolante	fs	gondolant
gondolantes	fp	gondolant
gondolants	mp	gondolant
gonflant	ms	gonflant
gonflante	fs	gonflant
gonflantes	fp	gonflant
gonflants	mp	gonflant
gonflé	ms	gonflé
gonflée	fs	gonflé
gonflées	fp	gonflé
gonflés	mp	gonflé
goodie	ms	goodie
goodies	mp	goodie
gorbatchévien	ms	gorbatchévien
gorbatchévienne	fs	gorbatchévien
gorbatchéviennes	fp	gorbatchévien
gorbatchéviens	mp	gorbatchévien
gordien	ms	gordien
gordienne	fs	gordien
gordiennes	fp	gordien
gordiens	mp	gordien
gouailleur	ms	gouailleur
gouailleurs	mp	gouailleur
gouailleuse	fs	gouailleur
gouailleuses	fp	gouailleur
goudronneuse	fs	goudronneux
goudronneuses	fp	goudronneux
goujonnier	ms	goujonnier
goujonniers	mp	goujonnier
goujonnière	fs	goujonnier
goujonnières	fp	goujonnier
gouleyant	ms	gouleyant
gouleyante	fs	gouleyant
gouleyantes	fp	gouleyant
gouleyants	mp	gouleyant
goulu	ms	goulu
goulue	fs	goulu
goulues	fp	goulu
goulus	mp	goulu
gourd	ms	gourd
gourde	fs	gourd
gourdes	fp	gourd
gourds	mp	gourd
gourmand	ms	gourmand
gourmande	fs	gourmand
gourmandes	fp	gourmand
gourmands	mp	gourmand
gourmé	ms	gourmé
gourmée	fs	gourmé
gourmées	fp	gourmé
gourmés	mp	gourmé
goussaut	ms	goussaut
goutteuse	fs	goutteux
goutteuses	fp	goutteux
gouvernant	ms	gouvernant
gouvernante	fs	gouvernant
gouvernantes	fp	gouvernant
gouvernants	mp	gouvernant
gouvernemental	ms	gouvernemental
gouvernementale	fs	gouvernemental
gouvernementales	fp	gouvernemental
gouvernementaux	mp	gouvernemental
gouverné	ms	gouverné
gouvernée	fs	gouverné
gouvernées	fp	gouverné
gouvernés	mp	gouverné
goûteuse	fs	goûteux
goûteuses	fp	goûteux
goûté	ms	goûté
goûtée	fs	goûté
goûtées	fp	goûté
goûtés	mp	goûté
gracieuse	fs	gracieux
gracieuses	fp	gracieux
graduel	ms	graduel
graduelle	fs	graduel
graduelles	fp	graduel
graduels	mp	graduel
gradué	ms	gradué
graduée	fs	gradué
graduées	fp	gradué
gradués	mp	gradué
gradé	ms	gradé
gradée	fs	gradé
gradées	fp	gradé
gradés	mp	gradé
grainetier	ms	grainetier
grainetiers	mp	grainetier
grainetière	fs	grainetier
grainetières	fp	grainetier
graisseur	ms	graisseur
graisseurs	mp	graisseur
graisseuse	fs	graisseur
graisseuse	fs	graisseux
graisseuses	fp	graisseur
graisseuses	fp	graisseux
graminé	ms	graminé
graminée	fs	graminé
graminées	fp	graminé
graminés	mp	graminé
grammatical	ms	grammatical
grammaticale	fs	grammatical
grammaticales	fp	grammatical
grammaticaux	mp	grammatical
gramscien	ms	gramscien
gramscienne	fs	gramscien
gramsciennes	fp	gramscien
gramsciens	mp	gramscien
grand	ms	grand
grand-ducal	ms	grand-ducal
grand-ducale	fs	grand-ducal
grand-ducales	fp	grand-ducal
grand-ducaux	mp	grand-ducal
grande	fs	grand
grandelet	ms	grandelet
grandelets	mp	grandelet
grandelette	fs	grandelet
grandelettes	fp	grandelet
grandes	fp	grand
grandet	ms	grandet
grandets	mp	grandet
grandette	fs	grandet
grandettes	fp	grandet
grandiloquent	ms	grandiloquent
grandiloquente	fs	grandiloquent
grandiloquentes	fp	grandiloquent
grandiloquents	mp	grandiloquent
grandissant	ms	grandissant
grandissante	fs	grandissant
grandissantes	fp	grandissant
grandissants	mp	grandissant
grands	mp	grand
graniteuse	fs	graniteux
graniteuses	fp	graniteux
granité	ms	granité
granitée	fs	granité
granitées	fp	granité
granités	mp	granité
granuleuse	fs	granuleux
granuleuses	fp	granuleux
granulé	ms	granulé
granulée	fs	granulé
granulées	fp	granulé
granulés	mp	granulé
graphiteuse	fs	graphiteux
graphiteuses	fp	graphiteux
grappilleur	ms	grappilleur
grappilleurs	mp	grappilleur
grappilleuse	fs	grappilleur
grappilleuses	fp	grappilleur
grasse	fs	gras
grasses	fp	gras
grasseyant	ms	grasseyant
grasseyante	fs	grasseyant
grasseyantes	fp	grasseyant
grasseyants	mp	grasseyant
grasseyé	ms	grasseyé
grasseyée	fs	grasseyé
grasseyées	fp	grasseyé
grasseyés	mp	grasseyé
grassouillet	ms	grassouillet
grassouillets	mp	grassouillet
grassouillette	fs	grassouillet
grassouillettes	fp	grassouillet
gratifiant	ms	gratifiant
gratifiante	fs	gratifiant
gratifiantes	fp	gratifiant
gratifiants	mp	gratifiant
gratiné	ms	gratiné
gratinée	fs	gratiné
gratinées	fp	gratiné
gratinés	mp	gratiné
gratteur	ms	gratteur
gratteurs	mp	gratteur
gratteuse	fs	gratteur
gratteuses	fp	gratteur
gratuit	ms	gratuit
gratuite	fs	gratuit
gratuites	fp	gratuit
gratuits	mp	gratuit
gravant	ms	gravant
gravante	fs	gravant
gravantes	fp	gravant
gravants	mp	gravant
graveleuse	fs	graveleux
graveleuses	fp	graveleux
gravelé	ms	gravelé
gravelée	fs	gravelé
gravelées	fp	gravelé
gravelés	mp	gravelé
graveur	ms	graveur
graveurs	mp	graveur
graveuse	fs	graveur
graveuses	fp	graveur
gravitant	ms	gravitant
gravitante	fs	gravitant
gravitantes	fp	gravitant
gravitants	mp	gravitant
gravitationnel	ms	gravitationnel
gravitationnelle	fs	gravitationnel
gravitationnelles	fp	gravitationnel
gravitationnels	mp	gravitationnel
grec	ms	grec
grecque	fs	grec
grecques	fp	grec
grecs	mp	grec
greffant	ms	greffant
greffante	fs	greffant
greffantes	fp	greffant
greffants	mp	greffant
grelottant	ms	grelottant
grelottante	fs	grelottant
grelottantes	fp	grelottant
grelottants	mp	grelottant
grenadin	ms	grenadin
grenadine	fs	grenadin
grenadines	fp	grenadin
grenadins	mp	grenadin
grenelé	ms	grenelé
grenelée	fs	grenelé
grenelées	fp	grenelé
grenelés	mp	grenelé
grenobloise	fs	grenoblois
grenobloises	fp	grenoblois
grenu	ms	grenu
grenue	fs	grenu
grenues	fp	grenu
grenus	mp	grenu
grené	ms	grené
grenée	fs	grené
grenées	fp	grené
grenés	mp	grené
gribouilleur	ms	gribouilleur
gribouilleurs	mp	gribouilleur
gribouilleuse	fs	gribouilleur
gribouilleuses	fp	gribouilleur
griffeur	ms	griffeur
griffeurs	mp	griffeur
griffeuse	fs	griffeur
griffeuses	fp	griffeur
griffu	ms	griffu
griffue	fs	griffu
griffues	fp	griffu
griffus	mp	griffu
griffé	ms	griffé
griffée	fs	griffé
griffées	fp	griffé
griffés	mp	griffé
grignoteur	ms	grignoteur
grignoteurs	mp	grignoteur
grignoteuse	fs	grignoteur
grignoteuses	fp	grignoteur
grillé	ms	grillé
grillée	fs	grillé
grillées	fp	grillé
grillés	mp	grillé
grimacier	ms	grimacier
grimaciers	mp	grimacier
grimacière	fs	grimacier
grimacières	fp	grimacier
grimaçant	ms	grimaçant
grimaçante	fs	grimaçant
grimaçantes	fp	grimaçant
grimaçants	mp	grimaçant
grimpant	ms	grimpant
grimpante	fs	grimpant
grimpantes	fp	grimpant
grimpants	mp	grimpant
grimpeur	ms	grimpeur
grimpeurs	mp	grimpeur
grimpeuse	fs	grimpeur
grimpeuses	fp	grimpeur
grincheuse	fs	grincheux
grincheuses	fp	grincheux
gringalet	ms	gringalet
gringalets	mp	gringalet
gringalette	fs	gringalet
gringalettes	fp	gringalet
grinçant	ms	grinçant
grinçante	fs	grinçant
grinçantes	fp	grinçant
grinçants	mp	grinçant
grippal	ms	grippal
grippale	fs	grippal
grippales	fp	grippal
grippaux	mp	grippal
grippé	ms	grippé
grippée	fs	grippé
grippées	fp	grippé
grippés	mp	grippé
grisant	ms	grisant
grisante	fs	grisant
grisantes	fp	grisant
grisants	mp	grisant
grise	fs	gris
grises	fp	gris
grison	ms	grison
grisonnant	ms	grisonnant
grisonnante	fs	grisonnant
grisonnantes	fp	grisonnant
grisonnants	mp	grisonnant
grisonne	fs	grison
grisonnes	fp	grison
grisons	mp	grison
grisouteuse	fs	grisouteux
grisouteuses	fp	grisouteux
grivelé	ms	grivelé
grivelée	fs	grivelé
grivelées	fp	grivelé
grivelés	mp	grivelé
grivoise	fs	grivois
grivoises	fp	grivois
groenlandaise	fs	groenlandais
groenlandaises	fp	groenlandais
grogneur	ms	grogneur
grogneurs	mp	grogneur
grogneuse	fs	grogneur
grogneuses	fp	grogneur
grognon	ms	grognon
grognonne	fs	grognon
grognonnes	fp	grognon
grognons	mp	grognon
grondant	ms	grondant
grondante	fs	grondant
grondantes	fp	grondant
grondants	mp	grondant
grondeur	ms	grondeur
grondeurs	mp	grondeur
grondeuse	fs	grondeur
grondeuses	fp	grondeur
grosse	fs	gros
grosses	fp	gros
grossier	ms	grossier
grossiers	mp	grossier
grossissant	ms	grossissant
grossissante	fs	grossissant
grossissantes	fp	grossissant
grossissants	mp	grossissant
grossière	fs	grossier
grossières	fp	grossier
grouillant	ms	grouillant
grouillante	fs	grouillant
grouillantes	fp	grouillant
grouillants	mp	grouillant
groupal	ms	groupal
groupale	fs	groupal
groupales	fp	groupal
groupaux	mp	groupal
groupé	ms	groupé
groupée	fs	groupé
groupées	fp	groupé
groupés	mp	groupé
grumeleuse	fs	grumeleux
grumeleuses	fp	grumeleux
gréco-latin	ms	gréco-latin
gréco-latine	fs	gréco-latin
gréco-latines	fp	gréco-latin
gréco-latins	mp	gréco-latin
gréco-romain	ms	gréco-romain
gréco-romaine	fs	gréco-romain
gréco-romaines	fp	gréco-romain
gréco-romains	mp	gréco-romain
grégeoise	fs	grégeois
grégeoises	fp	grégeois
grégorien	ms	grégorien
grégorienne	fs	grégorien
grégoriennes	fp	grégorien
grégoriens	mp	grégorien
gréseuse	fs	gréseux
gréseuses	fp	gréseux
grésillant	ms	grésillant
grésillante	fs	grésillant
grésillantes	fp	grésillant
grésillants	mp	grésillant
grêlé	ms	grêlé
grêlée	fs	grêlé
grêlées	fp	grêlé
grêlés	mp	grêlé
guadeloupéen	ms	guadeloupéen
guadeloupéenne	fs	guadeloupéen
guadeloupéennes	fp	guadeloupéen
guadeloupéens	mp	guadeloupéen
guai	ms	guai
guaie	fs	guai
guaies	fp	guai
guais	mp	guai
guaise	fs	guais
guaises	fp	guais
guatémalien	ms	guatémalien
guatémalienne	fs	guatémalien
guatémaliennes	fp	guatémalien
guatémaliens	mp	guatémalien
guenilleuse	fs	guenilleux
guenilleuses	fp	guenilleux
guernesiaise	fs	guernesiais
guernesiaises	fp	guernesiais
guerrier	ms	guerrier
guerriers	mp	guerrier
guerrière	fs	guerrier
guerrières	fp	guerrier
gueulard	ms	gueulard
gueularde	fs	gueulard
gueulardes	fp	gueulard
gueulards	mp	gueulard
guignard	ms	guignard
guignarde	fs	guignard
guignardes	fp	guignard
guignards	mp	guignard
guilleret	ms	guilleret
guillerets	mp	guilleret
guillerette	fs	guilleret
guillerettes	fp	guilleret
guilloché	ms	guilloché
guillochée	fs	guilloché
guillochées	fp	guilloché
guillochés	mp	guilloché
guillotiné	ms	guillotiné
guillotinée	fs	guillotiné
guillotinées	fp	guillotiné
guillotinés	mp	guillotiné
guindé	ms	guindé
guindée	fs	guindé
guindées	fp	guindé
guindés	mp	guindé
guinéen	ms	guinéen
guinéenne	fs	guinéen
guinéennes	fp	guinéen
guinéens	mp	guinéen
guivré	ms	guivré
guivrée	fs	guivré
guivrées	fp	guivré
guivrés	mp	guivré
gustatif	ms	gustatif
gustatifs	mp	gustatif
gustative	fs	gustatif
gustatives	fp	gustatif
guttural	ms	guttural
gutturale	fs	guttural
gutturales	fp	guttural
gutturaux	mp	guttural
guyanaise	fs	guyanais
guyanaises	fp	guyanais
guéri	ms	guéri
guérie	fs	guéri
guéries	fp	guéri
guéris	mp	guéri
guérisseur	ms	guérisseur
guérisseurs	mp	guérisseur
guérisseuse	fs	guérisseur
guérisseuses	fp	guérisseur
gypseuse	fs	gypseux
gypseuses	fp	gypseux
gâcheur	ms	gâcheur
gâcheurs	mp	gâcheur
gâcheuse	fs	gâcheur
gâcheuses	fp	gâcheur
gâteuse	fs	gâteux
gâteuses	fp	gâteux
gâté	ms	gâté
gâtée	fs	gâté
gâtées	fp	gâté
gâtés	mp	gâté
géant	ms	géant
géante	fs	géant
géantes	fp	géant
géants	mp	géant
gélatineuse	fs	gélatineux
gélatineuses	fp	gélatineux
gélatiné	ms	gélatiné
gélatinée	fs	gélatiné
gélatinées	fp	gélatiné
gélatinés	mp	gélatiné
gélif	ms	gélif
gélifiant	ms	gélifiant
gélifiante	fs	gélifiant
gélifiantes	fp	gélifiant
gélifiants	mp	gélifiant
gélifié	ms	gélifié
gélifiée	fs	gélifié
gélifiées	fp	gélifié
gélifiés	mp	gélifié
gélifs	mp	gélif
gélive	fs	gélif
gélives	fp	gélif
géminé	ms	géminé
géminée	fs	géminé
géminées	fp	géminé
géminés	mp	géminé
gémissant	ms	gémissant
gémissante	fs	gémissant
gémissantes	fp	gémissant
gémissants	mp	gémissant
génial	ms	génial
géniale	fs	génial
géniales	fp	génial
géniaux	mp	génial
génital	ms	génital
génitale	fs	génital
génitales	fp	génital
génitaux	mp	génital
génoise	fs	génois
génoises	fp	génois
général	ms	général
générale	fs	général
générales	fp	général
généralisant	ms	généralisant
généralisante	fs	généralisant
généralisantes	fp	généralisant
généralisants	mp	généralisant
généralisateur	ms	généralisateur
généralisateurs	mp	généralisateur
généralisatrice	fs	généralisateur
généralisatrices	fp	généralisateur
générateur	ms	générateur
générateurs	mp	générateur
génératif	ms	génératif
génératifs	mp	génératif
générationnel	ms	générationnel
générationnelle	fs	générationnel
générationnelles	fp	générationnel
générationnels	mp	générationnel
générative	fs	génératif
génératives	fp	génératif
génératrice	fs	générateur
génératrices	fp	générateur
généraux	mp	général
généreuse	fs	généreux
généreuses	fp	généreux
géométral	ms	géométral
géométrale	fs	géométral
géométrales	fp	géométral
géométraux	mp	géométral
géorgien	ms	géorgien
géorgienne	fs	géorgien
géorgiennes	fp	géorgien
géorgiens	mp	géorgien
gênant	ms	gênant
gênante	fs	gênant
gênantes	fp	gênant
gênants	mp	gênant
gêné	ms	gêné
gênée	fs	gêné
gênées	fp	gêné
gênés	mp	gêné
habilitant	ms	habilitant
habilitante	fs	habilitant
habilitantes	fp	habilitant
habilitants	mp	habilitant
habilité	ms	habilité
habilitée	fs	habilité
habilitées	fp	habilité
habilités	mp	habilité
habillé	ms	habillé
habillée	fs	habillé
habillées	fp	habillé
habillés	mp	habillé
habituel	ms	habituel
habituelle	fs	habituel
habituelles	fp	habituel
habituels	mp	habituel
habitué	ms	habitué
habituée	fs	habitué
habituées	fp	habitué
habitués	mp	habitué
habité	ms	habité
habitée	fs	habité
habitées	fp	habité
habités	mp	habité
habsbourgeoise	fs	habsbourgeois
habsbourgeoises	fp	habsbourgeois
hachuré	ms	hachuré
hachurée	fs	hachuré
hachurées	fp	hachuré
hachurés	mp	hachuré
haché	ms	haché
hachée	fs	haché
hachées	fp	haché
hachés	mp	haché
hadal	ms	hadal
hadale	fs	hadal
hadales	fp	hadal
hadaux	mp	hadal
hagard	ms	hagard
hagarde	fs	hagard
hagardes	fp	hagard
hagards	mp	hagard
haillonneuse	fs	haillonneux
haillonneuses	fp	haillonneux
haineuse	fs	haineux
haineuses	fp	haineux
hainuyer	ms	hainuyer
hainuyers	mp	hainuyer
hainuyère	fs	hainuyer
hainuyères	fp	hainuyer
halbrené	ms	halbrené
halbrenée	fs	halbrené
halbrenées	fp	halbrené
halbrenés	mp	halbrené
haletant	ms	haletant
haletante	fs	haletant
haletantes	fp	haletant
haletants	mp	haletant
halitueuse	fs	halitueux
halitueuses	fp	halitueux
hallstattien	ms	hallstattien
hallstattienne	fs	hallstattien
hallstattiennes	fp	hallstattien
hallstattiens	mp	hallstattien
hallucinant	ms	hallucinant
hallucinante	fs	hallucinant
hallucinantes	fp	hallucinant
hallucinants	mp	hallucinant
halluciné	ms	halluciné
hallucinée	fs	halluciné
hallucinées	fp	halluciné
hallucinés	mp	halluciné
halogéné	ms	halogéné
halogénée	fs	halogéné
halogénées	fp	halogéné
halogénés	mp	halogéné
hambourgeoise	fs	hambourgeois
hambourgeoises	fp	hambourgeois
hanché	ms	hanché
hanchée	fs	hanché
hanchées	fp	hanché
hanchés	mp	hanché
handicapé	ms	handicapé
handicapée	fs	handicapé
handicapées	fp	handicapé
handicapés	mp	handicapé
hanovrien	ms	hanovrien
hanovrienne	fs	hanovrien
hanovriennes	fp	hanovrien
hanovriens	mp	hanovrien
hanté	ms	hanté
hantée	fs	hanté
hantées	fp	hanté
hantés	mp	hanté
harassant	ms	harassant
harassante	fs	harassant
harassantes	fp	harassant
harassants	mp	harassant
harassé	ms	harassé
harassée	fs	harassé
harassées	fp	harassé
harassés	mp	harassé
harcelant	ms	harcelant
harcelante	fs	harcelant
harcelantes	fp	harcelant
harcelants	mp	harcelant
harcelé	ms	harcelé
harcelée	fs	harcelé
harcelées	fp	harcelé
harcelés	mp	harcelé
hardi	ms	hardi
hardie	fs	hardi
hardies	fp	hardi
hardis	mp	hardi
hardé	ms	hardé
hardée	fs	hardé
hardées	fp	hardé
hardés	mp	hardé
haret	ms	haret
harets	mp	haret
hargneuse	fs	hargneux
hargneuses	fp	hargneux
harmonieuse	fs	harmonieux
harmonieuses	fp	harmonieux
harète	fs	haret
harètes	fp	haret
hasardeuse	fs	hasardeux
hasardeuses	fp	hasardeux
hasardé	ms	hasardé
hasardée	fs	hasardé
hasardées	fp	hasardé
hasardés	mp	hasardé
hasté	ms	hasté
hastée	fs	hasté
hastées	fp	hasté
hastés	mp	hasté
haussier	ms	haussier
haussiers	mp	haussier
haussière	fs	haussier
haussières	fp	haussier
haut	ms	haut
hautain	ms	hautain
hautaine	fs	hautain
hautaines	fp	hautain
hautains	mp	hautain
haute	fs	haut
haute-contre	fs	haute-contre
haute-contre	ms	haute-contre
hautes	fp	haut
hautes-contre	fp	haute-contre
hautes-contre	mp	haute-contre
hauts	mp	haut
hauturier	ms	hauturier
hauturiers	mp	hauturier
hauturière	fs	hauturier
hauturières	fp	hauturier
havanaise	fs	havanais
havanaises	fp	havanais
haveur	ms	haveur
haveurs	mp	haveur
haveuse	fs	haveur
haveuses	fp	haveur
havraise	fs	havrais
havraises	fp	havrais
hawaiien	ms	hawaiien
hawaiienne	fs	hawaiien
hawaiiennes	fp	hawaiien
hawaiiens	mp	hawaiien
hawaïen	ms	hawaïen
hawaïens	mp	hawaïen
hawaïène	fs	hawaïen
hawaïènes	fp	hawaïen
haïtien	ms	haïtien
haïtienne	fs	haïtien
haïtiennes	fp	haïtien
haïtiens	mp	haïtien
heidégerrien	ms	heidégerrien
heidégerrienne	fs	heidégerrien
heidégerriennes	fp	heidégerrien
heidégerriens	mp	heidégerrien
hellénisant	ms	hellénisant
hellénisante	fs	hellénisant
hellénisantes	fp	hellénisant
hellénisants	mp	hellénisant
hennissant	ms	hennissant
hennissante	fs	hennissant
hennissantes	fp	hennissant
hennissants	mp	hennissant
hennuyer	ms	hennuyer
hennuyers	mp	hennuyer
hennuyère	fs	hennuyer
hennuyères	fp	hennuyer
heptagonal	ms	heptagonal
heptagonale	fs	heptagonal
heptagonales	fp	heptagonal
heptagonaux	mp	heptagonal
herbacé	ms	herbacé
herbacée	fs	herbacé
herbacées	fp	herbacé
herbacés	mp	herbacé
herbeuse	fs	herbeux
herbeuses	fp	herbeux
herborisé	ms	herborisé
herborisée	fs	herborisé
herborisées	fp	herborisé
herborisés	mp	herborisé
herbu	ms	herbu
herbue	fs	herbu
herbues	fp	herbu
herbus	mp	herbu
herculéen	ms	herculéen
herculéenne	fs	herculéen
herculéennes	fp	herculéen
herculéens	mp	herculéen
hercynien	ms	hercynien
hercynienne	fs	hercynien
hercyniennes	fp	hercynien
hercyniens	mp	hercynien
hernieuse	fs	hernieux
hernieuses	fp	hernieux
hernié	ms	hernié
herniée	fs	hernié
herniées	fp	hernié
herniés	mp	hernié
herseur	ms	herseur
herseurs	mp	herseur
herseuse	fs	herseur
herseuses	fp	herseur
hersé	ms	hersé
hersée	fs	hersé
hersées	fp	hersé
hersés	mp	hersé
hertzien	ms	hertzien
hertzienne	fs	hertzien
hertziennes	fp	hertzien
hertziens	mp	hertzien
herzégovinien	ms	herzégovinien
herzégovinienne	fs	herzégovinien
herzégoviniennes	fp	herzégovinien
herzégoviniens	mp	herzégovinien
heureuse	fs	heureux
heureuses	fp	heureux
hexadécimal	ms	hexadécimal
hexadécimale	fs	hexadécimal
hexadécimales	fp	hexadécimal
hexadécimaux	mp	hexadécimal
hexagonal	ms	hexagonal
hexagonale	fs	hexagonal
hexagonales	fp	hexagonal
hexagonaux	mp	hexagonal
hiatal	ms	hiatal
hiatale	fs	hiatal
hiatales	fp	hiatal
hiataux	mp	hiatal
hibernal	ms	hibernal
hibernale	fs	hibernal
hibernales	fp	hibernal
hibernant	ms	hibernant
hibernante	fs	hibernant
hibernantes	fp	hibernant
hibernants	mp	hibernant
hibernaux	mp	hibernal
hideuse	fs	hideux
hideuses	fp	hideux
hilarant	ms	hilarant
hilarante	fs	hilarant
hilarantes	fp	hilarant
hilarants	mp	hilarant
himalayen	ms	himalayen
himalayenne	fs	himalayen
himalayennes	fp	himalayen
himalayens	mp	himalayen
hindou	ms	hindou
hindoue	fs	hindou
hindoues	fp	hindou
hindous	mp	hindou
hircin	ms	hircin
hircine	fs	hircin
hircines	fp	hircin
hircins	mp	hircin
hispanisant	ms	hispanisant
hispanisante	fs	hispanisant
hispanisantes	fp	hispanisant
hispanisants	mp	hispanisant
hispano-américain	ms	hispano-américain
hispano-américaine	fs	hispano-américain
hispano-américaines	fp	hispano-américain
hispano-américains	mp	hispano-américain
historien	ms	historien
historienne	fs	historien
historiennes	fp	historien
historiens	mp	historien
historisant	ms	historisant
historisante	fs	historisant
historisantes	fp	historisant
historisants	mp	historisant
historié	ms	historié
historiée	fs	historié
historiées	fp	historié
historiés	mp	historié
hitlérien	ms	hitlérien
hitlérienne	fs	hitlérien
hitlériennes	fp	hitlérien
hitlériens	mp	hitlérien
hivernal	ms	hivernal
hivernale	fs	hivernal
hivernales	fp	hivernal
hivernant	ms	hivernant
hivernante	fs	hivernant
hivernantes	fp	hivernant
hivernants	mp	hivernant
hivernaux	mp	hivernal
hiémal	ms	hiémal
hiémale	fs	hiémal
hiémales	fp	hiémal
hiémaux	mp	hiémal
hiérosolymitain	ms	hiérosolymitain
hiérosolymitaine	fs	hiérosolymitain
hiérosolymitaines	fp	hiérosolymitain
hiérosolymitains	mp	hiérosolymitain
hobbesien	ms	hobbesien
hobbesienne	fs	hobbesien
hobbesiennes	fp	hobbesien
hobbesiens	mp	hobbesien
hollandaise	fs	hollandais
hollandaises	fp	hollandais
hollywoodien	ms	hollywoodien
hollywoodienne	fs	hollywoodien
hollywoodiennes	fp	hollywoodien
hollywoodiens	mp	hollywoodien
holocristallin	ms	holocristallin
holocristalline	fs	holocristallin
holocristallines	fp	holocristallin
holocristallins	mp	holocristallin
hominisé	ms	hominisé
hominisée	fs	hominisé
hominisées	fp	hominisé
hominisés	mp	hominisé
homofocal	ms	homofocal
homofocale	fs	homofocal
homofocales	fp	homofocal
homofocaux	mp	homofocal
homogénéisateur	ms	homogénéisateur
homogénéisateurs	mp	homogénéisateur
homogénéisatrice	fs	homogénéisateur
homogénéisatrices	fp	homogénéisateur
homogénéisé	ms	homogénéisé
homogénéisée	fs	homogénéisé
homogénéisées	fp	homogénéisé
homogénéisés	mp	homogénéisé
homologué	ms	homologué
homologuée	fs	homologué
homologuées	fp	homologué
homologués	mp	homologué
homosexuel	ms	homosexuel
homosexuelle	fs	homosexuel
homosexuelles	fp	homosexuel
homosexuels	mp	homosexuel
hondurien	ms	hondurien
hondurienne	fs	hondurien
honduriennes	fp	hondurien
honduriens	mp	hondurien
hongkongaise	fs	hongkongais
hongkongaises	fp	hongkongais
hongroise	fs	hongrois
hongroises	fp	hongrois
honoré	ms	honoré
honorée	fs	honoré
honorées	fp	honoré
honorés	mp	honoré
honteuse	fs	honteux
honteuses	fp	honteux
hoquetant	ms	hoquetant
hoquetante	fs	hoquetant
hoquetantes	fp	hoquetant
hoquetants	mp	hoquetant
horizontal	ms	horizontal
horizontale	fs	horizontal
horizontales	fp	horizontal
horizontaux	mp	horizontal
horloger	ms	horloger
horlogers	mp	horloger
horlogère	fs	horloger
horlogères	fp	horloger
hormonal	ms	hormonal
hormonale	fs	hormonal
hormonales	fp	hormonal
hormonaux	mp	hormonal
hornier	ms	hornier
horniers	mp	hornier
hornière	fs	hornier
hornières	fp	hornier
horodateur	ms	horodateur
horodateurs	mp	horodateur
horodatrice	fs	horodateur
horodatrices	fp	horodateur
horodaté	ms	horodaté
horodatée	fs	horodaté
horodatées	fp	horodaté
horodatés	mp	horodaté
horrifiant	ms	horrifiant
horrifiante	fs	horrifiant
horrifiantes	fp	horrifiant
horrifiants	mp	horrifiant
horripilant	ms	horripilant
horripilante	fs	horripilant
horripilantes	fp	horripilant
horripilants	mp	horripilant
horripilateur	ms	horripilateur
horripilateurs	mp	horripilateur
horripilatrice	fs	horripilateur
horripilatrices	fp	horripilateur
hosannier	ms	hosannier
hosanniers	mp	hosannier
hosannière	fs	hosannier
hosannières	fp	hosannier
hospitalier	ms	hospitalier
hospitaliers	mp	hospitalier
hospitalière	fs	hospitalier
hospitalières	fp	hospitalier
hottentot	ms	hottentot
hottentote	fs	hottentot
hottentotes	fp	hottentot
hottentots	mp	hottentot
houblonnier	ms	houblonnier
houblonniers	mp	houblonnier
houblonnière	fs	houblonnier
houblonnières	fp	houblonnier
houiller	ms	houiller
houillers	mp	houiller
houillère	fs	houiller
houillères	fp	houiller
houleuse	fs	houleux
houleuses	fp	houleux
huant	ms	huant
huante	fs	huant
huantes	fp	huant
huants	mp	huant
hugolien	ms	hugolien
hugolienne	fs	hugolien
hugoliennes	fp	hugolien
hugoliens	mp	hugolien
huguenot	ms	huguenot
huguenote	fs	huguenot
huguenotes	fp	huguenot
huguenots	mp	huguenot
huileuse	fs	huileux
huileuses	fp	huileux
huilier	ms	huilier
huiliers	mp	huilier
huilière	fs	huilier
huilières	fp	huilier
huitard	ms	huitard
huitarde	fs	huitard
huitardes	fp	huitard
huitards	mp	huitard
humain	ms	humain
humaine	fs	humain
humaines	fp	humain
humains	mp	humain
humectant	ms	humectant
humectante	fs	humectant
humectantes	fp	humectant
humectants	mp	humectant
humiliant	ms	humiliant
humiliante	fs	humiliant
humiliantes	fp	humiliant
humiliants	mp	humiliant
humilié	ms	humilié
humiliée	fs	humilié
humiliées	fp	humilié
humiliés	mp	humilié
humoral	ms	humoral
humorale	fs	humoral
humorales	fp	humoral
humoraux	mp	humoral
huméral	ms	huméral
humérale	fs	huméral
humérales	fp	huméral
huméraux	mp	huméral
huppé	ms	huppé
huppée	fs	huppé
huppées	fp	huppé
huppés	mp	huppé
hurlant	ms	hurlant
hurlante	fs	hurlant
hurlantes	fp	hurlant
hurlants	mp	hurlant
hurleur	ms	hurleur
hurleurs	mp	hurleur
hurleuse	fs	hurleur
hurleuses	fp	hurleur
huron	ms	huron
huronien	ms	huronien
huronne	fs	huron
huronnes	fp	huron
hurons	mp	huron
hutu	ms	hutu
hutue	fs	hutu
hutues	fp	hutu
hutus	mp	hutu
huîtrier	ms	huîtrier
huîtriers	mp	huîtrier
huîtrière	fs	huîtrier
huîtrières	fp	huîtrier
hyalin	ms	hyalin
hyaline	fs	hyalin
hyalines	fp	hyalin
hyalins	mp	hyalin
hydratant	ms	hydratant
hydratante	fs	hydratant
hydratantes	fp	hydratant
hydratants	mp	hydratant
hydraulicien	ms	hydraulicien
hydraulicienne	fs	hydraulicien
hydrauliciennes	fp	hydraulicien
hydrauliciens	mp	hydraulicien
hydrocarboné	ms	hydrocarboné
hydrocarbonée	fs	hydrocarboné
hydrocarbonées	fp	hydrocarboné
hydrocarbonés	mp	hydrocarboné
hydrogénant	ms	hydrogénant
hydrogénante	fs	hydrogénant
hydrogénantes	fp	hydrogénant
hydrogénants	mp	hydrogénant
hydrogéné	ms	hydrogéné
hydrogénée	fs	hydrogéné
hydrogénées	fp	hydrogéné
hydrogénés	mp	hydrogéné
hydrolysant	ms	hydrolysant
hydrolysante	fs	hydrolysant
hydrolysantes	fp	hydrolysant
hydrolysants	mp	hydrolysant
hydrominéral	ms	hydrominéral
hydrominérale	fs	hydrominéral
hydrominérales	fp	hydrominéral
hydrominéraux	mp	hydrominéral
hydrosulfureuse	fs	hydrosulfureux
hydrosulfureuses	fp	hydrosulfureux
hyménéal	ms	hyménéal
hyménéale	fs	hyménéal
hyménéales	fp	hyménéal
hyménéals	mp	hyménéal
hyoïdien	ms	hyoïdien
hyoïdienne	fs	hyoïdien
hyoïdiennes	fp	hyoïdien
hyoïdiens	mp	hyoïdien
hyperboréen	ms	hyperboréen
hyperboréenne	fs	hyperboréen
hyperboréennes	fp	hyperboréen
hyperboréens	mp	hyperboréen
hypercorrect	ms	hypercorrect
hypercorrecte	fs	hypercorrect
hypercorrectes	fp	hypercorrect
hypercorrects	mp	hypercorrect
hyperglycémiant	ms	hyperglycémiant
hyperglycémiante	fs	hyperglycémiant
hyperglycémiantes	fp	hyperglycémiant
hyperglycémiants	mp	hyperglycémiant
hypernerveuse	fs	hypernerveux
hypernerveuses	fp	hypernerveux
hyperplan	ms	hyperplan
hyperplane	fs	hyperplan
hyperplanes	fp	hyperplan
hyperplans	mp	hyperplan
hypersustentateur	ms	hypersustentateur
hypersustentateurs	mp	hypersustentateur
hypersustentatrice	fs	hypersustentateur
hypersustentatrices	fp	hypersustentateur
hypertendu	ms	hypertendu
hypertendue	fs	hypertendu
hypertendues	fp	hypertendu
hypertendus	mp	hypertendu
hypertrophié	ms	hypertrophié
hypertrophiée	fs	hypertrophié
hypertrophiées	fp	hypertrophié
hypertrophiés	mp	hypertrophié
hyperémotif	ms	hyperémotif
hyperémotifs	mp	hyperémotif
hyperémotive	fs	hyperémotif
hyperémotives	fp	hyperémotif
hypochloreuse	fs	hypochloreux
hypochloreuses	fp	hypochloreux
hypocycloïdal	ms	hypocycloïdal
hypocycloïdale	fs	hypocycloïdal
hypocycloïdales	fp	hypocycloïdal
hypocycloïdaux	mp	hypocycloïdal
hypoglycémiant	ms	hypoglycémiant
hypoglycémiante	fs	hypoglycémiant
hypoglycémiantes	fp	hypoglycémiant
hypoglycémiants	mp	hypoglycémiant
hypogé	ms	hypogé
hypogée	fs	hypogé
hypogées	fp	hypogé
hypogés	mp	hypogé
hyposulfureuse	fs	hyposulfureux
hyposulfureuses	fp	hyposulfureux
hypotendu	ms	hypotendu
hypotendue	fs	hypotendu
hypotendues	fp	hypotendu
hypotendus	mp	hypotendu
hâbleur	ms	hâbleur
hâbleurs	mp	hâbleur
hâbleuse	fs	hâbleur
hâbleuses	fp	hâbleur
hâlé	ms	hâlé
hâlée	fs	hâlé
hâlées	fp	hâlé
hâlés	mp	hâlé
hâtif	ms	hâtif
hâtifs	mp	hâtif
hâtive	fs	hâtif
hâtives	fp	hâtif
hébraïque	fs	hébreu
hébraïques	fp	hébreu
hébraïsant	ms	hébraïsant
hébraïsante	fs	hébraïsant
hébraïsantes	fp	hébraïsant
hébraïsants	mp	hébraïsant
hébreu	ms	hébreu
hébreux	mp	hébreu
hébété	ms	hébété
hébétée	fs	hébété
hébétées	fp	hébété
hébétés	mp	hébété
hégélien	ms	hégélien
hégélienne	fs	hégélien
hégéliennes	fp	hégélien
hégéliens	mp	hégélien
hélicoïdal	ms	hélicoïdal
hélicoïdale	fs	hélicoïdal
hélicoïdales	fp	hélicoïdal
hélicoïdaux	mp	hélicoïdal
héliomarin	ms	héliomarin
héliomarine	fs	héliomarin
héliomarines	fp	héliomarin
héliomarins	mp	héliomarin
héliporté	ms	héliporté
héliportée	fs	héliporté
héliportées	fp	héliporté
héliportés	mp	héliporté
hélitransporté	ms	hélitransporté
hélitransportée	fs	hélitransporté
hélitransportées	fp	hélitransporté
hélitransportés	mp	hélitransporté
hémorroïdal	ms	hémorroïdal
hémorroïdale	fs	hémorroïdal
hémorroïdales	fp	hémorroïdal
hémorroïdaux	mp	hémorroïdal
hérissé	ms	hérissé
hérissée	fs	hérissé
hérissées	fp	hérissé
hérissés	mp	hérissé
héritier	ms	héritier
héritiers	mp	héritier
héritière	fs	héritier
héritières	fp	héritier
héronnier	ms	héronnier
héronniers	mp	héronnier
héronnière	fs	héronnier
héronnières	fp	héronnier
hésisant	ms	hésisant
hésisante	fs	hésisant
hésisantes	fp	hésisant
hésisants	mp	hésisant
hésitant	ms	hésitant
hésitante	fs	hésitant
hésitantes	fp	hésitant
hésitants	mp	hésitant
hétérosexuel	ms	hétérosexuel
hétérosexuelle	fs	hétérosexuel
hétérosexuelles	fp	hétérosexuel
hétérosexuels	mp	hétérosexuel
hôtelier	ms	hôtelier
hôteliers	mp	hôtelier
hôtelière	fs	hôtelier
hôtelières	fp	hôtelier
icarien	ms	icarien
icarienne	fs	icarien
icariennes	fp	icarien
icariens	mp	icarien
ichoreuse	fs	ichoreux
ichoreuses	fp	ichoreux
idempotent	ms	idempotent
idempotente	fs	idempotent
idempotentes	fp	idempotent
idempotents	mp	idempotent
identifiant	ms	identifiant
identifiante	fs	identifiant
identifiantes	fp	identifiant
identifiants	mp	identifiant
identifié	ms	identifié
identifiée	fs	identifié
identifiées	fp	identifié
identifiés	mp	identifié
idiot	ms	idiot
idiote	fs	idiot
idiotes	fp	idiot
idiots	mp	idiot
idéal	ms	idéal
idéale	fs	idéal
idéales	fp	idéal
idéalisateur	ms	idéalisateur
idéalisateurs	mp	idéalisateur
idéalisatrice	fs	idéalisateur
idéalisatrices	fp	idéalisateur
idéals	mp	idéal
idéationnel	ms	idéationnel
idéationnelle	fs	idéationnel
idéationnelles	fp	idéationnel
idéationnels	mp	idéationnel
idéaux	mp	idéal
idéel	ms	idéel
idéelle	fs	idéel
idéelles	fp	idéel
idéels	mp	idéel
ignacien	ms	ignacien
ignacienne	fs	ignacien
ignaciennes	fp	ignacien
ignaciens	mp	ignacien
ignifugeant	ms	ignifugeant
ignifugeante	fs	ignifugeant
ignifugeantes	fp	ignifugeant
ignifugeants	mp	ignifugeant
ignifugé	ms	ignifugé
ignifugée	fs	ignifugé
ignifugées	fp	ignifugé
ignifugés	mp	ignifugé
ignominieuse	fs	ignominieux
ignominieuses	fp	ignominieux
ignorant	ms	ignorant
ignorante	fs	ignorant
ignorantes	fp	ignorant
ignorantin	ms	ignorantin
ignorants	mp	ignorant
igné	ms	igné
ignée	fs	igné
ignées	fp	igné
ignés	mp	igné
ijaw	ms	ijaw
ijawe	fs	ijaw
ijawes	fp	ijaw
ijaws	mp	ijaw
illettré	ms	illettré
illettrée	fs	illettré
illettrées	fp	illettré
illettrés	mp	illettré
illimité	ms	illimité
illimitée	fs	illimité
illimitées	fp	illimité
illimités	mp	illimité
illuminé	ms	illuminé
illuminée	fs	illuminé
illuminées	fp	illuminé
illuminés	mp	illuminé
illustratif	ms	illustratif
illustratifs	mp	illustratif
illustrative	fs	illustratif
illustratives	fp	illustratif
illustré	ms	illustré
illustrée	fs	illustré
illustrées	fp	illustré
illustrés	mp	illustré
illyrien	ms	illyrien
illyrienne	fs	illyrien
illyriennes	fp	illyrien
illyriens	mp	illyrien
illégal	ms	illégal
illégale	fs	illégal
illégales	fp	illégal
illégaux	mp	illégal
iléal	ms	iléal
iléale	fs	iléal
iléales	fp	iléal
iléaux	mp	iléal
iléo-caecal	ms	iléo-caecal
iléo-caecale	fs	iléo-caecal
iléo-caecales	fp	iléo-caecal
iléo-caecaux	mp	iléo-caecal
imagier	ms	imagier
imagiers	mp	imagier
imaginal	ms	imaginal
imaginale	fs	imaginal
imaginales	fp	imaginal
imaginant	ms	imaginant
imaginante	fs	imaginant
imaginantes	fp	imaginant
imaginants	mp	imaginant
imaginatif	ms	imaginatif
imaginatifs	mp	imaginatif
imaginative	fs	imaginatif
imaginatives	fp	imaginatif
imaginaux	mp	imaginal
imagière	fs	imagier
imagières	fp	imagier
imagé	ms	imagé
imagée	fs	imagé
imagées	fp	imagé
imagés	mp	imagé
imbriqué	ms	imbriqué
imbriquée	fs	imbriqué
imbriquées	fp	imbriqué
imbriqués	mp	imbriqué
imbrûlé	ms	imbrûlé
imbrûlée	fs	imbrûlé
imbrûlées	fp	imbrûlé
imbrûlés	mp	imbrûlé
imbu	ms	imbu
imbue	fs	imbu
imbues	fp	imbu
imbus	mp	imbu
imitateur	ms	imitateur
imitateurs	mp	imitateur
imitatif	ms	imitatif
imitatifs	mp	imitatif
imitative	fs	imitatif
imitatives	fp	imitatif
imitatrice	fs	imitateur
imitatrices	fp	imitateur
imité	ms	imité
imitée	fs	imité
imitées	fp	imité
imités	mp	imité
immaculé	ms	immaculé
immaculée	fs	immaculé
immaculées	fp	immaculé
immaculés	mp	immaculé
immanent	ms	immanent
immanente	fs	immanent
immanentes	fp	immanent
immanents	mp	immanent
immatériel	ms	immatériel
immatérielle	fs	immatériel
immatérielles	fp	immatériel
immatériels	mp	immatériel
immergé	ms	immergé
immergée	fs	immergé
immergées	fp	immergé
immergés	mp	immergé
immersif	ms	immersif
immersifs	mp	immersif
immersive	fs	immersif
immersives	fp	immersif
immigrant	ms	immigrant
immigrante	fs	immigrant
immigrantes	fp	immigrant
immigrants	mp	immigrant
immigré	ms	immigré
immigrée	fs	immigré
immigrées	fp	immigré
immigrés	mp	immigré
imminent	ms	imminent
imminente	fs	imminent
imminentes	fp	imminent
imminents	mp	imminent
immobilier	ms	immobilier
immobiliers	mp	immobilier
immobilière	fs	immobilier
immobilières	fp	immobilier
immodéré	ms	immodéré
immodérée	fs	immodéré
immodérées	fp	immodéré
immodérés	mp	immodéré
immoral	ms	immoral
immorale	fs	immoral
immorales	fp	immoral
immoraux	mp	immoral
immortel	ms	immortel
immortelle	fs	immortel
immortelles	fp	immortel
immortels	mp	immortel
immotivé	ms	immotivé
immotivée	fs	immotivé
immotivées	fp	immotivé
immotivés	mp	immotivé
immun	ms	immun
immune	fs	immun
immunes	fp	immun
immunisant	ms	immunisant
immunisante	fs	immunisant
immunisantes	fp	immunisant
immunisants	mp	immunisant
immunocompétent	ms	immunocompétent
immunocompétente	fs	immunocompétent
immunocompétentes	fp	immunocompétent
immunocompétents	mp	immunocompétent
immunodépresseur	ms	immunodépresseur
immunodépressif	ms	immunodépressif
immunodépressifs	mp	immunodépressif
immunodépressive	fs	immunodépressif
immunodépressives	fp	immunodépressif
immunodéprimé	ms	immunodéprimé
immunodéprimée	fs	immunodéprimé
immunodéprimées	fp	immunodéprimé
immunodéprimés	mp	immunodéprimé
immunosuppresseur	ms	immunosuppresseur
immunotolérant	ms	immunotolérant
immunotolérante	fs	immunotolérant
immunotolérantes	fp	immunotolérant
immunotolérants	mp	immunotolérant
immuns	mp	immun
immédiat	ms	immédiat
immédiate	fs	immédiat
immédiates	fp	immédiat
immédiats	mp	immédiat
immémorial	ms	immémorial
immémoriale	fs	immémorial
immémoriales	fp	immémorial
immémoriaux	mp	immémorial
immérité	ms	immérité
imméritée	fs	immérité
imméritées	fp	immérité
immérités	mp	immérité
impair	ms	impair
impaire	fs	impair
impaires	fp	impair
impairs	mp	impair
impaludé	ms	impaludé
impaludée	fs	impaludé
impaludées	fp	impaludé
impaludés	mp	impaludé
imparfait	ms	imparfait
imparfaite	fs	imparfait
imparfaites	fp	imparfait
imparfaits	mp	imparfait
imparidigité	ms	imparidigité
imparidigitée	fs	imparidigité
imparidigitées	fp	imparidigité
imparidigités	mp	imparidigité
imparipenné	ms	imparipenné
imparipennée	fs	imparipenné
imparipennées	fp	imparipenné
imparipennés	mp	imparipenné
impartial	ms	impartial
impartiale	fs	impartial
impartiales	fp	impartial
impartiaux	mp	impartial
impatient	ms	impatient
impatientant	ms	impatientant
impatientante	fs	impatientant
impatientantes	fp	impatientant
impatientants	mp	impatientant
impatiente	fs	impatient
impatientes	fp	impatient
impatients	mp	impatient
impayé	ms	impayé
impayée	fs	impayé
impayées	fp	impayé
impayés	mp	impayé
impensé	ms	impensé
impensée	fs	impensé
impensées	fp	impensé
impensés	mp	impensé
imperfectif	ms	imperfectif
imperfectifs	mp	imperfectif
imperfective	fs	imperfectif
imperfectives	fp	imperfectif
imperméabilisant	ms	imperméabilisant
imperméabilisante	fs	imperméabilisant
imperméabilisantes	fp	imperméabilisant
imperméabilisants	mp	imperméabilisant
impersonnel	ms	impersonnel
impersonnelle	fs	impersonnel
impersonnelles	fp	impersonnel
impersonnels	mp	impersonnel
impertinent	ms	impertinent
impertinente	fs	impertinent
impertinentes	fp	impertinent
impertinents	mp	impertinent
implorant	ms	implorant
implorante	fs	implorant
implorantes	fp	implorant
implorants	mp	implorant
implosif	ms	implosif
implosifs	mp	implosif
implosive	fs	implosif
implosives	fp	implosif
implémenté	ms	implémenté
implémentée	fs	implémenté
implémentées	fp	implémenté
implémentés	mp	implémenté
impoli	ms	impoli
impolie	fs	impoli
impolies	fp	impoli
impolis	mp	impoli
important	ms	important
importante	fs	important
importantes	fp	important
importants	mp	important
importateur	ms	importateur
importateurs	mp	importateur
importatrice	fs	importateur
importatrices	fp	importateur
importun	ms	importun
importune	fs	importun
importunes	fp	importun
importuns	mp	importun
imposant	ms	imposant
imposante	fs	imposant
imposantes	fp	imposant
imposants	mp	imposant
impotent	ms	impotent
impotente	fs	impotent
impotentes	fp	impotent
impotents	mp	impotent
impressionnant	ms	impressionnant
impressionnante	fs	impressionnant
impressionnantes	fp	impressionnant
impressionnants	mp	impressionnant
imprimant	ms	imprimant
imprimante	fs	imprimant
imprimantes	fp	imprimant
imprimants	mp	imprimant
imprimé	ms	imprimé
imprimée	fs	imprimé
imprimées	fp	imprimé
imprimés	mp	imprimé
improductif	ms	improductif
improductifs	mp	improductif
improductive	fs	improductif
improductives	fp	improductif
impromptu	ms	impromptu
impromptue	fs	impromptu
impromptues	fp	impromptu
impromptus	mp	impromptu
improuvé	ms	improuvé
improuvée	fs	improuvé
improuvées	fp	improuvé
improuvés	mp	improuvé
imprudent	ms	imprudent
imprudente	fs	imprudent
imprudentes	fp	imprudent
imprudents	mp	imprudent
imprécise	fs	imprécis
imprécises	fp	imprécis
imprévoyant	ms	imprévoyant
imprévoyante	fs	imprévoyant
imprévoyantes	fp	imprévoyant
imprévoyants	mp	imprévoyant
imprévu	ms	imprévu
imprévue	fs	imprévu
imprévues	fp	imprévu
imprévus	mp	imprévu
impudent	ms	impudent
impudente	fs	impudent
impudentes	fp	impudent
impudents	mp	impudent
impuissant	ms	impuissant
impuissante	fs	impuissant
impuissantes	fp	impuissant
impuissants	mp	impuissant
impulsif	ms	impulsif
impulsifs	mp	impulsif
impulsive	fs	impulsif
impulsives	fp	impulsif
impuni	ms	impuni
impunie	fs	impuni
impunies	fp	impuni
impunis	mp	impuni
impur	ms	impur
impure	fs	impur
impures	fp	impur
impurs	mp	impur
impécunieuse	fs	impécunieux
impécunieuses	fp	impécunieux
impénitent	ms	impénitent
impénitente	fs	impénitent
impénitentes	fp	impénitent
impénitents	mp	impénitent
impératif	ms	impératif
impératifs	mp	impératif
impérative	fs	impératif
impératives	fp	impératif
impérial	ms	impérial
impériale	fs	impérial
impériales	fp	impérial
impériaux	mp	impérial
impérieuse	fs	impérieux
impérieuses	fp	impérieux
impétigineuse	fs	impétigineux
impétigineuses	fp	impétigineux
impétueuse	fs	impétueux
impétueuses	fp	impétueux
inabrité	ms	inabrité
inabritée	fs	inabrité
inabritées	fp	inabrité
inabrités	mp	inabrité
inaccentué	ms	inaccentué
inaccentuée	fs	inaccentué
inaccentuées	fp	inaccentué
inaccentués	mp	inaccentué
inaccompli	ms	inaccompli
inaccomplie	fs	inaccompli
inaccomplies	fp	inaccompli
inaccomplis	mp	inaccompli
inaccoutumé	ms	inaccoutumé
inaccoutumée	fs	inaccoutumé
inaccoutumées	fp	inaccoutumé
inaccoutumés	mp	inaccoutumé
inachevé	ms	inachevé
inachevée	fs	inachevé
inachevées	fp	inachevé
inachevés	mp	inachevé
inactif	ms	inactif
inactifs	mp	inactif
inactive	fs	inactif
inactives	fp	inactif
inactivé	ms	inactivé
inactivée	fs	inactivé
inactivées	fp	inactivé
inactivés	mp	inactivé
inactuel	ms	inactuel
inactuelle	fs	inactuel
inactuelles	fp	inactuel
inactuels	mp	inactuel
inadapté	ms	inadapté
inadaptée	fs	inadapté
inadaptées	fp	inadapté
inadaptés	mp	inadapté
inadéquat	ms	inadéquat
inadéquate	fs	inadéquat
inadéquates	fp	inadéquat
inadéquats	mp	inadéquat
inaffectif	ms	inaffectif
inaffectifs	mp	inaffectif
inaffective	fs	inaffectif
inaffectives	fp	inaffectif
inaltéré	ms	inaltéré
inaltérée	fs	inaltéré
inaltérées	fp	inaltéré
inaltérés	mp	inaltéré
inamical	ms	inamical
inamicale	fs	inamical
inamicales	fp	inamical
inamicaux	mp	inamical
inanimé	ms	inanimé
inanimée	fs	inanimé
inanimées	fp	inanimé
inanimés	mp	inanimé
inanitié	ms	inanitié
inanitiée	fs	inanitié
inanitiées	fp	inanitié
inanitiés	mp	inanitié
inapaisé	ms	inapaisé
inapaisée	fs	inapaisé
inapaisées	fp	inapaisé
inapaisés	mp	inapaisé
inaperçu	ms	inaperçu
inaperçue	fs	inaperçu
inaperçues	fp	inaperçu
inaperçus	mp	inaperçu
inappliqué	ms	inappliqué
inappliquée	fs	inappliqué
inappliquées	fp	inappliqué
inappliqués	mp	inappliqué
inapprivoisé	ms	inapprivoisé
inapprivoisée	fs	inapprivoisé
inapprivoisées	fp	inapprivoisé
inapprivoisés	mp	inapprivoisé
inapprécié	ms	inapprécié
inappréciée	fs	inapprécié
inappréciées	fp	inapprécié
inappréciés	mp	inapprécié
inarticulé	ms	inarticulé
inarticulée	fs	inarticulé
inarticulées	fp	inarticulé
inarticulés	mp	inarticulé
inassouvi	ms	inassouvi
inassouvie	fs	inassouvi
inassouvies	fp	inassouvi
inassouvis	mp	inassouvi
inattendu	ms	inattendu
inattendue	fs	inattendu
inattendues	fp	inattendu
inattendus	mp	inattendu
inattentif	ms	inattentif
inattentifs	mp	inattentif
inattentive	fs	inattentif
inattentives	fp	inattentif
inaugural	ms	inaugural
inaugurale	fs	inaugural
inaugurales	fp	inaugural
inauguraux	mp	inaugural
inavoué	ms	inavoué
inavouée	fs	inavoué
inavouées	fp	inavoué
inavoués	mp	inavoué
incandescent	ms	incandescent
incandescente	fs	incandescent
incandescentes	fp	incandescent
incandescents	mp	incandescent
incapacitant	ms	incapacitant
incapacitante	fs	incapacitant
incapacitantes	fp	incapacitant
incapacitants	mp	incapacitant
incarnadin	ms	incarnadin
incarnadine	fs	incarnadin
incarnadines	fp	incarnadin
incarnadins	mp	incarnadin
incarnat	ms	incarnat
incarnate	fs	incarnat
incarnates	fp	incarnat
incarnats	mp	incarnat
incarné	ms	incarné
incarnée	fs	incarné
incarnées	fp	incarné
incarnés	mp	incarné
incendié	ms	incendié
incendiée	fs	incendié
incendiées	fp	incendié
incendiés	mp	incendié
incertain	ms	incertain
incertaine	fs	incertain
incertaines	fp	incertain
incertains	mp	incertain
incessant	ms	incessant
incessante	fs	incessant
incessantes	fp	incessant
incessants	mp	incessant
incestueuse	fs	incestueux
incestueuses	fp	incestueux
inchangé	ms	inchangé
inchangée	fs	inchangé
inchangées	fp	inchangé
inchangés	mp	inchangé
inchoatif	ms	inchoatif
inchoatifs	mp	inchoatif
inchoative	fs	inchoatif
inchoatives	fp	inchoatif
incident	ms	incident
incidente	fs	incident
incidentes	fp	incident
incidents	mp	incident
incise	fs	incis
incises	fp	incis
incisif	ms	incisif
incisifs	mp	incisif
incisive	fs	incisif
incisives	fp	incisif
incisé	ms	incisé
incisée	fs	incisé
incisées	fp	incisé
incisés	mp	incisé
incitant	ms	incitant
incitante	fs	incitant
incitantes	fp	incitant
incitants	mp	incitant
incitatif	ms	incitatif
incitatifs	mp	incitatif
incitative	fs	incitatif
incitatives	fp	incitatif
incivil	ms	incivil
incivile	fs	incivil
inciviles	fp	incivil
incivils	mp	incivil
inclinant	ms	inclinant
inclinante	fs	inclinant
inclinantes	fp	inclinant
inclinants	mp	inclinant
incliné	ms	incliné
inclinée	fs	incliné
inclinées	fp	incliné
inclinés	mp	incliné
incluse	fs	inclus
incluses	fp	inclus
inclusif	ms	inclusif
inclusifs	mp	inclusif
inclusive	fs	inclusif
inclusives	fp	inclusif
inclément	ms	inclément
inclémente	fs	inclément
inclémentes	fp	inclément
incléments	mp	inclément
incohérent	ms	incohérent
incohérente	fs	incohérent
incohérentes	fp	incohérent
incohérents	mp	incohérent
incombant	ms	incombant
incombante	fs	incombant
incombantes	fp	incombant
incombants	mp	incombant
incommodant	ms	incommodant
incommodante	fs	incommodant
incommodantes	fp	incommodant
incommodants	mp	incommodant
incommodé	ms	incommodé
incommodée	fs	incommodé
incommodées	fp	incommodé
incommodés	mp	incommodé
incomplet	ms	incomplet
incomplets	mp	incomplet
incomplète	fs	incomplet
incomplètes	fp	incomplet
incomprise	fs	incompris
incomprises	fp	incompris
incompréhensif	ms	incompréhensif
incompréhensifs	mp	incompréhensif
incompréhensive	fs	incompréhensif
incompréhensives	fp	incompréhensif
incompétent	ms	incompétent
incompétente	fs	incompétent
incompétentes	fp	incompétent
incompétents	mp	incompétent
inconditionnel	ms	inconditionnel
inconditionnelle	fs	inconditionnel
inconditionnelles	fp	inconditionnel
inconditionnels	mp	inconditionnel
inconditionné	ms	inconditionné
inconditionnée	fs	inconditionné
inconditionnées	fp	inconditionné
inconditionnés	mp	inconditionné
incongru	ms	incongru
incongrue	fs	incongru
incongrues	fp	incongru
incongrus	mp	incongru
inconnu	ms	inconnu
inconnue	fs	inconnu
inconnues	fp	inconnu
inconnus	mp	inconnu
inconscient	ms	inconscient
inconsciente	fs	inconscient
inconscientes	fp	inconscient
inconscients	mp	inconscient
inconsidéré	ms	inconsidéré
inconsidérée	fs	inconsidéré
inconsidérées	fp	inconsidéré
inconsidérés	mp	inconsidéré
inconsistant	ms	inconsistant
inconsistante	fs	inconsistant
inconsistantes	fp	inconsistant
inconsistants	mp	inconsistant
inconsolé	ms	inconsolé
inconsolée	fs	inconsolé
inconsolées	fp	inconsolé
inconsolés	mp	inconsolé
inconstant	ms	inconstant
inconstante	fs	inconstant
inconstantes	fp	inconstant
inconstants	mp	inconstant
inconstitutionnel	ms	inconstitutionnel
inconstitutionnelle	fs	inconstitutionnel
inconstitutionnelles	fp	inconstitutionnel
inconstitutionnels	mp	inconstitutionnel
inconséquent	ms	inconséquent
inconséquente	fs	inconséquent
inconséquentes	fp	inconséquent
inconséquents	mp	inconséquent
incontesté	ms	incontesté
incontestée	fs	incontesté
incontestées	fp	incontesté
incontestés	mp	incontesté
incontinent	ms	incontinent
incontinente	fs	incontinent
incontinentes	fp	incontinent
incontinents	mp	incontinent
incontrôlé	ms	incontrôlé
incontrôlée	fs	incontrôlé
incontrôlées	fp	incontrôlé
incontrôlés	mp	incontrôlé
inconvenant	ms	inconvenant
inconvenante	fs	inconvenant
inconvenantes	fp	inconvenant
inconvenants	mp	inconvenant
incorporant	ms	incorporant
incorporante	fs	incorporant
incorporantes	fp	incorporant
incorporants	mp	incorporant
incorporel	ms	incorporel
incorporelle	fs	incorporel
incorporelles	fp	incorporel
incorporels	mp	incorporel
incorporé	ms	incorporé
incorporée	fs	incorporé
incorporées	fp	incorporé
incorporés	mp	incorporé
incorrect	ms	incorrect
incorrecte	fs	incorrect
incorrectes	fp	incorrect
incorrects	mp	incorrect
incriminant	ms	incriminant
incriminante	fs	incriminant
incriminantes	fp	incriminant
incriminants	mp	incriminant
incriminateur	ms	incriminateur
incriminateurs	mp	incriminateur
incriminatrice	fs	incriminateur
incriminatrices	fp	incriminateur
incriminé	ms	incriminé
incriminée	fs	incriminé
incriminées	fp	incriminé
incriminés	mp	incriminé
incroyant	ms	incroyant
incroyante	fs	incroyant
incroyantes	fp	incroyant
incroyants	mp	incroyant
incrustant	ms	incrustant
incrustante	fs	incrustant
incrustantes	fp	incrustant
incrustants	mp	incrustant
incrusté	ms	incrusté
incrustée	fs	incrusté
incrustées	fp	incrusté
incrustés	mp	incrusté
incréé	ms	incréé
incréée	fs	incréé
incréées	fp	incréé
incréés	mp	incréé
incubant	ms	incubant
incubante	fs	incubant
incubantes	fp	incubant
incubants	mp	incubant
incubateur	ms	incubateur
incubateurs	mp	incubateur
incubatrice	fs	incubateur
incubatrices	fp	incubateur
inculpé	ms	inculpé
inculpée	fs	inculpé
inculpées	fp	inculpé
inculpés	mp	inculpé
incultivé	ms	incultivé
incultivée	fs	incultivé
incultivées	fp	incultivé
incultivés	mp	incultivé
incurieuse	fs	incurieux
incurieuses	fp	incurieux
incurvé	ms	incurvé
incurvée	fs	incurvé
incurvées	fp	incurvé
incurvés	mp	incurvé
incuse	fs	incus
incuses	fp	incus
indenté	ms	indenté
indentée	fs	indenté
indentées	fp	indenté
indentés	mp	indenté
indicateur	ms	indicateur
indicateurs	mp	indicateur
indicatif	ms	indicatif
indicatifs	mp	indicatif
indicative	fs	indicatif
indicatives	fp	indicatif
indicatrice	fs	indicateur
indicatrices	fp	indicateur
indiciel	ms	indiciel
indicielle	fs	indiciel
indicielles	fp	indiciel
indiciels	mp	indiciel
indien	ms	indien
indienne	fs	indien
indiennes	fp	indien
indiens	mp	indien
indifférencié	ms	indifférencié
indifférenciée	fs	indifférencié
indifférenciées	fp	indifférencié
indifférenciés	mp	indifférencié
indifférent	ms	indifférent
indifférente	fs	indifférent
indifférentes	fp	indifférent
indifférents	mp	indifférent
indigent	ms	indigent
indigente	fs	indigent
indigentes	fp	indigent
indigents	mp	indigent
indigné	ms	indigné
indignée	fs	indigné
indignées	fp	indigné
indignés	mp	indigné
indigotier	ms	indigotier
indigotiers	mp	indigotier
indigotière	fs	indigotier
indigotières	fp	indigotier
indiqué	ms	indiqué
indiquée	fs	indiqué
indiquées	fp	indiqué
indiqués	mp	indiqué
indirect	ms	indirect
indirecte	fs	indirect
indirectes	fp	indirect
indirects	mp	indirect
indiscipliné	ms	indiscipliné
indisciplinée	fs	indiscipliné
indisciplinées	fp	indiscipliné
indisciplinés	mp	indiscipliné
indiscret	ms	indiscret
indiscrets	mp	indiscret
indiscriminé	ms	indiscriminé
indiscriminée	fs	indiscriminé
indiscriminées	fp	indiscriminé
indiscriminés	mp	indiscriminé
indiscrète	fs	indiscret
indiscrètes	fp	indiscret
indiscuté	ms	indiscuté
indiscutée	fs	indiscuté
indiscutées	fp	indiscuté
indiscutés	mp	indiscuté
indisposé	ms	indisposé
indisposée	fs	indisposé
indisposées	fp	indisposé
indisposés	mp	indisposé
indistinct	ms	indistinct
indistincte	fs	indistinct
indistinctes	fp	indistinct
indistincts	mp	indistinct
individualisé	ms	individualisé
individualisée	fs	individualisé
individualisées	fp	individualisé
individualisés	mp	individualisé
individuel	ms	individuel
individuelle	fs	individuel
individuelles	fp	individuel
individuels	mp	individuel
indivise	fs	indivis
indivises	fp	indivis
indo-européen	ms	indo-européen
indo-européenne	fs	indo-européen
indo-européennes	fp	indo-européen
indo-européens	mp	indo-européen
indochinoise	fs	indochinois
indochinoises	fp	indochinois
indolent	ms	indolent
indolente	fs	indolent
indolentes	fp	indolent
indolents	mp	indolent
indompté	ms	indompté
indomptée	fs	indompté
indomptées	fp	indompté
indomptés	mp	indompté
indonésien	ms	indonésien
indonésienne	fs	indonésien
indonésiennes	fp	indonésien
indonésiens	mp	indonésien
indu	ms	indu
inducteur	ms	inducteur
inducteurs	mp	inducteur
inductif	ms	inductif
inductifs	mp	inductif
inductive	fs	inductif
inductives	fp	inductif
inductrice	fs	inducteur
inductrices	fp	inducteur
indue	fs	indu
indues	fp	indu
indulgent	ms	indulgent
indulgente	fs	indulgent
indulgentes	fp	indulgent
indulgents	mp	indulgent
indumenté	ms	indumenté
indumentée	fs	indumenté
indumentées	fp	indumenté
indumentés	mp	indumenté
induré	ms	induré
indurée	fs	induré
indurées	fp	induré
indurés	mp	induré
indus	mp	indu
industrialisant	ms	industrialisant
industrialisante	fs	industrialisant
industrialisantes	fp	industrialisant
industrialisants	mp	industrialisant
industriel	ms	industriel
industrielle	fs	industriel
industrielles	fp	industriel
industriels	mp	industriel
industrieuse	fs	industrieux
industrieuses	fp	industrieux
indécemment	ms	indécemment
indécemmente	fs	indécemment
indécemmentes	fp	indécemment
indécemments	mp	indécemment
indécent	ms	indécent
indécente	fs	indécent
indécentes	fp	indécent
indécents	mp	indécent
indécise	fs	indécis
indécises	fp	indécis
indéfini	ms	indéfini
indéfinie	fs	indéfini
indéfinies	fp	indéfini
indéfinis	mp	indéfini
indéhiscent	ms	indéhiscent
indéhiscente	fs	indéhiscent
indéhiscentes	fp	indéhiscent
indéhiscents	mp	indéhiscent
indélibéré	ms	indélibéré
indélibérée	fs	indélibéré
indélibérées	fp	indélibéré
indélibérés	mp	indélibéré
indélicat	ms	indélicat
indélicate	fs	indélicat
indélicates	fp	indélicat
indélicats	mp	indélicat
indépendant	ms	indépendant
indépendante	fs	indépendant
indépendantes	fp	indépendant
indépendants	mp	indépendant
indéterminé	ms	indéterminé
indéterminée	fs	indéterminé
indéterminées	fp	indéterminé
indéterminés	mp	indéterminé
inemployé	ms	inemployé
inemployée	fs	inemployé
inemployées	fp	inemployé
inemployés	mp	inemployé
inentamé	ms	inentamé
inentamée	fs	inentamé
inentamées	fp	inentamé
inentamés	mp	inentamé
inertiel	ms	inertiel
inertielle	fs	inertiel
inertielles	fp	inertiel
inertiels	mp	inertiel
inespéré	ms	inespéré
inespérée	fs	inespéré
inespérées	fp	inespéré
inespérés	mp	inespéré
inexact	ms	inexact
inexacte	fs	inexact
inexactes	fp	inexact
inexacts	mp	inexact
inexercé	ms	inexercé
inexercée	fs	inexercé
inexercées	fp	inexercé
inexercés	mp	inexercé
inexistant	ms	inexistant
inexistante	fs	inexistant
inexistantes	fp	inexistant
inexistants	mp	inexistant
inexpert	ms	inexpert
inexperte	fs	inexpert
inexpertes	fp	inexpert
inexperts	mp	inexpert
inexpié	ms	inexpié
inexpiée	fs	inexpié
inexpiées	fp	inexpié
inexpiés	mp	inexpié
inexpliqué	ms	inexpliqué
inexpliquée	fs	inexpliqué
inexpliquées	fp	inexpliqué
inexpliqués	mp	inexpliqué
inexploité	ms	inexploité
inexploitée	fs	inexploité
inexploitées	fp	inexploité
inexploités	mp	inexploité
inexploré	ms	inexploré
inexplorée	fs	inexploré
inexplorées	fp	inexploré
inexplorés	mp	inexploré
inexpressif	ms	inexpressif
inexpressifs	mp	inexpressif
inexpressive	fs	inexpressif
inexpressives	fp	inexpressif
inexprimé	ms	inexprimé
inexprimée	fs	inexprimé
inexprimées	fp	inexprimé
inexprimés	mp	inexprimé
inexpérimenté	ms	inexpérimenté
inexpérimentée	fs	inexpérimenté
inexpérimentées	fp	inexpérimenté
inexpérimentés	mp	inexpérimenté
inexécuté	ms	inexécuté
inexécutée	fs	inexécuté
inexécutées	fp	inexécuté
inexécutés	mp	inexécuté
infamant	ms	infamant
infamante	fs	infamant
infamantes	fp	infamant
infamants	mp	infamant
infantilisant	ms	infantilisant
infantilisante	fs	infantilisant
infantilisantes	fp	infantilisant
infantilisants	mp	infantilisant
infatué	ms	infatué
infatuée	fs	infatué
infatuées	fp	infatué
infatués	mp	infatué
infect	ms	infect
infectant	ms	infectant
infectante	fs	infectant
infectantes	fp	infectant
infectants	mp	infectant
infecte	fs	infect
infectes	fp	infect
infectieuse	fs	infectieux
infectieuses	fp	infectieux
infects	mp	infect
infecté	ms	infecté
infectée	fs	infecté
infectées	fp	infecté
infectés	mp	infecté
infernal	ms	infernal
infernale	fs	infernal
infernales	fp	infernal
infernaux	mp	infernal
infestant	ms	infestant
infestante	fs	infestant
infestantes	fp	infestant
infestants	mp	infestant
infesté	ms	infesté
infestée	fs	infesté
infestées	fp	infesté
infestés	mp	infesté
infini	ms	infini
infinie	fs	infini
infinies	fp	infini
infinis	mp	infini
infinitif	ms	infinitif
infinitifs	mp	infinitif
infinitive	fs	infinitif
infinitives	fp	infinitif
infinitésimal	ms	infinitésimal
infinitésimale	fs	infinitésimal
infinitésimales	fp	infinitésimal
infinitésimaux	mp	infinitésimal
infirmatif	ms	infirmatif
infirmatifs	mp	infirmatif
infirmative	fs	infirmatif
infirmatives	fp	infirmatif
infirmier	ms	infirmier
infirmiers	mp	infirmier
infirmière	fs	infirmier
infirmières	fp	infirmier
inflexionnel	ms	inflexionnel
inflexionnelle	fs	inflexionnel
inflexionnelles	fp	inflexionnel
inflexionnels	mp	inflexionnel
inflorescentiel	ms	inflorescentiel
inflorescentielle	fs	inflorescentiel
inflorescentielles	fp	inflorescentiel
inflorescentiels	mp	inflorescentiel
influent	ms	influent
influente	fs	influent
influentes	fp	influent
influents	mp	influent
infléchi	ms	infléchi
infléchie	fs	infléchi
infléchies	fp	infléchi
infléchis	mp	infléchi
infondé	ms	infondé
infondée	fs	infondé
infondées	fp	infondé
infondés	mp	infondé
informant	ms	informant
informante	fs	informant
informantes	fp	informant
informants	mp	informant
informatif	ms	informatif
informatifs	mp	informatif
informationnel	ms	informationnel
informationnelle	fs	informationnel
informationnelles	fp	informationnel
informationnels	mp	informationnel
informative	fs	informatif
informatives	fp	informatif
informel	ms	informel
informelle	fs	informel
informelles	fp	informel
informels	mp	informel
informulé	ms	informulé
informulée	fs	informulé
informulées	fp	informulé
informulés	mp	informulé
infortuné	ms	infortuné
infortunée	fs	infortuné
infortunées	fp	infortuné
infortunés	mp	infortuné
infrastructurel	ms	infrastructurel
infrastructurelle	fs	infrastructurel
infrastructurelles	fp	infrastructurel
infrastructurels	mp	infrastructurel
infructueuse	fs	infructueux
infructueuses	fp	infructueux
infuse	fs	infus
infuses	fp	infus
infécond	ms	infécond
inféconde	fs	infécond
infécondes	fp	infécond
inféconds	mp	infécond
inféodé	ms	inféodé
inféodée	fs	inféodé
inféodées	fp	inféodé
inféodés	mp	inféodé
inférieur	ms	inférieur
inférieure	fs	inférieur
inférieures	fp	inférieur
inférieurs	mp	inférieur
inférovarié	ms	inférovarié
inférovariée	fs	inférovarié
inférovariées	fp	inférovarié
inférovariés	mp	inférovarié
ingrat	ms	ingrat
ingrate	fs	ingrat
ingrates	fp	ingrat
ingrats	mp	ingrat
inguinal	ms	inguinal
inguinale	fs	inguinal
inguinales	fp	inguinal
inguinaux	mp	inguinal
ingélif	ms	ingélif
ingélifs	mp	ingélif
ingélive	fs	ingélif
ingélives	fp	ingélif
ingénieuse	fs	ingénieux
ingénieuses	fp	ingénieux
ingénu	ms	ingénu
ingénue	fs	ingénu
ingénues	fp	ingénu
ingénus	mp	ingénu
inhabituel	ms	inhabituel
inhabituelle	fs	inhabituel
inhabituelles	fp	inhabituel
inhabituels	mp	inhabituel
inhabité	ms	inhabité
inhabitée	fs	inhabité
inhabitées	fp	inhabité
inhabités	mp	inhabité
inhalateur	ms	inhalateur
inhalateurs	mp	inhalateur
inhalatrice	fs	inhalateur
inhalatrices	fp	inhalateur
inharmonieuse	fs	inharmonieux
inharmonieuses	fp	inharmonieux
inhibant	ms	inhibant
inhibante	fs	inhibant
inhibantes	fp	inhibant
inhibants	mp	inhibant
inhibiteur	ms	inhibiteur
inhibiteurs	mp	inhibiteur
inhibitif	ms	inhibitif
inhibitifs	mp	inhibitif
inhibitive	fs	inhibitif
inhibitives	fp	inhibitif
inhibitrice	fs	inhibiteur
inhibitrices	fp	inhibiteur
inhibé	ms	inhibé
inhibée	fs	inhibé
inhibées	fp	inhibé
inhibés	mp	inhibé
inhospitalier	ms	inhospitalier
inhospitaliers	mp	inhospitalier
inhospitalière	fs	inhospitalier
inhospitalières	fp	inhospitalier
inhumain	ms	inhumain
inhumaine	fs	inhumain
inhumaines	fp	inhumain
inhumains	mp	inhumain
inhérent	ms	inhérent
inhérente	fs	inhérent
inhérentes	fp	inhérent
inhérents	mp	inhérent
inimité	ms	inimité
inimitée	fs	inimité
inimitées	fp	inimité
inimités	mp	inimité
inintelligent	ms	inintelligent
inintelligente	fs	inintelligent
inintelligentes	fp	inintelligent
inintelligents	mp	inintelligent
ininterrompu	ms	ininterrompu
ininterrompue	fs	ininterrompu
ininterrompues	fp	ininterrompu
ininterrompus	mp	ininterrompu
inintéressant	ms	inintéressant
inintéressante	fs	inintéressant
inintéressantes	fp	inintéressant
inintéressants	mp	inintéressant
initial	ms	initial
initiale	fs	initial
initiales	fp	initial
initiateur	ms	initiateur
initiateurs	mp	initiateur
initiatrice	fs	initiateur
initiatrices	fp	initiateur
initiaux	mp	initial
injecteur	ms	injecteur
injecteurs	mp	injecteur
injectif	ms	injectif
injectifs	mp	injectif
injective	fs	injectif
injectives	fp	injectif
injectrice	fs	injecteur
injectrices	fp	injecteur
injecté	ms	injecté
injectée	fs	injecté
injectées	fp	injecté
injectés	mp	injecté
injonctif	ms	injonctif
injonctifs	mp	injonctif
injonctive	fs	injonctif
injonctives	fp	injonctif
injurieuse	fs	injurieux
injurieuses	fp	injurieux
injustifié	ms	injustifié
injustifiée	fs	injustifié
injustifiées	fp	injustifié
injustifiés	mp	injustifié
innocent	ms	innocent
innocente	fs	innocent
innocentes	fp	innocent
innocents	mp	innocent
innominé	ms	innominé
innominée	fs	innominé
innominées	fp	innominé
innominés	mp	innominé
innommé	ms	innommé
innommée	fs	innommé
innommées	fp	innommé
innommés	mp	innommé
innomé	ms	innomé
innomée	fs	innomé
innomées	fp	innomé
innomés	mp	innomé
innovant	ms	innovant
innovante	fs	innovant
innovantes	fp	innovant
innovants	mp	innovant
innovateur	ms	innovateur
innovateurs	mp	innovateur
innovatrice	fs	innovateur
innovatrices	fp	innovateur
inné	ms	inné
innée	fs	inné
innées	fp	inné
innés	mp	inné
inobservé	ms	inobservé
inobservée	fs	inobservé
inobservées	fp	inobservé
inobservés	mp	inobservé
inoccupé	ms	inoccupé
inoccupée	fs	inoccupé
inoccupées	fp	inoccupé
inoccupés	mp	inoccupé
inoculant	ms	inoculant
inoculante	fs	inoculant
inoculantes	fp	inoculant
inoculants	mp	inoculant
inoffensif	ms	inoffensif
inoffensifs	mp	inoffensif
inoffensive	fs	inoffensif
inoffensives	fp	inoffensif
inondé	ms	inondé
inondée	fs	inondé
inondées	fp	inondé
inondés	mp	inondé
inopiné	ms	inopiné
inopinée	fs	inopiné
inopinées	fp	inopiné
inopinés	mp	inopiné
inopportun	ms	inopportun
inopportune	fs	inopportun
inopportunes	fp	inopportun
inopportuns	mp	inopportun
inopérant	ms	inopérant
inopérante	fs	inopérant
inopérantes	fp	inopérant
inopérants	mp	inopérant
inorganisé	ms	inorganisé
inorganisée	fs	inorganisé
inorganisées	fp	inorganisé
inorganisés	mp	inorganisé
inouï	ms	inouï
inouïe	fs	inouï
inouïes	fp	inouï
inouïs	mp	inouï
inquiet	ms	inquiet
inquiets	mp	inquiet
inquisiteur	ms	inquisiteur
inquisiteurs	mp	inquisiteur
inquisitorial	ms	inquisitorial
inquisitoriale	fs	inquisitorial
inquisitoriales	fp	inquisitorial
inquisitoriaux	mp	inquisitorial
inquisitrice	fs	inquisiteur
inquisitrices	fp	inquisiteur
inquiète	fs	inquiet
inquiètes	fp	inquiet
inquiétant	ms	inquiétant
inquiétante	fs	inquiétant
inquiétantes	fp	inquiétant
inquiétants	mp	inquiétant
insatisfaisant	ms	insatisfaisant
insatisfaisante	fs	insatisfaisant
insatisfaisantes	fp	insatisfaisant
insatisfaisants	mp	insatisfaisant
insatisfait	ms	insatisfait
insatisfaite	fs	insatisfait
insatisfaites	fp	insatisfait
insatisfaits	mp	insatisfait
inscripteur	ms	inscripteur
inscripteurs	mp	inscripteur
inscriptrice	fs	inscripteur
inscriptrices	fp	inscripteur
inscrit	ms	inscrit
inscrite	fs	inscrit
inscrites	fp	inscrit
inscrits	mp	inscrit
insensé	ms	insensé
insensée	fs	insensé
insensées	fp	insensé
insensés	mp	insensé
insermenté	ms	insermenté
insermentée	fs	insermenté
insermentées	fp	insermenté
insermentés	mp	insermenté
insidieuse	fs	insidieux
insidieuses	fp	insidieux
insignifiant	ms	insignifiant
insignifiante	fs	insignifiant
insignifiantes	fp	insignifiant
insignifiants	mp	insignifiant
insinuant	ms	insinuant
insinuante	fs	insinuant
insinuantes	fp	insinuant
insinuants	mp	insinuant
insistant	ms	insistant
insistante	fs	insistant
insistantes	fp	insistant
insistants	mp	insistant
insolent	ms	insolent
insolente	fs	insolent
insolentes	fp	insolent
insolents	mp	insolent
insomnieuse	fs	insomnieux
insomnieuses	fp	insomnieux
insouciant	ms	insouciant
insouciante	fs	insouciant
insouciantes	fp	insouciant
insouciants	mp	insouciant
insoucieuse	fs	insoucieux
insoucieuses	fp	insoucieux
insoumise	fs	insoumis
insoumises	fp	insoumis
insoupçonné	ms	insoupçonné
insoupçonnée	fs	insoupçonné
insoupçonnées	fp	insoupçonné
insoupçonnés	mp	insoupçonné
inspirant	ms	inspirant
inspirante	fs	inspirant
inspirantes	fp	inspirant
inspirants	mp	inspirant
inspiré	ms	inspiré
inspirée	fs	inspiré
inspirées	fp	inspiré
inspirés	mp	inspiré
installé	ms	installé
installée	fs	installé
installées	fp	installé
installés	mp	installé
instant	ms	instant
instantané	ms	instantané
instantanée	fs	instantané
instantanées	fp	instantané
instantanés	mp	instantané
instante	fs	instant
instantes	fp	instant
instants	mp	instant
instinctif	ms	instinctif
instinctifs	mp	instinctif
instinctive	fs	instinctif
instinctives	fp	instinctif
instinctuel	ms	instinctuel
instinctuelle	fs	instinctuel
instinctuelles	fp	instinctuel
instinctuels	mp	instinctuel
institutionnel	ms	institutionnel
institutionnelle	fs	institutionnel
institutionnelles	fp	institutionnel
institutionnels	mp	institutionnel
instructeur	ms	instructeur
instructeurs	mp	instructeur
instructif	ms	instructif
instructifs	mp	instructif
instructive	fs	instructif
instructives	fp	instructif
instructrice	fs	instructeur
instructrices	fp	instructeur
instruit	ms	instruit
instruite	fs	instruit
instruites	fp	instruit
instruits	mp	instruit
instrumental	ms	instrumental
instrumentale	fs	instrumental
instrumentales	fp	instrumental
instrumentaux	mp	instrumental
insubordonné	ms	insubordonné
insubordonnée	fs	insubordonné
insubordonnées	fp	insubordonné
insubordonnés	mp	insubordonné
insuffisant	ms	insuffisant
insuffisante	fs	insuffisant
insuffisantes	fp	insuffisant
insuffisants	mp	insuffisant
insultant	ms	insultant
insultante	fs	insultant
insultantes	fp	insultant
insultants	mp	insultant
insulteur	ms	insulteur
insulteurs	mp	insulteur
insulteuse	fs	insulteur
insulteuses	fp	insulteur
insurgé	ms	insurgé
insurgée	fs	insurgé
insurgées	fp	insurgé
insurgés	mp	insurgé
insurrectionnel	ms	insurrectionnel
insurrectionnelle	fs	insurrectionnel
insurrectionnelles	fp	insurrectionnel
insurrectionnels	mp	insurrectionnel
intact	ms	intact
intacte	fs	intact
intactes	fp	intact
intacts	mp	intact
intellectuel	ms	intellectuel
intellectuelle	fs	intellectuel
intellectuelles	fp	intellectuel
intellectuels	mp	intellectuel
intelligent	ms	intelligent
intelligente	fs	intelligent
intelligentes	fp	intelligent
intelligents	mp	intelligent
intempestif	ms	intempestif
intempestifs	mp	intempestif
intempestive	fs	intempestif
intempestives	fp	intempestif
intemporel	ms	intemporel
intemporelle	fs	intemporel
intemporelles	fp	intemporel
intemporels	mp	intemporel
intempérant	ms	intempérant
intempérante	fs	intempérant
intempérantes	fp	intempérant
intempérants	mp	intempérant
intensif	ms	intensif
intensifs	mp	intensif
intensive	fs	intensif
intensives	fp	intensif
intentionnel	ms	intentionnel
intentionnelle	fs	intentionnel
intentionnelles	fp	intentionnel
intentionnels	mp	intentionnel
intentionné	ms	intentionné
intentionnée	fs	intentionné
intentionnées	fp	intentionné
intentionnés	mp	intentionné
interactif	ms	interactif
interactifs	mp	interactif
interactive	fs	interactif
interactives	fp	interactif
interafricain	ms	interafricain
interafricaine	fs	interafricain
interafricaines	fp	interafricain
interafricains	mp	interafricain
interallié	ms	interallié
interalliée	fs	interallié
interalliées	fp	interallié
interalliés	mp	interallié
interaméricain	ms	interaméricain
interaméricaine	fs	interaméricain
interaméricaines	fp	interaméricain
interaméricains	mp	interaméricain
interastral	ms	interastral
interastrale	fs	interastral
interastrales	fp	interastral
interastraux	mp	interastral
intercepteur	ms	intercepteur
intercepteurs	mp	intercepteur
interceptrice	fs	intercepteur
interceptrices	fp	intercepteur
intercepté	ms	intercepté
interceptée	fs	intercepté
interceptées	fp	intercepté
interceptés	mp	intercepté
intercommunal	ms	intercommunal
intercommunale	fs	intercommunal
intercommunales	fp	intercommunal
intercommunaux	mp	intercommunal
intercontinental	ms	intercontinental
intercontinentale	fs	intercontinental
intercontinentales	fp	intercontinental
intercontinentaux	mp	intercontinental
intercostal	ms	intercostal
intercostale	fs	intercostal
intercostales	fp	intercostal
intercostaux	mp	intercostal
intercotidal	ms	intercotidal
intercotidale	fs	intercotidal
intercotidales	fp	intercotidal
intercotidaux	mp	intercotidal
interculturel	ms	interculturel
interculturelle	fs	interculturel
interculturelles	fp	interculturel
interculturels	mp	interculturel
intercurrent	ms	intercurrent
intercurrente	fs	intercurrent
intercurrentes	fp	intercurrent
intercurrents	mp	intercurrent
interdigital	ms	interdigital
interdigitale	fs	interdigital
interdigitales	fp	interdigital
interdigitaux	mp	interdigital
interdépartemental	ms	interdépartemental
interdépartementale	fs	interdépartemental
interdépartementales	fp	interdépartemental
interdépartementaux	mp	interdépartemental
interdépendant	ms	interdépendant
interdépendante	fs	interdépendant
interdépendantes	fp	interdépendant
interdépendants	mp	interdépendant
intergouvernemental	ms	intergouvernemental
intergouvernementale	fs	intergouvernemental
intergouvernementales	fp	intergouvernemental
intergouvernementaux	mp	intergouvernemental
interindividuel	ms	interindividuel
interindividuelle	fs	interindividuel
interindividuelles	fp	interindividuel
interindividuels	mp	interindividuel
interjectif	ms	interjectif
interjectifs	mp	interjectif
interjective	fs	interjectif
interjectives	fp	interjectif
interloqué	ms	interloqué
interloquée	fs	interloqué
interloquées	fp	interloqué
interloqués	mp	interloqué
interministériel	ms	interministériel
interministérielle	fs	interministériel
interministérielles	fp	interministériel
interministériels	mp	interministériel
intermittent	ms	intermittent
intermittente	fs	intermittent
intermittentes	fp	intermittent
intermittents	mp	intermittent
internalisateur	ms	internalisateur
internalisateurs	mp	internalisateur
internalisatrice	fs	internalisateur
internalisatrices	fp	internalisateur
international	ms	international
internationale	fs	international
internationales	fp	international
internationaux	mp	international
interné	ms	interné
internée	fs	interné
internées	fp	interné
internés	mp	interné
interosseuse	fs	interosseux
interosseuses	fp	interosseux
interpariétal	ms	interpariétal
interpariétale	fs	interpariétal
interpariétales	fp	interpariétal
interpariétaux	mp	interpariétal
interpersonnel	ms	interpersonnel
interpersonnelle	fs	interpersonnel
interpersonnelles	fp	interpersonnel
interpersonnels	mp	interpersonnel
interposé	ms	interposé
interposée	fs	interposé
interposées	fp	interposé
interposés	mp	interposé
interprofessionnel	ms	interprofessionnel
interprofessionnelle	fs	interprofessionnel
interprofessionnelles	fp	interprofessionnel
interprofessionnels	mp	interprofessionnel
interprétant	ms	interprétant
interprétante	fs	interprétant
interprétantes	fp	interprétant
interprétants	mp	interprétant
interprétatif	ms	interprétatif
interprétatifs	mp	interprétatif
interprétative	fs	interprétatif
interprétatives	fp	interprétatif
interreligieuse	fs	interreligieux
interreligieuses	fp	interreligieux
interrogateur	ms	interrogateur
interrogateurs	mp	interrogateur
interrogatif	ms	interrogatif
interrogatifs	mp	interrogatif
interrogative	fs	interrogatif
interrogatives	fp	interrogatif
interrogatrice	fs	interrogateur
interrogatrices	fp	interrogateur
interrupteur	ms	interrupteur
interrupteurs	mp	interrupteur
interruptif	ms	interruptif
interruptifs	mp	interruptif
interruptive	fs	interruptif
interruptives	fp	interruptif
interruptrice	fs	interrupteur
interruptrices	fp	interrupteur
interrégional	ms	interrégional
interrégionale	fs	interrégional
interrégionales	fp	interrégional
interrégionals	mp	interrégional
intersectoriel	ms	intersectoriel
intersectorielle	fs	intersectoriel
intersectorielles	fp	intersectoriel
intersectoriels	mp	intersectoriel
intersecté	ms	intersecté
intersectée	fs	intersecté
intersectées	fp	intersecté
intersectés	mp	intersecté
intersexuel	ms	intersexuel
intersexuelle	fs	intersexuel
intersexuelles	fp	intersexuel
intersexuels	mp	intersexuel
intersexué	ms	intersexué
intersexuée	fs	intersexué
intersexuées	fp	intersexué
intersexués	mp	intersexué
intersidéral	ms	intersidéral
intersidérale	fs	intersidéral
intersidérales	fp	intersidéral
intersidéraux	mp	intersidéral
intersyndical	ms	intersyndical
intersyndicale	fs	intersyndical
intersyndicales	fp	intersyndical
intersyndicaux	mp	intersyndical
intertropical	ms	intertropical
intertropicale	fs	intertropical
intertropicales	fp	intertropical
intertropicaux	mp	intertropical
interurbain	ms	interurbain
interurbaine	fs	interurbain
interurbaines	fp	interurbain
interurbains	mp	interurbain
intervenant	ms	intervenant
intervenante	fs	intervenant
intervenantes	fp	intervenant
intervenants	mp	intervenant
intervertébral	ms	intervertébral
intervertébrale	fs	intervertébral
intervertébrales	fp	intervertébral
intervertébraux	mp	intervertébral
interviewé	ms	interviewé
interviewée	fs	interviewé
interviewées	fp	interviewé
interviewés	mp	interviewé
interzonal	ms	interzonal
interzonale	fs	interzonal
interzonales	fp	interzonal
interzonaux	mp	interzonal
intestin	ms	intestin
intestinal	ms	intestinal
intestinale	fs	intestinal
intestinales	fp	intestinal
intestinaux	mp	intestinal
intestine	fs	intestin
intestines	fp	intestin
intestins	mp	intestin
intimidant	ms	intimidant
intimidante	fs	intimidant
intimidantes	fp	intimidant
intimidants	mp	intimidant
intimidateur	ms	intimidateur
intimidateurs	mp	intimidateur
intimidatrice	fs	intimidateur
intimidatrices	fp	intimidateur
intolérant	ms	intolérant
intolérante	fs	intolérant
intolérantes	fp	intolérant
intolérants	mp	intolérant
intoxicant	ms	intoxicant
intoxicante	fs	intoxicant
intoxicantes	fp	intoxicant
intoxicants	mp	intoxicant
intoxiqué	ms	intoxiqué
intoxiquée	fs	intoxiqué
intoxiquées	fp	intoxiqué
intoxiqués	mp	intoxiqué
intracrânien	ms	intracrânien
intracrânienne	fs	intracrânien
intracrâniennes	fp	intracrânien
intracrâniens	mp	intracrânien
intramontagnard	ms	intramontagnard
intramontagnarde	fs	intramontagnard
intramontagnardes	fp	intramontagnard
intramontagnards	mp	intramontagnard
intransigeant	ms	intransigeant
intransigeante	fs	intransigeant
intransigeantes	fp	intransigeant
intransigeants	mp	intransigeant
intransitif	ms	intransitif
intransitifs	mp	intransitif
intransitive	fs	intransitif
intransitives	fp	intransitif
intraveineuse	fs	intraveineux
intraveineuses	fp	intraveineux
intrigant	ms	intrigant
intrigante	fs	intrigant
intrigantes	fp	intrigant
intrigants	mp	intrigant
introductif	ms	introductif
introductifs	mp	introductif
introductive	fs	introductif
introductives	fp	introductif
introspectif	ms	introspectif
introspectifs	mp	introspectif
introspective	fs	introspectif
introspectives	fp	introspectif
introverti	ms	introverti
introvertie	fs	introverti
introverties	fp	introverti
introvertis	mp	introverti
intruse	fs	intrus
intruses	fp	intrus
intrusif	ms	intrusif
intrusifs	mp	intrusif
intrusive	fs	intrusif
intrusives	fp	intrusif
intuitif	ms	intuitif
intuitifs	mp	intuitif
intuitive	fs	intuitif
intuitives	fp	intuitif
intégral	ms	intégral
intégrale	fs	intégral
intégrales	fp	intégral
intégrant	ms	intégrant
intégrante	fs	intégrant
intégrantes	fp	intégrant
intégrants	mp	intégrant
intégrateur	ms	intégrateur
intégrateurs	mp	intégrateur
intégratrice	fs	intégrateur
intégratrices	fp	intégrateur
intégraux	mp	intégral
intégré	ms	intégré
intégrée	fs	intégré
intégrées	fp	intégré
intégrés	mp	intégré
intéressant	ms	intéressant
intéressante	fs	intéressant
intéressantes	fp	intéressant
intéressants	mp	intéressant
intérieur	ms	intérieur
intérieure	fs	intérieur
intérieures	fp	intérieur
intérieurs	mp	intérieur
intéroceptif	ms	intéroceptif
intéroceptifs	mp	intéroceptif
intéroceptive	fs	intéroceptif
intéroceptives	fp	intéroceptif
inusité	ms	inusité
inusitée	fs	inusité
inusitées	fp	inusité
inusités	mp	inusité
inusuel	ms	inusuel
inusuelle	fs	inusuel
inusuelles	fp	inusuel
inusuels	mp	inusuel
inutilisé	ms	inutilisé
inutilisée	fs	inutilisé
inutilisées	fp	inutilisé
inutilisés	mp	inutilisé
invaincu	ms	invaincu
invaincue	fs	invaincu
invaincues	fp	invaincu
invaincus	mp	invaincu
invalidant	ms	invalidant
invalidante	fs	invalidant
invalidantes	fp	invalidant
invalidants	mp	invalidant
invariant	ms	invariant
invariante	fs	invariant
invariantes	fp	invariant
invariants	mp	invariant
invasif	ms	invasif
invasifs	mp	invasif
invasive	fs	invasif
invasives	fp	invasif
invendu	ms	invendu
invendue	fs	invendu
invendues	fp	invendu
invendus	mp	invendu
inventeur	ms	inventeur
inventeurs	mp	inventeur
inventif	ms	inventif
inventifs	mp	inventif
inventive	fs	inventif
inventives	fp	inventif
inventrice	fs	inventeur
inventrices	fp	inventeur
inversif	ms	inversif
inversifs	mp	inversif
inversive	fs	inversif
inversives	fp	inversif
inverti	ms	inverti
invertie	fs	inverti
inverties	fp	inverti
invertis	mp	inverti
invertébré	ms	invertébré
invertébrée	fs	invertébré
invertébrées	fp	invertébré
invertébrés	mp	invertébré
investigateur	ms	investigateur
investigateurs	mp	investigateur
investigatrice	fs	investigateur
investigatrices	fp	investigateur
inviolé	ms	inviolé
inviolée	fs	inviolé
inviolées	fp	inviolé
inviolés	mp	inviolé
invitant	ms	invitant
invitante	fs	invitant
invitantes	fp	invitant
invitants	mp	invitant
invocateur	ms	invocateur
invocateurs	mp	invocateur
invocatrice	fs	invocateur
invocatrices	fp	invocateur
involucré	ms	involucré
involucrée	fs	involucré
involucrées	fp	involucré
involucrés	mp	involucré
involutif	ms	involutif
involutifs	mp	involutif
involutive	fs	involutif
involutives	fp	involutif
involuté	ms	involuté
involutée	fs	involuté
involutées	fp	involuté
involutés	mp	involuté
invétéré	ms	invétéré
invétérée	fs	invétéré
invétérées	fp	invétéré
invétérés	mp	invétéré
inécouté	ms	inécouté
inécoutée	fs	inécouté
inécoutées	fp	inécouté
inécoutés	mp	inécouté
inédit	ms	inédit
inédite	fs	inédit
inédites	fp	inédit
inédits	mp	inédit
inégal	ms	inégal
inégale	fs	inégal
inégales	fp	inégal
inégalé	ms	inégalé
inégalée	fs	inégalé
inégalées	fp	inégalé
inégalés	mp	inégalé
inégaux	mp	inégal
inélégant	ms	inélégant
inélégante	fs	inélégant
inélégantes	fp	inélégant
inélégants	mp	inélégant
inéprouvé	ms	inéprouvé
inéprouvée	fs	inéprouvé
inéprouvées	fp	inéprouvé
inéprouvés	mp	inéprouvé
inépuisé	ms	inépuisé
inépuisée	fs	inépuisé
inépuisées	fp	inépuisé
inépuisés	mp	inépuisé
inétendu	ms	inétendu
inétendue	fs	inétendu
inétendues	fp	inétendu
inétendus	mp	inétendu
iodeuse	fs	iodeux
iodeuses	fp	iodeux
ioduré	ms	ioduré
iodurée	fs	ioduré
iodurées	fp	ioduré
iodurés	mp	ioduré
iodé	ms	iodé
iodée	fs	iodé
iodées	fp	iodé
iodés	mp	iodé
ionien	ms	ionien
ionienne	fs	ionien
ioniennes	fp	ionien
ioniens	mp	ionien
ionisant	ms	ionisant
ionisante	fs	ionisant
ionisantes	fp	ionisant
ionisants	mp	ionisant
irakien	ms	irakien
irakienne	fs	irakien
irakiennes	fp	irakien
irakiens	mp	irakien
iranien	ms	iranien
iranienne	fs	iranien
iraniennes	fp	iranien
iraniens	mp	iranien
iraqien	ms	iraqien
iraqienne	fs	iraqien
iraqiennes	fp	iraqien
iraqiens	mp	iraqien
iraquien	ms	iraquien
iraquienne	fs	iraquien
iraquiennes	fp	iraquien
iraquiens	mp	iraquien
iridescent	ms	iridescent
iridescente	fs	iridescent
iridescentes	fp	iridescent
iridescents	mp	iridescent
iridien	ms	iridien
iridienne	fs	iridien
iridiennes	fp	iridien
iridiens	mp	iridien
iridié	ms	iridié
iridiée	fs	iridié
iridiées	fp	iridié
iridiés	mp	iridié
irisé	ms	irisé
irisée	fs	irisé
irisées	fp	irisé
irisés	mp	irisé
irlandaise	fs	irlandais
irlandaises	fp	irlandais
ironisant	ms	ironisant
ironisante	fs	ironisant
ironisantes	fp	ironisant
ironisants	mp	ironisant
iroquoise	fs	iroquois
iroquoises	fp	iroquois
irradiant	ms	irradiant
irradiante	fs	irradiant
irradiantes	fp	irradiant
irradiants	mp	irradiant
irraisonné	ms	irraisonné
irraisonnée	fs	irraisonné
irraisonnées	fp	irraisonné
irraisonnés	mp	irraisonné
irrationnel	ms	irrationnel
irrationnelle	fs	irrationnel
irrationnelles	fp	irrationnel
irrationnels	mp	irrationnel
irrespectueuse	fs	irrespectueux
irrespectueuses	fp	irrespectueux
irritant	ms	irritant
irritante	fs	irritant
irritantes	fp	irritant
irritants	mp	irritant
irritatif	ms	irritatif
irritatifs	mp	irritatif
irritative	fs	irritatif
irritatives	fp	irritatif
irrité	ms	irrité
irritée	fs	irrité
irritées	fp	irrité
irrités	mp	irrité
irréalisé	ms	irréalisé
irréalisée	fs	irréalisé
irréalisées	fp	irréalisé
irréalisés	mp	irréalisé
irréel	ms	irréel
irréelle	fs	irréel
irréelles	fp	irréel
irréels	mp	irréel
irréfléchi	ms	irréfléchi
irréfléchie	fs	irréfléchi
irréfléchies	fp	irréfléchi
irréfléchis	mp	irréfléchi
irréfuté	ms	irréfuté
irréfutée	fs	irréfuté
irréfutées	fp	irréfuté
irréfutés	mp	irréfuté
irrégulier	ms	irrégulier
irréguliers	mp	irrégulier
irrégulière	fs	irrégulier
irrégulières	fp	irrégulier
irréligieuse	fs	irréligieux
irréligieuses	fp	irréligieux
irrésolu	ms	irrésolu
irrésolue	fs	irrésolu
irrésolues	fp	irrésolu
irrésolus	mp	irrésolu
irrévélé	ms	irrévélé
irrévélée	fs	irrévélé
irrévélées	fp	irrévélé
irrévélés	mp	irrévélé
irrévérencieuse	fs	irrévérencieux
irrévérencieuses	fp	irrévérencieux
iseran	ms	iseran
iserane	fs	iseran
iseranes	fp	iseran
iserans	mp	iseran
islandaise	fs	islandais
islandaises	fp	islandais
ismaélien	ms	ismaélien
ismaélienne	fs	ismaélien
ismaéliennes	fp	ismaélien
ismaéliens	mp	ismaélien
ismaïlien	ms	ismaïlien
ismaïlienne	fs	ismaïlien
ismaïliennes	fp	ismaïlien
ismaïliens	mp	ismaïlien
isoclinal	ms	isoclinal
isoclinale	fs	isoclinal
isoclinales	fp	isoclinal
isoclinaux	mp	isoclinal
isolant	ms	isolant
isolante	fs	isolant
isolantes	fp	isolant
isolants	mp	isolant
isolateur	ms	isolateur
isolateurs	mp	isolateur
isolatrice	fs	isolateur
isolatrices	fp	isolateur
isolé	ms	isolé
isolée	fs	isolé
isolées	fp	isolé
isolés	mp	isolé
israélien	ms	israélien
israélienne	fs	israélien
israéliennes	fp	israélien
israéliens	mp	israélien
issant	ms	issant
issante	fs	issant
issantes	fp	issant
issants	mp	issant
issu	ms	issu
issue	fs	issu
issues	fp	issu
issus	mp	issu
iséroise	fs	isérois
iséroises	fp	isérois
italianisant	ms	italianisant
italianisante	fs	italianisant
italianisantes	fp	italianisant
italianisants	mp	italianisant
italien	ms	italien
italienne	fs	italien
italiennes	fp	italien
italiens	mp	italien
itinérant	ms	itinérant
itinérante	fs	itinérant
itinérantes	fp	itinérant
itinérants	mp	itinérant
itératif	ms	itératif
itératifs	mp	itératif
itérative	fs	itératif
itératives	fp	itératif
ivoirien	ms	ivoirien
ivoirienne	fs	ivoirien
ivoiriennes	fp	ivoirien
ivoiriens	mp	ivoirien
ivoirin	ms	ivoirin
ivoirine	fs	ivoirin
ivoirines	fp	ivoirin
ivoirins	mp	ivoirin
ivoiro-libérien	ms	ivoiro-libérien
ivoiro-libérienne	fs	ivoiro-libérien
ivoiro-libériennes	fp	ivoiro-libérien
ivoiro-libériens	mp	ivoiro-libérien
jacasseur	ms	jacasseur
jacasseurs	mp	jacasseur
jacasseuse	fs	jacasseur
jacasseuses	fp	jacasseur
jacent	ms	jacent
jacente	fs	jacent
jacentes	fp	jacent
jacents	mp	jacent
jacobin	ms	jacobin
jacobine	fs	jacobin
jacobines	fp	jacobin
jacobins	mp	jacobin
jaillissant	ms	jaillissant
jaillissante	fs	jaillissant
jaillissantes	fp	jaillissant
jaillissants	mp	jaillissant
jalonneur	ms	jalonneur
jalonneurs	mp	jalonneur
jalonneuse	fs	jalonneur
jalonneuses	fp	jalonneur
jalouse	fs	jaloux
jalouses	fp	jaloux
jamaïcain	ms	jamaïcain
jamaïcaine	fs	jamaïcain
jamaïcaines	fp	jamaïcain
jamaïcains	mp	jamaïcain
jamaïquain	ms	jamaïquain
jamaïquaine	fs	jamaïquain
jamaïquaines	fp	jamaïquain
jamaïquains	mp	jamaïquain
jambier	ms	jambier
jambiers	mp	jambier
jambière	fs	jambier
jambières	fp	jambier
jambé	ms	jambé
jambée	fs	jambé
jambées	fp	jambé
jambés	mp	jambé
japonaise	fs	japonais
japonaises	fp	japonais
japonisant	ms	japonisant
japonisante	fs	japonisant
japonisantes	fp	japonisant
japonisants	mp	japonisant
jappeur	ms	jappeur
jappeurs	mp	jappeur
jappeuse	fs	jappeur
jappeuses	fp	jappeur
jardineuse	fs	jardineux
jardineuses	fp	jardineux
jardinier	ms	jardinier
jardiniers	mp	jardinier
jardinière	fs	jardinier
jardinières	fp	jardinier
jarreté	ms	jarreté
jarretée	fs	jarreté
jarretées	fp	jarreté
jarretés	mp	jarreté
jaseur	ms	jaseur
jaseurs	mp	jaseur
jaseuse	fs	jaseur
jaseuses	fp	jaseur
jaspé	ms	jaspé
jaspée	fs	jaspé
jaspées	fp	jaspé
jaspés	mp	jaspé
jaunet	ms	jaunet
jaunets	mp	jaunet
jaunette	fs	jaunet
jaunettes	fp	jaunet
jauni	ms	jauni
jaunie	fs	jauni
jaunies	fp	jauni
jaunis	mp	jauni
jaunissant	ms	jaunissant
jaunissante	fs	jaunissant
jaunissantes	fp	jaunissant
jaunissants	mp	jaunissant
javanaise	fs	javanais
javanaises	fp	javanais
javeleur	ms	javeleur
javeleurs	mp	javeleur
javeleuse	fs	javeleur
javeleuses	fp	javeleur
javelé	ms	javelé
javelée	fs	javelé
javelées	fp	javelé
javelés	mp	javelé
jaïn	ms	jaïn
jaïne	fs	jaïn
jaïnes	fp	jaïn
jaïns	mp	jaïn
jdanovien	ms	jdanovien
jdanovienne	fs	jdanovien
jdanoviennes	fp	jdanovien
jdanoviens	mp	jdanovien
jobard	ms	jobard
jobarde	fs	jobard
jobardes	fp	jobard
jobards	mp	jobard
jointif	ms	jointif
jointifs	mp	jointif
jointive	fs	jointif
jointives	fp	jointif
joli	ms	joli
jolie	fs	joli
jolies	fp	joli
jolis	mp	joli
jordanien	ms	jordanien
jordanienne	fs	jordanien
jordaniennes	fp	jordanien
jordaniens	mp	jordanien
journalier	ms	journalier
journaliers	mp	journalier
journalière	fs	journalier
journalières	fp	journalier
jovial	ms	jovial
joviale	fs	jovial
joviales	fp	jovial
joviaux	mp	jovial
joyeuse	fs	joyeux
joyeuses	fp	joyeux
judicieuse	fs	judicieux
judicieuses	fp	judicieux
juif	ms	juif
juifs	mp	juif
juive	fs	juif
juives	fp	juif
julien	ms	julien
julienne	fs	julien
juliennes	fp	julien
juliens	mp	julien
jumeau	ms	jumeau
jumeaux	mp	jumeau
jumelle	fs	jumeau
jumelles	fp	jumeau
jupitérien	ms	jupitérien
jupitérienne	fs	jupitérien
jupitériennes	fp	jupitérien
jupitériens	mp	jupitérien
juridictionnel	ms	juridictionnel
juridictionnelle	fs	juridictionnel
juridictionnelles	fp	juridictionnel
juridictionnels	mp	juridictionnel
justificateur	ms	justificateur
justificateurs	mp	justificateur
justificatif	ms	justificatif
justificatifs	mp	justificatif
justificative	fs	justificatif
justificatives	fp	justificatif
justificatrice	fs	justificateur
justificatrices	fp	justificateur
juteuse	fs	juteux
juteuses	fp	juteux
kafkaïen	ms	kafkaïen
kafkaïenne	fs	kafkaïen
kafkaïennes	fp	kafkaïen
kafkaïens	mp	kafkaïen
kampuchéen	ms	kampuchéen
kampuchéenne	fs	kampuchéen
kampuchéennes	fp	kampuchéen
kampuchéens	mp	kampuchéen
kanak	ms	kanak
kanake	fs	kanak
kanakes	fp	kanak
kanaks	mp	kanak
karenni	ms	karenni
karennie	fs	karenni
karennies	fp	karenni
karennis	mp	karenni
kasaïen	ms	kasaïen
kasaïenne	fs	kasaïen
kasaïennes	fp	kasaïen
kasaïens	mp	kasaïen
kazakh	ms	kazakh
kazakhe	fs	kazakh
kazakhes	fp	kazakh
kazakhs	mp	kazakh
keynésien	ms	keynésien
keynésienne	fs	keynésien
keynésiennes	fp	keynésien
keynésiens	mp	keynésien
khmer	ms	khmer
khmers	mp	khmer
khmère	fs	khmer
khmères	fp	khmer
khrouchtchévien	ms	khrouchtchévien
khrouchtchévienne	fs	khrouchtchévien
khrouchtchéviennes	fp	khrouchtchévien
khrouchtchéviens	mp	khrouchtchévien
kirghize	fs	kirghiz
kirghizes	fp	kirghiz
kosovar	ms	kosovar
kosovare	fs	kosovar
kosovares	fp	kosovar
kosovars	mp	kosovar
koumyck	ms	koumyck
koumycke	fs	koumyck
koumyckes	fp	koumyck
koumycks	mp	koumyck
koweïtien	ms	koweïtien
koweïtienne	fs	koweïtien
koweïtiennes	fp	koweïtien
koweïtiens	mp	koweïtien
kényan	ms	kényan
kényane	fs	kényan
kényanes	fp	kényan
kényans	mp	kényan
labial	ms	labial
labiale	fs	labial
labiales	fp	labial
labiaux	mp	labial
laborieuse	fs	laborieux
laborieuses	fp	laborieux
lacrymal	ms	lacrymal
lacrymale	fs	lacrymal
lacrymales	fp	lacrymal
lacrymaux	mp	lacrymal
lacté	ms	lacté
lactée	fs	lacté
lactées	fp	lacté
lactés	mp	lacté
lagosien	ms	lagosien
lagosienne	fs	lagosien
lagosiennes	fp	lagosien
lagosiens	mp	lagosien
laid	ms	laid
laide	fs	laid
laides	fp	laid
laids	mp	laid
laineuse	fs	laineux
laineuses	fp	laineux
laiteuse	fs	laiteux
laiteuses	fp	laiteux
lambrissé	ms	lambrissé
lambrissée	fs	lambrissé
lambrissées	fp	lambrissé
lambrissés	mp	lambrissé
lancinant	ms	lancinant
lancinante	fs	lancinant
lancinantes	fp	lancinant
lancinants	mp	lancinant
lancéolé	ms	lancéolé
lancéolée	fs	lancéolé
lancéolées	fp	lancéolé
lancéolés	mp	lancéolé
langagier	ms	langagier
langagiers	mp	langagier
langagière	fs	langagier
langagières	fp	langagier
langoureuse	fs	langoureux
langoureuses	fp	langoureux
languissant	ms	languissant
languissante	fs	languissant
languissantes	fp	languissant
languissants	mp	languissant
larmoyant	ms	larmoyant
larmoyante	fs	larmoyant
larmoyantes	fp	larmoyant
larmoyants	mp	larmoyant
larvé	ms	larvé
larvée	fs	larvé
larvées	fp	larvé
larvés	mp	larvé
laryngectomisé	ms	laryngectomisé
laryngectomisée	fs	laryngectomisé
laryngectomisées	fp	laryngectomisé
laryngectomisés	mp	laryngectomisé
laryngien	ms	laryngien
laryngienne	fs	laryngien
laryngiennes	fp	laryngien
laryngiens	mp	laryngien
laryngé	ms	laryngé
laryngée	fs	laryngé
laryngées	fp	laryngé
laryngés	mp	laryngé
lascif	ms	lascif
lascifs	mp	lascif
lascive	fs	lascif
lascives	fp	lascif
lassant	ms	lassant
lassante	fs	lassant
lassantes	fp	lassant
lassants	mp	lassant
lasse	fs	las
lasses	fp	las
latent	ms	latent
latente	fs	latent
latentes	fp	latent
latents	mp	latent
latin	ms	latin
latine	fs	latin
latines	fp	latin
latins	mp	latin
latéral	ms	latéral
latérale	fs	latéral
latérales	fp	latéral
latéraux	mp	latéral
laudatif	ms	laudatif
laudatifs	mp	laudatif
laudative	fs	laudatif
laudatives	fp	laudatif
laxatif	ms	laxatif
laxatifs	mp	laxatif
laxative	fs	laxatif
laxatives	fp	laxatif
laïc	ms	laïc
laïcs	mp	laïc
laïque	fs	laïc
laïques	fp	laïc
lent	ms	lent
lente	fs	lent
lentes	fp	lent
lents	mp	lent
lesbien	ms	lesbien
lesbienne	fs	lesbien
lesbiennes	fp	lesbien
lesbiens	mp	lesbien
letton	ms	letton
lettonne	fs	letton
lettonnes	fp	letton
lettons	mp	letton
leucocyté	ms	leucocyté
leucocytée	fs	leucocyté
leucocytées	fp	leucocyté
leucocytés	mp	leucocyté
levant	ms	levant
levante	fs	levant
levantes	fp	levant
levants	mp	levant
lexical	ms	lexical
lexicale	fs	lexical
lexicales	fp	lexical
lexicaux	mp	lexical
lianescent	ms	lianescent
lianescente	fs	lianescent
lianescentes	fp	lianescent
lianescents	mp	lianescent
liant	ms	liant
liante	fs	liant
liantes	fp	liant
liants	mp	liant
libanaise	fs	libanais
libanaises	fp	libanais
libyen	ms	libyen
libyenne	fs	libyen
libyennes	fp	libyen
libyens	mp	libyen
libéral	ms	libéral
libérale	fs	libéral
libérales	fp	libéral
libérateur	ms	libérateur
libérateurs	mp	libérateur
libératrice	fs	libérateur
libératrices	fp	libérateur
libéraux	mp	libéral
libérien	ms	libérien
libérienne	fs	libérien
libériennes	fp	libérien
libériens	mp	libérien
licencieuse	fs	licencieux
licencieuses	fp	licencieux
ligamenteuse	fs	ligamenteux
ligamenteuses	fp	ligamenteux
ligneuse	fs	ligneux
ligneuses	fp	ligneux
lilliputien	ms	lilliputien
lilliputienne	fs	lilliputien
lilliputiennes	fp	lilliputien
lilliputiens	mp	lilliputien
lilloise	fs	lillois
lilloises	fp	lillois
limitatif	ms	limitatif
limitatifs	mp	limitatif
limitative	fs	limitatif
limitatives	fp	limitatif
limité	ms	limité
limitée	fs	limité
limitées	fp	limité
limités	mp	limité
limoneuse	fs	limoneux
limoneuses	fp	limoneux
linéaire-lancéolé	ms	linéaire-lancéolé
linéaire-lancéolée	fs	linéaire-lancéolé
linéaires-lancéolées	fp	linéaire-lancéolé
linéaires-lancéolés	mp	linéaire-lancéolé
lippu	ms	lippu
lippue	fs	lippu
lippues	fp	lippu
lippus	mp	lippu
liquidatif	ms	liquidatif
liquidatifs	mp	liquidatif
liquidative	fs	liquidatif
liquidatives	fp	liquidatif
liquoreuse	fs	liquoreux
liquoreuses	fp	liquoreux
liquéfiant	ms	liquéfiant
liquéfiante	fs	liquéfiant
liquéfiantes	fp	liquéfiant
liquéfiants	mp	liquéfiant
litigieuse	fs	litigieux
litigieuses	fp	litigieux
littoral	ms	littoral
littorale	fs	littoral
littorales	fp	littoral
littoraux	mp	littoral
littéral	ms	littéral
littérale	fs	littéral
littérales	fp	littéral
littéraux	mp	littéral
lituanien	ms	lituanien
lituanienne	fs	lituanien
lituaniennes	fp	lituanien
lituaniens	mp	lituanien
liégeoise	fs	liégeois
liégeoises	fp	liégeois
lobé	ms	lobé
lobée	fs	lobé
lobées	fp	lobé
lobés	mp	lobé
local	ms	local
locale	fs	local
locales	fp	local
locatif	ms	locatif
locatifs	mp	locatif
locative	fs	locatif
locatives	fp	locatif
locaux	mp	local
logiciel	ms	logiciel
logicielle	fs	logiciel
logicielles	fp	logiciel
logiciels	mp	logiciel
lointain	ms	lointain
lointaine	fs	lointain
lointaines	fp	lointain
lointains	mp	lointain
lombard	ms	lombard
lombarde	fs	lombard
lombardes	fp	lombard
lombards	mp	lombard
londonien	ms	londonien
londonienne	fs	londonien
londoniennes	fp	londonien
londoniens	mp	londonien
long	ms	long
longitudinal	ms	longitudinal
longitudinale	fs	longitudinal
longitudinales	fp	longitudinal
longitudinaux	mp	longitudinal
longs	mp	long
longue	fs	long
longues	fp	long
loqueteuse	fs	loqueteux
loqueteuses	fp	loqueteux
lorrain	ms	lorrain
lorrainne	fs	lorrain
lorrainnes	fp	lorrain
lorrains	mp	lorrain
lourd	ms	lourd
lourde	fs	lourd
lourdes	fp	lourd
lourds	mp	lourd
loyal	ms	loyal
loyale	fs	loyal
loyales	fp	loyal
loyaux	mp	loyal
lozérien	ms	lozérien
lozérienne	fs	lozérien
lozériennes	fp	lozérien
lozériens	mp	lozérien
lubrifiant	ms	lubrifiant
lubrifiante	fs	lubrifiant
lubrifiantes	fp	lubrifiant
lubrifiants	mp	lubrifiant
lucratif	ms	lucratif
lucratifs	mp	lucratif
lucrative	fs	lucratif
lucratives	fp	lucratif
luisant	ms	luisant
luisante	fs	luisant
luisantes	fp	luisant
luisants	mp	luisant
luminescent	ms	luminescent
luminescente	fs	luminescent
luminescentes	fp	luminescent
luminescents	mp	luminescent
lumineuse	fs	lumineux
lumineuses	fp	lumineux
luné	ms	luné
lunée	fs	luné
lunées	fp	luné
lunés	mp	luné
luxembourgeoise	fs	luxembourgeois
luxembourgeoises	fp	luxembourgeois
luxueuse	fs	luxueux
luxueuses	fp	luxueux
luxuriant	ms	luxuriant
luxuriante	fs	luxuriant
luxuriantes	fp	luxuriant
luxuriants	mp	luxuriant
luxurieuse	fs	luxurieux
luxurieuses	fp	luxurieux
lyonnaise	fs	lyonnais
lyonnaises	fp	lyonnais
légal	ms	légal
légale	fs	légal
légales	fp	légal
légaux	mp	légal
léger	ms	léger
légers	mp	léger
législatif	ms	législatif
législatifs	mp	législatif
législative	fs	législatif
législatives	fp	législatif
légère	fs	léger
légères	fp	léger
lénifiant	ms	lénifiant
lénifiante	fs	lénifiant
lénifiantes	fp	lénifiant
lénifiants	mp	lénifiant
léonin	ms	léonin
léonine	fs	léonin
léonines	fp	léonin
léonins	mp	léonin
léopardé	ms	léopardé
léopardée	fs	léopardé
léopardées	fp	léopardé
léopardés	mp	léopardé
lésionnel	ms	lésionnel
lésionnelle	fs	lésionnel
lésionnelles	fp	lésionnel
lésionnels	mp	lésionnel
machinal	ms	machinal
machinale	fs	machinal
machinales	fp	machinal
machinaux	mp	machinal
macroprudentiel	ms	macroprudentiel
macroprudentielle	fs	macroprudentiel
macroprudentielles	fp	macroprudentiel
macroprudentiels	mp	macroprudentiel
macédonien	ms	macédonien
macédonienne	fs	macédonien
macédoniennes	fp	macédonien
macédoniens	mp	macédonien
madré	ms	madré
madrée	fs	madré
madrées	fp	madré
madrés	mp	madré
mafieuse	fs	mafieux
mafieuses	fp	mafieux
maghrébin	ms	maghrébin
maghrébine	fs	maghrébin
maghrébines	fp	maghrébin
maghrébins	mp	maghrébin
magistral	ms	magistral
magistrale	fs	magistral
magistrales	fp	magistral
magistraux	mp	magistral
maharashtrien	ms	maharashtrien
maharashtrienne	fs	maharashtrien
maharashtriennes	fp	maharashtrien
maharashtriens	mp	maharashtrien
maigrelet	ms	maigrelet
maigrelets	mp	maigrelet
maigrelette	fs	maigrelet
maigrelettes	fp	maigrelet
maint	ms	maint
mainte	fs	maint
maintes	fp	maint
maints	mp	maint
majestueuse	fs	majestueux
majestueuses	fp	majestueux
majeur	ms	majeur
majeure	fs	majeur
majeures	fp	majeur
majeurs	mp	majeur
mal	ms	mal
mal venu	ms	mal venu
mal venue	fs	mal venu
mal venues	fp	mal venu
mal venus	mp	mal venu
maladif	ms	maladif
maladifs	mp	maladif
maladive	fs	maladif
maladives	fp	maladif
maladroit	ms	maladroit
maladroite	fs	maladroit
maladroites	fp	maladroit
maladroits	mp	maladroit
malaisien	ms	malaisien
malaisienne	fs	malaisien
malaisiennes	fp	malaisien
malaisiens	mp	malaisien
malaisé	ms	malaisé
malaisée	fs	malaisé
malaisées	fp	malaisé
malaisés	mp	malaisé
malencontreuse	fs	malencontreux
malencontreuses	fp	malencontreux
malentendant	ms	malentendant
malentendante	fs	malentendant
malentendantes	fp	malentendant
malentendants	mp	malentendant
malfaisant	ms	malfaisant
malfaisante	fs	malfaisant
malfaisantes	fp	malfaisant
malfaisants	mp	malfaisant
malfamé	ms	malfamé
malfamée	fs	malfamé
malfamées	fp	malfamé
malfamés	mp	malfamé
malformé	ms	malformé
malformée	fs	malformé
malformées	fp	malformé
malformés	mp	malformé
malheureuse	fs	malheureux
malheureuses	fp	malheureux
malicieuse	fs	malicieux
malicieuses	fp	malicieux
malien	ms	malien
malienne	fs	malien
maliennes	fp	malien
maliens	mp	malien
maligne	fs	malin
malignes	fp	malin
malin	ms	malin
malins	mp	malin
malodorant	ms	malodorant
malodorante	fs	malodorant
malodorantes	fp	malodorant
malodorants	mp	malodorant
malpoli	ms	malpoli
malpolie	fs	malpoli
malpolies	fp	malpoli
malpolis	mp	malpoli
malsain	ms	malsain
malsaine	fs	malsain
malsaines	fp	malsain
malsains	mp	malsain
malsonnant	ms	malsonnant
malsonnante	fs	malsonnant
malsonnantes	fp	malsonnant
malsonnants	mp	malsonnant
malséant	ms	malséant
malséante	fs	malséant
malséantes	fp	malséant
malséants	mp	malséant
malveillant	ms	malveillant
malveillante	fs	malveillant
malveillantes	fp	malveillant
malveillants	mp	malveillant
malvenu	ms	malvenu
malvenue	fs	malvenu
malvenues	fp	malvenu
malvenus	mp	malvenu
mamelonné	ms	mamelonné
mamelonnée	fs	mamelonné
mamelonnées	fp	mamelonné
mamelonnés	mp	mamelonné
managérial	ms	managérial
managériale	fs	managérial
managériales	fp	managérial
managériaux	mp	managérial
manchot	ms	manchot
manchote	fs	manchot
manchotes	fp	manchot
manchots	mp	manchot
manichéen	ms	manichéen
manichéenne	fs	manichéen
manichéennes	fp	manichéen
manichéens	mp	manichéen
mansardé	ms	mansardé
mansardée	fs	mansardé
mansardées	fp	mansardé
mansardés	mp	mansardé
manuel	ms	manuel
manuelle	fs	manuel
manuelles	fp	manuel
manuels	mp	manuel
manufacturier	ms	manufacturier
manufacturiers	mp	manufacturier
manufacturière	fs	manufacturier
manufacturières	fp	manufacturier
manufacturé	ms	manufacturé
manufacturée	fs	manufacturé
manufacturées	fp	manufacturé
manufacturés	mp	manufacturé
manuscrit	ms	manuscrit
manuscrite	fs	manuscrit
manuscrites	fp	manuscrit
manuscrits	mp	manuscrit
marbré	ms	marbré
marbrée	fs	marbré
marbrées	fp	marbré
marbrés	mp	marbré
marchand	ms	marchand
marchande	fs	marchand
marchandes	fp	marchand
marchands	mp	marchand
marginal	ms	marginal
marginale	fs	marginal
marginales	fp	marginal
marginaux	mp	marginal
marin	ms	marin
marine	fs	marin
marines	fp	marin
marins	mp	marin
marital	ms	marital
maritale	fs	marital
maritales	fp	marital
maritaux	mp	marital
marmoréen	ms	marmoréen
marmoréenne	fs	marmoréen
marmoréennes	fp	marmoréen
marmoréens	mp	marmoréen
marneuse	fs	marneux
marneuses	fp	marneux
marocain	ms	marocain
marocaine	fs	marocain
marocaines	fp	marocain
marocains	mp	marocain
marquant	ms	marquant
marquante	fs	marquant
marquantes	fp	marquant
marquants	mp	marquant
marqué	ms	marqué
marquée	fs	marqué
marquées	fp	marqué
marqués	mp	marqué
marrant	ms	marrant
marrante	fs	marrant
marrantes	fp	marrant
marrants	mp	marrant
marri	ms	marri
marrie	fs	marri
marries	fp	marri
marris	mp	marri
marseillaise	fs	marseillais
marseillaises	fp	marseillais
marsupial	ms	marsupial
marsupiale	fs	marsupial
marsupiales	fp	marsupial
marsupiaux	mp	marsupial
martial	ms	martial
martiale	fs	martial
martiales	fp	martial
martiaux	mp	martial
martynien	ms	martynien
martynienne	fs	martynien
martyniennes	fp	martynien
martyniens	mp	martynien
marxien	ms	marxien
marxienne	fs	marxien
marxiennes	fp	marxien
marxiens	mp	marxien
marécageuse	fs	marécageux
marécageuses	fp	marécageux
marémoteur	ms	marémoteur
marémoteurs	mp	marémoteur
marémotrice	fs	marémoteur
marémotrices	fp	marémoteur
masculin	ms	masculin
masculine	fs	masculin
masculines	fp	masculin
masculins	mp	masculin
massacrant	ms	massacrant
massacrante	fs	massacrant
massacrantes	fp	massacrant
massacrants	mp	massacrant
massif	ms	massif
massifs	mp	massif
massive	fs	massif
massives	fp	massif
mat	ms	mat
mate	fs	mat
matelassé	ms	matelassé
matelassée	fs	matelassé
matelassées	fp	matelassé
matelassés	mp	matelassé
maternel	ms	maternel
maternelle	fs	maternel
maternelles	fp	maternel
maternels	mp	maternel
mates	fp	mat
matinal	ms	matinal
matinale	fs	matinal
matinales	fp	matinal
matinaux	mp	matinal
matriarcal	ms	matriarcal
matriarcale	fs	matriarcal
matriarcales	fp	matriarcal
matriarcaux	mp	matriarcal
matriciel	ms	matriciel
matricielle	fs	matriciel
matricielles	fp	matriciel
matriciels	mp	matriciel
matrimonial	ms	matrimonial
matrimoniale	fs	matrimonial
matrimoniales	fp	matrimonial
matrimoniaux	mp	matrimonial
mats	mp	mat
matériel	ms	matériel
matérielle	fs	matériel
matérielles	fp	matériel
matériels	mp	matériel
mauricien	ms	mauricien
mauricienne	fs	mauricien
mauriciennes	fp	mauricien
mauriciens	mp	mauricien
mauritanien	ms	mauritanien
mauritanienne	fs	mauritanien
mauritaniennes	fp	mauritanien
mauritaniens	mp	mauritanien
mauvaise	fs	mauvais
mauvaises	fp	mauvais
maximal	ms	maximal
maximale	fs	maximal
maximales	fp	maximal
maximaux	mp	maximal
meilleur	ms	meilleur
meilleure	fs	meilleur
meilleures	fp	meilleur
meilleurs	mp	meilleur
membraneuse	fs	membraneux
membraneuses	fp	membraneux
menaçant	ms	menaçant
menaçante	fs	menaçant
menaçantes	fp	menaçant
menaçants	mp	menaçant
mensonger	ms	mensonger
mensongers	mp	mensonger
mensongère	fs	mensonger
mensongères	fp	mensonger
menstruel	ms	menstruel
menstruelle	fs	menstruel
menstruelles	fp	menstruel
menstruels	mp	menstruel
mensuel	ms	mensuel
mensuelle	fs	mensuel
mensuelles	fp	mensuel
mensuels	mp	mensuel
mental	ms	mental
mentale	fs	mental
mentales	fp	mental
mentaux	mp	mental
mentholé	ms	mentholé
mentholée	fs	mentholé
mentholées	fp	mentholé
mentholés	mp	mentholé
menu	ms	menu
menue	fs	menu
menues	fp	menu
menus	mp	menu
merveilleuse	fs	merveilleux
merveilleuses	fp	merveilleux
mesquin	ms	mesquin
mesquine	fs	mesquin
mesquines	fp	mesquin
mesquins	mp	mesquin
meurtrier	ms	meurtrier
meurtriers	mp	meurtrier
meurtrière	fs	meurtrier
meurtrières	fp	meurtrier
meusien	ms	meusien
meusienne	fs	meusien
meusiennes	fp	meusien
meusiens	mp	meusien
mexicain	ms	mexicain
mexicaine	fs	mexicain
mexicaines	fp	mexicain
mexicains	mp	mexicain
microbien	ms	microbien
microbienne	fs	microbien
microbiennes	fp	microbien
microbiens	mp	microbien
mielleuse	fs	mielleux
mielleuses	fp	mielleux
mien	ms	mien
mienne	fs	mien
miennes	fp	mien
miens	mp	mien
mignard	ms	mignard
mignarde	fs	mignard
mignardes	fp	mignard
mignards	mp	mignard
migrateur	ms	migrateur
migrateurs	mp	migrateur
migratrice	fs	migrateur
migratrices	fp	migrateur
militant	ms	militant
militante	fs	militant
militantes	fp	militant
militants	mp	militant
millimétré	ms	millimétré
millimétrée	fs	millimétré
millimétrées	fp	millimétré
millimétrés	mp	millimétré
mineur	ms	mineur
mineure	fs	mineur
mineures	fp	mineur
mineurs	mp	mineur
minier	ms	minier
miniers	mp	minier
minimal	ms	minimal
minimale	fs	minimal
minimales	fp	minimal
minimaux	mp	minimal
ministériel	ms	ministériel
ministérielle	fs	ministériel
ministérielles	fp	ministériel
ministériels	mp	ministériel
minière	fs	minier
minières	fp	minier
minutieuse	fs	minutieux
minutieuses	fp	minutieux
minéral	ms	minéral
minérale	fs	minéral
minérales	fp	minéral
minéraux	mp	minéral
miraculeuse	fs	miraculeux
miraculeuses	fp	miraculeux
mirobolant	ms	mirobolant
mirobolante	fs	mirobolant
mirobolantes	fp	mirobolant
mirobolants	mp	mirobolant
miséreuse	fs	miséreux
miséreuses	fp	miséreux
miséricordieuse	fs	miséricordieux
miséricordieuses	fp	miséricordieux
mitochondrial	ms	mitochondrial
mitochondriale	fs	mitochondrial
mitochondriales	fp	mitochondrial
mitochondriaux	mp	mitochondrial
mitoyen	ms	mitoyen
mitoyenne	fs	mitoyen
mitoyennes	fp	mitoyen
mitoyens	mp	mitoyen
mobilier	ms	mobilier
mobiliers	mp	mobilier
mobilisateur	ms	mobilisateur
mobilisateurs	mp	mobilisateur
mobilisatrice	fs	mobilisateur
mobilisatrices	fp	mobilisateur
mobilière	fs	mobilier
mobilières	fp	mobilier
modal	ms	modal
modale	fs	modal
modales	fp	modal
modaux	mp	modal
modernisateur	ms	modernisateur
modernisateurs	mp	modernisateur
modernisatrice	fs	modernisateur
modernisatrices	fp	modernisateur
modificatif	ms	modificatif
modificatifs	mp	modificatif
modificative	fs	modificatif
modificatives	fp	modificatif
moelleuse	fs	moelleux
moelleuses	fp	moelleux
mogol	ms	mogol
mogole	fs	mogol
mogoles	fp	mogol
mogols	mp	mogol
mol	ms	mou
moldovien	ms	moldovien
moldovienne	fs	moldovien
moldoviennes	fp	moldovien
moldoviens	mp	moldovien
molle	fs	mou
molles	fp	mou
molletonneuse	fs	molletonneux
molletonneuses	fp	molletonneux
molletonné	ms	molletonné
molletonnée	fs	molletonné
molletonnées	fp	molletonné
molletonnés	mp	molletonné
momentané	ms	momentané
momentanée	fs	momentané
momentanées	fp	momentané
momentanés	mp	momentané
monacal	ms	monacal
monacale	fs	monacal
monacales	fp	monacal
monacaux	mp	monacal
mondial	ms	mondial
mondiale	fs	mondial
mondiales	fp	mondial
mondiaux	mp	mondial
mongol	ms	mongol
mongole	fs	mongol
mongoles	fp	mongol
mongolien	ms	mongolien
mongolienne	fs	mongolien
mongoliennes	fp	mongolien
mongoliens	mp	mongolien
mongols	mp	mongol
monoparental	ms	monoparental
monoparentale	fs	monoparental
monoparentales	fp	monoparental
monoparentaux	mp	monoparental
monovalent	ms	monovalent
monovalente	fs	monovalent
monovalentes	fp	monovalent
monovalents	mp	monovalent
monstrueuse	fs	monstrueux
monstrueuses	fp	monstrueux
montagnard	ms	montagnard
montagnarde	fs	montagnard
montagnardes	fp	montagnard
montagnards	mp	montagnard
montagneuse	fs	montagneux
montagneuses	fp	montagneux
montant	ms	montant
montante	fs	montant
montantes	fp	montant
montants	mp	montant
montpellierrain	ms	montpellierrain
montpellierrainne	fs	montpellierrain
montpellierrainnes	fp	montpellierrain
montpellierrains	mp	montpellierrain
monumental	ms	monumental
monumentale	fs	monumental
monumentales	fp	monumental
monumentaux	mp	monumental
moral	ms	moral
morale	fs	moral
morales	fp	moral
moralisant	ms	moralisant
moralisante	fs	moralisant
moralisantes	fp	moralisant
moralisants	mp	moralisant
moralisateur	ms	moralisateur
moralisateurs	mp	moralisateur
moralisatrice	fs	moralisateur
moralisatrices	fp	moralisateur
moraux	mp	moral
mordant	ms	mordant
mordante	fs	mordant
mordantes	fp	mordant
mordants	mp	mordant
mordorant	ms	mordorant
mordorante	fs	mordorant
mordorantes	fp	mordorant
mordorants	mp	mordorant
mordoré	ms	mordoré
mordorée	fs	mordoré
mordorées	fp	mordoré
mordorés	mp	mordoré
morphiné	ms	morphiné
morphinée	fs	morphiné
morphinées	fp	morphiné
morphinés	mp	morphiné
mort	ms	mort
mort-né	ms	mort-né
mort-née	fs	mort-né
mort-nées	fp	mort-né
mort-nés	mp	mort-né
morte	fs	mort
mortel	ms	mortel
mortelle	fs	mortel
mortelles	fp	mortel
mortels	mp	mortel
mortes	fp	mort
mortifiant	ms	mortifiant
mortifiante	fs	mortifiant
mortifiantes	fp	mortifiant
mortifiants	mp	mortifiant
morts	mp	mort
mossi	ms	mossi
mossie	fs	mossi
mossies	fp	mossi
mossis	mp	mossi
moteur	ms	moteur
moteurs	mp	moteur
motivant	ms	motivant
motivante	fs	motivant
motivantes	fp	motivant
motivants	mp	motivant
motrice	fs	moteur
motrices	fp	moteur
mou	ms	mou
moulant	ms	moulant
moulante	fs	moulant
moulantes	fp	moulant
moulants	mp	moulant
mourman	ms	mourman
mourmane	fs	mourman
mourmanes	fp	mourman
mourmans	mp	mourman
mous	mp	mou
moussant	ms	moussant
moussante	fs	moussant
moussantes	fp	moussant
moussants	mp	moussant
mousseuse	fs	mousseux
mousseuses	fp	mousseux
moussu	ms	moussu
moussue	fs	moussu
moussues	fp	moussu
moussus	mp	moussu
moustérien	ms	moustérien
moustérienne	fs	moustérien
moustériennes	fp	moustérien
moustériens	mp	moustérien
moutonnant	ms	moutonnant
moutonnante	fs	moutonnant
moutonnantes	fp	moutonnant
moutonnants	mp	moutonnant
moutonnier	ms	moutonnier
moutonniers	mp	moutonnier
moutonnière	fs	moutonnier
moutonnières	fp	moutonnier
mouvant	ms	mouvant
mouvante	fs	mouvant
mouvantes	fp	mouvant
mouvants	mp	mouvant
moyen	ms	moyen
moyenne	fs	moyen
moyennes	fp	moyen
moyens	mp	moyen
moyenâgeuse	fs	moyenâgeux
moyenâgeuses	fp	moyenâgeux
mozambicain	ms	mozambicain
mozambicaine	fs	mozambicain
mozambicaines	fp	mozambicain
mozambicains	mp	mozambicain
muet	ms	muet
muets	mp	muet
muette	fs	muet
muettes	fp	muet
mugissant	ms	mugissant
mugissante	fs	mugissant
mugissantes	fp	mugissant
mugissants	mp	mugissant
multiculturel	ms	multiculturel
multiculturelle	fs	multiculturel
multiculturelles	fp	multiculturel
multiculturels	mp	multiculturel
multidimensionnel	ms	multidimensionnel
multidimensionnelle	fs	multidimensionnel
multidimensionnelles	fp	multidimensionnel
multidimensionnels	mp	multidimensionnel
multifoliolé	ms	multifoliolé
multifoliolée	fs	multifoliolé
multifoliolées	fp	multifoliolé
multifoliolés	mp	multifoliolé
multilatéral	ms	multilatéral
multilatérale	fs	multilatéral
multilatérales	fp	multilatéral
multilatéraux	mp	multilatéral
multinational	ms	multinational
multinationale	fs	multinational
multinationales	fp	multinational
multinationaux	mp	multinational
multiplicatif	ms	multiplicatif
multiplicatifs	mp	multiplicatif
multiplicative	fs	multiplicatif
multiplicatives	fp	multiplicatif
multiracial	ms	multiracial
multiraciale	fs	multiracial
multiraciales	fp	multiracial
multiraciaux	mp	multiracial
municipal	ms	municipal
municipale	fs	municipal
municipales	fp	municipal
municipaux	mp	municipal
munificent	ms	munificent
munificente	fs	munificent
munificentes	fp	munificent
munificents	mp	munificent
mural	ms	mural
murale	fs	mural
murales	fp	mural
muraux	mp	mural
muriqué	ms	muriqué
muriquée	fs	muriqué
muriquées	fp	muriqué
muriqués	mp	muriqué
murmurant	ms	murmurant
murmurante	fs	murmurant
murmurantes	fp	murmurant
murmurants	mp	murmurant
musical	ms	musical
musicale	fs	musical
musicales	fp	musical
musicaux	mp	musical
musicien	ms	musicien
musicienne	fs	musicien
musiciennes	fp	musicien
musiciens	mp	musicien
musulman	ms	musulman
musulmane	fs	musulman
musulmanes	fp	musulman
musulmans	mp	musulman
mutant	ms	mutant
mutante	fs	mutant
mutantes	fp	mutant
mutants	mp	mutant
mutilant	ms	mutilant
mutilante	fs	mutilant
mutilantes	fp	mutilant
mutilants	mp	mutilant
mutuel	ms	mutuel
mutuelle	fs	mutuel
mutuelles	fp	mutuel
mutuels	mp	mutuel
mycobactérien	ms	mycobactérien
mycobactérienne	fs	mycobactérien
mycobactériennes	fp	mycobactérien
mycobactériens	mp	mycobactérien
mystérieuse	fs	mystérieux
mystérieuses	fp	mystérieux
méchant	ms	méchant
méchante	fs	méchant
méchantes	fp	méchant
méchants	mp	méchant
mécontent	ms	mécontent
mécontente	fs	mécontent
mécontentes	fp	mécontent
mécontents	mp	mécontent
médian	ms	médian
médiane	fs	médian
médianes	fp	médian
médians	mp	médian
médiat	ms	médiat
médiate	fs	médiat
médiates	fp	médiat
médiats	mp	médiat
médical	ms	médical
médicale	fs	médical
médicales	fp	médical
médicamenteuse	fs	médicamenteux
médicamenteuses	fp	médicamenteux
médicaux	mp	médical
médicinal	ms	médicinal
médicinale	fs	médicinal
médicinales	fp	médicinal
médicinaux	mp	médicinal
méditatif	ms	méditatif
méditatifs	mp	méditatif
méditative	fs	méditatif
méditatives	fp	méditatif
méditerranéen	ms	méditerranéen
méditerranéenne	fs	méditerranéen
méditerranéennes	fp	méditerranéen
méditerranéens	mp	méditerranéen
médiéval	ms	médiéval
médiévale	fs	médiéval
médiévales	fp	médiéval
médiévaux	mp	médiéval
mélanésien	ms	mélanésien
mélanésienne	fs	mélanésien
mélanésiennes	fp	mélanésien
mélanésiens	mp	mélanésien
mélioratif	ms	mélioratif
mélioratifs	mp	mélioratif
méliorative	fs	mélioratif
mélioratives	fp	mélioratif
mélodieuse	fs	mélodieux
mélodieuses	fp	mélodieux
mémoriel	ms	mémoriel
mémorielle	fs	mémoriel
mémorielles	fp	mémoriel
mémoriels	mp	mémoriel
ménager	ms	ménager
ménagers	mp	ménager
ménagère	fs	ménager
ménagères	fp	ménager
méningé	ms	méningé
méningée	fs	méningé
méningées	fp	méningé
méningés	mp	méningé
méprisant	ms	méprisant
méprisante	fs	méprisant
méprisantes	fp	méprisant
méprisants	mp	méprisant
méridien	ms	méridien
méridienne	fs	méridien
méridiennes	fp	méridien
méridiens	mp	méridien
méridional	ms	méridional
méridionale	fs	méridional
méridionales	fp	méridional
méridionals	mp	méridional
méritant	ms	méritant
méritante	fs	méritant
méritantes	fp	méritant
méritants	mp	méritant
mérité	ms	mérité
méritée	fs	mérité
méritées	fp	mérité
mérités	mp	mérité
mésallié	ms	mésallié
mésalliée	fs	mésallié
mésalliées	fp	mésallié
mésalliés	mp	mésallié
métatarsien	ms	métatarsien
métatarsienne	fs	métatarsien
métatarsiennes	fp	métatarsien
métatarsiens	mp	métatarsien
méticuleuse	fs	méticuleux
méticuleuses	fp	méticuleux
métropolitain	ms	métropolitain
métropolitaine	fs	métropolitain
métropolitaines	fp	métropolitain
métropolitains	mp	métropolitain
mûr	ms	mûr
mûre	fs	mûr
mûres	fp	mûr
mûrs	mp	mûr
nain	ms	nain
naine	fs	nain
naines	fp	nain
nains	mp	nain
naissant	ms	naissant
naissante	fs	naissant
naissantes	fp	naissant
naissants	mp	naissant
namibien	ms	namibien
namibienne	fs	namibien
namibiennes	fp	namibien
namibiens	mp	namibien
nancéien	ms	nancéien
nancéienne	fs	nancéien
nancéiennes	fp	nancéien
nancéiens	mp	nancéien
nanti	ms	nanti
nantie	fs	nanti
nanties	fp	nanti
nantis	mp	nanti
napoléonien	ms	napoléonien
napoléonienne	fs	napoléonien
napoléoniennes	fp	napoléonien
napoléoniens	mp	napoléonien
narquoise	fs	narquois
narquoises	fp	narquois
narratif	ms	narratif
narratifs	mp	narratif
narrative	fs	narratif
narratives	fp	narratif
nasillard	ms	nasillard
nasillarde	fs	nasillard
nasillardes	fp	nasillard
nasillards	mp	nasillard
nassérien	ms	nassérien
nassérienne	fs	nassérien
nassériennes	fp	nassérien
nassériens	mp	nassérien
natal	ms	natal
natale	fs	natal
natales	fp	natal
natals	mp	natal
nataux	mp	natal
national	ms	national
nationale	fs	national
nationales	fp	national
nationaux	mp	national
naturel	ms	naturel
naturelle	fs	naturel
naturelles	fp	naturel
naturels	mp	naturel
naturé	ms	naturé
naturée	fs	naturé
naturées	fp	naturé
naturés	mp	naturé
nauséabond	ms	nauséabond
nauséabonde	fs	nauséabond
nauséabondes	fp	nauséabond
nauséabonds	mp	nauséabond
nauséeuse	fs	nauséeux
nauséeuses	fp	nauséeux
naval	ms	naval
navale	fs	naval
navales	fp	naval
navals	mp	naval
navaux	mp	naval
navrant	ms	navrant
navrante	fs	navrant
navrantes	fp	navrant
navrants	mp	navrant
nazi	ms	nazi
nazie	fs	nazi
nazies	fp	nazi
nazis	mp	nazi
naïf	ms	naïf
naïfs	mp	naïf
naïve	fs	naïf
naïves	fp	naïf
neigeuse	fs	neigeux
neigeuses	fp	neigeux
nervalien	ms	nervalien
nervalienne	fs	nervalien
nervaliennes	fp	nervalien
nervaliens	mp	nervalien
nerveuse	fs	nerveux
nerveuses	fp	nerveux
nervié	ms	nervié
nerviée	fs	nervié
nerviées	fp	nervié
nerviés	mp	nervié
net	ms	net
nets	mp	net
nette	fs	net
nettes	fp	net
neuf	ms	neuf
neufs	mp	neuf
neuro-cognitif	ms	neuro-cognitif
neuro-cognitifs	mp	neuro-cognitif
neuro-cognitive	fs	neuro-cognitif
neuro-cognitives	fp	neuro-cognitif
neuronal	ms	neuronal
neuronale	fs	neuronal
neuronales	fp	neuronal
neuronaux	mp	neuronal
neuve	fs	neuf
neuves	fp	neuf
new-yorkaise	fs	new-yorkais
new-yorkaises	fp	new-yorkais
newtonien	ms	newtonien
newtonienne	fs	newtonien
newtoniennes	fp	newtonien
newtoniens	mp	newtonien
niaise	fs	niais
niaises	fp	niais
nicaraguayen	ms	nicaraguayen
nicaraguayenne	fs	nicaraguayen
nicaraguayennes	fp	nicaraguayen
nicaraguayens	mp	nicaraguayen
nickelé	ms	nickelé
nickelée	fs	nickelé
nickelées	fp	nickelé
nickelés	mp	nickelé
nigaud	ms	nigaud
nigaude	fs	nigaud
nigaudes	fp	nigaud
nigauds	mp	nigaud
nigérian	ms	nigérian
nigériane	fs	nigérian
nigérianes	fp	nigérian
nigérians	mp	nigérian
nigérien	ms	nigérien
nigérienne	fs	nigérien
nigériennes	fp	nigérien
nigériens	mp	nigérien
nippon	ms	nippon
nippone	fs	nippon
nippones	fp	nippon
nipponne	fs	nippon
nipponnes	fp	nippon
nippons	mp	nippon
nitré	ms	nitré
nitrée	fs	nitré
nitrées	fp	nitré
nitrés	mp	nitré
niçoise	fs	niçois
niçoises	fp	niçois
nocif	ms	nocif
nocifs	mp	nocif
nocive	fs	nocif
nocives	fp	nocif
noir	ms	noir
noire	fs	noir
noires	fp	noir
noirs	mp	noir
nombreuse	fs	nombreux
nombreuses	fp	nombreux
nominal	ms	nominal
nominale	fs	nominal
nominales	fp	nominal
nominatif	ms	nominatif
nominatifs	mp	nominatif
nominative	fs	nominatif
nominatives	fp	nominatif
nominaux	mp	nominal
non-résident	ms	non-résident
non-résidente	fs	non-résident
non-résidentes	fp	non-résident
non-résidents	mp	non-résident
non-salarié	ms	non-salarié
non-salariée	fs	non-salarié
non-salariées	fp	non-salarié
non-salariés	mp	non-salarié
normal	ms	normal
normale	fs	normal
normales	fp	normal
normatif	ms	normatif
normatifs	mp	normatif
normative	fs	normatif
normatives	fp	normatif
normaux	mp	normal
norvégien	ms	norvégien
norvégienne	fs	norvégien
norvégiennes	fp	norvégien
norvégiens	mp	norvégien
nosocomial	ms	nosocomial
nosocomiale	fs	nosocomial
nosocomiales	fp	nosocomial
nosocomiaux	mp	nosocomial
notarial	ms	notarial
notariale	fs	notarial
notariales	fp	notarial
notariaux	mp	notarial
notarié	ms	notarié
notariée	fs	notarié
notariées	fp	notarié
notariés	mp	notarié
notionnel	ms	notionnel
notionnelle	fs	notionnel
notionnelles	fp	notionnel
notionnels	mp	notionnel
noueuse	fs	noueux
noueuses	fp	noueux
nourricier	ms	nourricier
nourriciers	mp	nourricier
nourricière	fs	nourricier
nourricières	fp	nourricier
nourrissant	ms	nourrissant
nourrissante	fs	nourrissant
nourrissantes	fp	nourrissant
nourrissants	mp	nourrissant
nouveau	ms	nouveau
nouveaux	mp	nouveau
nouvel	ms	nouveau
nouvelle	fs	nouveau
nouvelles	fp	nouveau
novateur	ms	novateur
novateurs	mp	novateur
novatrice	fs	novateur
novatrices	fp	novateur
nu	ms	nu
nuageuse	fs	nuageux
nuageuses	fp	nuageux
nucléé	ms	nucléé
nucléée	fs	nucléé
nucléées	fp	nucléé
nucléés	mp	nucléé
nue	fs	nu
nues	fp	nu
nul	ms	nul
nulle	fs	nul
nulles	fp	nul
nuls	mp	nul
numéral	ms	numéral
numérale	fs	numéral
numérales	fp	numéral
numéraux	mp	numéral
nuptial	ms	nuptial
nuptiale	fs	nuptial
nuptiales	fp	nuptial
nuptiaux	mp	nuptial
nus	mp	nu
nutritif	ms	nutritif
nutritifs	mp	nutritif
nutritionnel	ms	nutritionnel
nutritionnelle	fs	nutritionnel
nutritionnelles	fp	nutritionnel
nutritionnels	mp	nutritionnel
nutritive	fs	nutritif
nutritives	fp	nutritif
nymphal	ms	nymphal
nymphale	fs	nymphal
nymphales	fp	nymphal
nymphaux	mp	nymphal
néandertalien	ms	néandertalien
néandertalienne	fs	néandertalien
néandertaliennes	fp	néandertalien
néandertaliens	mp	néandertalien
nébuleuse	fs	nébuleux
nébuleuses	fp	nébuleux
néerlandaise	fs	néerlandais
néerlandaises	fp	néerlandais
négatif	ms	négatif
négatifs	mp	négatif
négative	fs	négatif
négatives	fp	négatif
négligent	ms	négligent
négligente	fs	négligent
négligentes	fp	négligent
négligents	mp	négligent
néo-zélandaise	fs	néo-zélandais
néo-zélandaises	fp	néo-zélandais
néolibéral	ms	néolibéral
néolibérale	fs	néolibéral
néolibérales	fp	néolibéral
néolibéraux	mp	néolibéral
néonatal	ms	néonatal
néonatale	fs	néonatal
néonatales	fp	néonatal
néonatals	mp	néonatal
obcordé	ms	obcordé
obcordée	fs	obcordé
obcordées	fp	obcordé
obcordés	mp	obcordé
objectal	ms	objectal
objectale	fs	objectal
objectales	fp	objectal
objectaux	mp	objectal
objectif	ms	objectif
objectifs	mp	objectif
objective	fs	objectif
objectives	fp	objectif
objectivisé	ms	objectivisé
objectivisée	fs	objectivisé
objectivisées	fp	objectivisé
objectivisés	mp	objectivisé
obligeant	ms	obligeant
obligeante	fs	obligeant
obligeantes	fp	obligeant
obligeants	mp	obligeant
oblong	ms	oblong
oblongs	mp	oblong
oblongue	fs	oblong
oblongues	fp	oblong
obové	ms	obové
obovée	fs	obové
obovées	fp	obové
obovés	mp	obové
obscur	ms	obscur
obscure	fs	obscur
obscures	fp	obscur
obscurs	mp	obscur
observateur	ms	observateur
observateurs	mp	observateur
observatrice	fs	observateur
observatrices	fp	observateur
obsessionnel	ms	obsessionnel
obsessionnelle	fs	obsessionnel
obsessionnelles	fp	obsessionnel
obsessionnels	mp	obsessionnel
obsolescent	ms	obsolescent
obsolescente	fs	obsolescent
obsolescentes	fp	obsolescent
obsolescents	mp	obsolescent
obstiné	ms	obstiné
obstinée	fs	obstiné
obstinées	fp	obstiné
obstinés	mp	obstiné
obstétrical	ms	obstétrical
obstétricale	fs	obstétrical
obstétricales	fp	obstétrical
obstétricaux	mp	obstétrical
obsédant	ms	obsédant
obsédante	fs	obsédant
obsédantes	fp	obsédant
obsédants	mp	obsédant
obséquieuse	fs	obséquieux
obséquieuses	fp	obséquieux
obtuse	fs	obtus
obtuses	fp	obtus
obéissant	ms	obéissant
obéissante	fs	obéissant
obéissantes	fp	obéissant
obéissants	mp	obéissant
occasionnel	ms	occasionnel
occasionnelle	fs	occasionnel
occasionnelles	fp	occasionnel
occasionnels	mp	occasionnel
occidental	ms	occidental
occidentale	fs	occidental
occidentales	fp	occidental
occidentaux	mp	occidental
occipital	ms	occipital
occipitale	fs	occipital
occipitales	fp	occipital
occipitaux	mp	occipital
occitan	ms	occitan
occitane	fs	occitan
occitanes	fp	occitan
occitans	mp	occitan
occlusif	ms	occlusif
occlusifs	mp	occlusif
occlusive	fs	occlusif
occlusives	fp	occlusif
occupé	ms	occupé
occupée	fs	occupé
occupées	fp	occupé
occupés	mp	occupé
octogonal	ms	octogonal
octogonale	fs	octogonal
octogonales	fp	octogonal
octogonaux	mp	octogonal
océane	fs	océane
océanes	fp	océane
odieuse	fs	odieux
odieuses	fp	odieux
odorant	ms	odorant
odorante	fs	odorant
odorantes	fp	odorant
odorants	mp	odorant
odoriférant	ms	odoriférant
odoriférante	fs	odoriférant
odoriférantes	fp	odoriférant
odoriférants	mp	odoriférant
oedipien	ms	oedipien
oedipienne	fs	oedipien
oedipiennes	fp	oedipien
oedipiens	mp	oedipien
oedémateuse	fs	oedémateux
oedémateuses	fp	oedémateux
oeso-gastro-duodénal	ms	oeso-gastro-duodénal
oeso-gastro-duodénale	fs	oeso-gastro-duodénal
oeso-gastro-duodénales	fp	oeso-gastro-duodénal
oeso-gastro-duodénaux	mp	oeso-gastro-duodénal
oesophagien	ms	oesophagien
oesophagienne	fs	oesophagien
oesophagiennes	fp	oesophagien
oesophagiens	mp	oesophagien
offensant	ms	offensant
offensante	fs	offensant
offensantes	fp	offensant
offensants	mp	offensant
offensif	ms	offensif
offensifs	mp	offensif
offensive	fs	offensif
offensives	fp	offensif
officiel	ms	officiel
officielle	fs	officiel
officielles	fp	officiel
officiels	mp	officiel
officieuse	fs	officieux
officieuses	fp	officieux
officinal	ms	officinal
officinale	fs	officinal
officinales	fp	officinal
officinaux	mp	officinal
ogival	ms	ogival
ogivale	fs	ogival
ogivales	fp	ogival
ogivaux	mp	ogival
ogoni	ms	ogoni
ogonie	fs	ogoni
ogonies	fp	ogoni
ogonis	mp	ogoni
oiseuse	fs	oiseux
oiseuses	fp	oiseux
olfactif	ms	olfactif
olfactifs	mp	olfactif
olfactive	fs	olfactif
olfactives	fp	olfactif
olympien	ms	olympien
olympienne	fs	olympien
olympiennes	fp	olympien
olympiens	mp	olympien
oléagineuse	fs	oléagineux
oléagineuses	fp	oléagineux
ombilical	ms	ombilical
ombilicale	fs	ombilical
ombilicales	fp	ombilical
ombilicaux	mp	ombilical
ombrageuse	fs	ombrageux
ombrageuses	fp	ombrageux
omnipotent	ms	omnipotent
omnipotente	fs	omnipotent
omnipotentes	fp	omnipotent
omnipotents	mp	omnipotent
omniprésent	ms	omniprésent
omniprésente	fs	omniprésent
omniprésentes	fp	omniprésent
omniprésents	mp	omniprésent
omniscient	ms	omniscient
omnisciente	fs	omniscient
omniscientes	fp	omniscient
omniscients	mp	omniscient
onctueuse	fs	onctueux
onctueuses	fp	onctueux
ondoyant	ms	ondoyant
ondoyante	fs	ondoyant
ondoyantes	fp	ondoyant
ondoyants	mp	ondoyant
ondulant	ms	ondulant
ondulante	fs	ondulant
ondulantes	fp	ondulant
ondulants	mp	ondulant
onduleuse	fs	onduleux
onduleuses	fp	onduleux
onguiculé	ms	onguiculé
onguiculée	fs	onguiculé
onguiculées	fp	onguiculé
onguiculés	mp	onguiculé
ontarien	ms	ontarien
ontarienne	fs	ontarien
ontariennes	fp	ontarien
ontariens	mp	ontarien
onusien	ms	onusien
onusienne	fs	onusien
onusiennes	fp	onusien
onusiens	mp	onusien
onéreuse	fs	onéreux
onéreuses	fp	onéreux
opalescent	ms	opalescent
opalescente	fs	opalescent
opalescentes	fp	opalescent
opalescents	mp	opalescent
opalin	ms	opalin
opaline	fs	opalin
opalines	fp	opalin
opalins	mp	opalin
opportun	ms	opportun
opportune	fs	opportun
opportunes	fp	opportun
opportuns	mp	opportun
oppressant	ms	oppressant
oppressante	fs	oppressant
oppressantes	fp	oppressant
oppressants	mp	oppressant
oppressif	ms	oppressif
oppressifs	mp	oppressif
oppressive	fs	oppressif
oppressives	fp	oppressif
optatif	ms	optatif
optatifs	mp	optatif
optative	fs	optatif
optatives	fp	optatif
optimal	ms	optimal
optimale	fs	optimal
optimales	fp	optimal
optimaux	mp	optimal
optionnel	ms	optionnel
optionnelle	fs	optionnel
optionnelles	fp	optionnel
optionnels	mp	optionnel
opulent	ms	opulent
opulente	fs	opulent
opulentes	fp	opulent
opulents	mp	opulent
opérant	ms	opérant
opérante	fs	opérant
opérantes	fp	opérant
opérants	mp	opérant
opérationnel	ms	opérationnel
opérationnelle	fs	opérationnel
opérationnelles	fp	opérationnel
opérationnels	mp	opérationnel
orageuse	fs	orageux
orageuses	fp	orageux
oral	ms	oral
orale	fs	oral
orales	fp	oral
oralisant	ms	oralisant
oralisante	fs	oralisant
oralisantes	fp	oralisant
oralisants	mp	oralisant
orangé	ms	orangé
orangée	fs	orangé
orangées	fp	orangé
orangés	mp	orangé
oraux	mp	oral
orbital	ms	orbital
orbitale	fs	orbital
orbitales	fp	orbital
orbitaux	mp	orbital
orchestral	ms	orchestral
orchestrale	fs	orchestral
orchestrales	fp	orchestral
orchestraux	mp	orchestral
ordinal	ms	ordinal
ordinale	fs	ordinal
ordinales	fp	ordinal
ordinaux	mp	ordinal
ordurier	ms	ordurier
orduriers	mp	ordurier
ordurière	fs	ordurier
ordurières	fp	ordurier
organisationnel	ms	organisationnel
organisationnelle	fs	organisationnel
organisationnelles	fp	organisationnel
organisationnels	mp	organisationnel
orgueilleuse	fs	orgueilleux
orgueilleuses	fp	orgueilleux
oriental	ms	oriental
orientale	fs	oriental
orientales	fp	oriental
orientaux	mp	oriental
original	ms	original
originale	fs	original
originales	fp	original
originaux	mp	original
originel	ms	originel
originelle	fs	originel
originelles	fp	originel
originels	mp	originel
ornemental	ms	ornemental
ornementale	fs	ornemental
ornementales	fp	ornemental
ornementaux	mp	ornemental
orphelin	ms	orphelin
orpheline	fs	orphelin
orphelines	fp	orphelin
orphelins	mp	orphelin
orthogonal	ms	orthogonal
orthogonale	fs	orthogonal
orthogonales	fp	orthogonal
orthogonaux	mp	orthogonal
oscillant	ms	oscillant
oscillante	fs	oscillant
oscillantes	fp	oscillant
oscillants	mp	oscillant
osseuse	fs	osseux
osseuses	fp	osseux
ostéo-cartilagineuse	fs	ostéo-cartilagineux
ostéo-cartilagineuses	fp	ostéo-cartilagineux
ottoman	ms	ottoman
ottomane	fs	ottoman
ottomanes	fp	ottoman
ottomans	mp	ottoman
ougandaise	fs	ougandais
ougandaises	fp	ougandais
ourlé	ms	ourlé
ourlée	fs	ourlé
ourlées	fp	ourlé
ourlés	mp	ourlé
outrageant	ms	outrageant
outrageante	fs	outrageant
outrageantes	fp	outrageant
outrageants	mp	outrageant
outrageuse	fs	outrageux
outrageuses	fp	outrageux
outrancier	ms	outrancier
outranciers	mp	outrancier
outrancière	fs	outrancier
outrancières	fp	outrancier
outrecuidant	ms	outrecuidant
outrecuidante	fs	outrecuidant
outrecuidantes	fp	outrecuidant
outrecuidants	mp	outrecuidant
ouvert	ms	ouvert
ouverte	fs	ouvert
ouvertes	fp	ouvert
ouverts	mp	ouvert
ouvrant	ms	ouvrant
ouvrante	fs	ouvrant
ouvrantes	fp	ouvrant
ouvrants	mp	ouvrant
ouvrier	ms	ouvrier
ouvriers	mp	ouvrier
ouvrière	fs	ouvrier
ouvrières	fp	ouvrier
ouvré	ms	ouvré
ouvrée	fs	ouvré
ouvrées	fp	ouvré
ouvrés	mp	ouvré
ouzbèke	fs	ouzbek
ouzbèkes	fp	ouzbek
ouïgour	ms	ouïgour
ouïgoure	fs	ouïgour
ouïgoures	fp	ouïgour
ouïgours	mp	ouïgour
ovale-lancéolé	ms	ovale-lancéolé
ovale-lancéolée	fs	ovale-lancéolé
ovales-lancéolées	fp	ovale-lancéolé
ovales-lancéolés	mp	ovale-lancéolé
ovarien	ms	ovarien
ovarienne	fs	ovarien
ovariennes	fp	ovarien
ovariens	mp	ovarien
overbooké	ms	overbooké
overbookée	fs	overbooké
overbookées	fp	overbooké
overbookés	mp	overbooké
ovin	ms	ovin
ovine	fs	ovin
ovines	fp	ovin
ovins	mp	ovin
ovoïdal	ms	ovoïdal
ovoïdale	fs	ovoïdal
ovoïdales	fp	ovoïdal
ovoïdaux	mp	ovoïdal
ovulé	ms	ovulé
ovulée	fs	ovulé
ovulées	fp	ovulé
ovulés	mp	ovulé
oxydant	ms	oxydant
oxydante	fs	oxydant
oxydantes	fp	oxydant
oxydants	mp	oxydant
p'tit	ms	petit
p'tit'	ms	petit
p'tite	fs	petit
p'tites	fp	petit
p'tits	mp	petit
packagé	ms	packagé
packagée	fs	packagé
packagées	fp	packagé
packagés	mp	packagé
pacsé	ms	pacsé
pacsée	fs	pacsé
pacsées	fp	pacsé
pacsés	mp	pacsé
paillard	ms	paillard
paillarde	fs	paillard
paillardes	fp	paillard
paillards	mp	paillard
pailleté	ms	pailleté
pailletée	fs	pailleté
pailletées	fp	pailleté
pailletés	mp	pailleté
pakistanaise	fs	pakistanais
pakistanaises	fp	pakistanais
palestinien	ms	palestinien
palestinienne	fs	palestinien
palestiniennes	fp	palestinien
palestiniens	mp	palestinien
palliatif	ms	palliatif
palliatifs	mp	palliatif
palliative	fs	palliatif
palliatives	fp	palliatif
palpitant	ms	palpitant
palpitante	fs	palpitant
palpitantes	fp	palpitant
palpitants	mp	palpitant
panafricain	ms	panafricain
panafricaine	fs	panafricain
panafricaines	fp	panafricain
panafricains	mp	panafricain
panaméen	ms	panaméen
panaméenne	fs	panaméen
panaméennes	fp	panaméen
panaméens	mp	panaméen
pantelant	ms	pantelant
pantelante	fs	pantelant
pantelantes	fp	pantelant
pantelants	mp	pantelant
pantoise	fs	pantois
pantoises	fp	pantois
papal	ms	papal
papale	fs	papal
papales	fp	papal
papaux	mp	papal
paperassier	ms	paperassier
paperassiers	mp	paperassier
paperassière	fs	paperassier
paperassières	fp	paperassier
papillotant	ms	papillotant
papillotante	fs	papillotant
papillotantes	fp	papillotant
papillotants	mp	papillotant
papyracé	ms	papyracé
papyracée	fs	papyracé
papyracées	fp	papyracé
papyracés	mp	papyracé
paradoxal	ms	paradoxal
paradoxale	fs	paradoxal
paradoxales	fp	paradoxal
paradoxaux	mp	paradoxal
parafiscal	ms	parafiscal
parafiscale	fs	parafiscal
parafiscales	fp	parafiscal
parafiscaux	mp	parafiscal
parafé	ms	parafé
parafée	fs	parafé
parafées	fp	parafé
parafés	mp	parafé
paraguayen	ms	paraguayen
paraguayenne	fs	paraguayen
paraguayennes	fp	paraguayen
paraguayens	mp	paraguayen
paralysant	ms	paralysant
paralysante	fs	paralysant
paralysantes	fp	paralysant
paralysants	mp	paralysant
paramédical	ms	paramédical
paramédicale	fs	paramédical
paramédicales	fp	paramédical
paramédicaux	mp	paramédical
parapublic	ms	parapublic
parapublics	mp	parapublic
parapublique	fs	parapublic
parapubliques	fp	parapublic
parcimonieuse	fs	parcimonieux
parcimonieuses	fp	parcimonieux
pareil	ms	pareil
pareille	fs	pareil
pareilles	fp	pareil
pareils	mp	pareil
parental	ms	parental
parentale	fs	parental
parentales	fp	parental
parentaux	mp	parental
parentéral	ms	parentéral
parentérale	fs	parentéral
parentérales	fp	parentéral
parentéraux	mp	parentéral
paresseuse	fs	paresseux
paresseuses	fp	paresseux
parfait	ms	parfait
parfaite	fs	parfait
parfaites	fp	parfait
parfaits	mp	parfait
paripenné	ms	paripenné
paripennée	fs	paripenné
paripennées	fp	paripenné
paripennés	mp	paripenné
parisien	ms	parisien
parisienne	fs	parisien
parisiennes	fp	parisien
parisiens	mp	parisien
pariétal	ms	pariétal
pariétale	fs	pariétal
pariétales	fp	pariétal
pariétaux	mp	pariétal
parlant	ms	parlant
parlante	fs	parlant
parlantes	fp	parlant
parlants	mp	parlant
parménidien	ms	parménidien
parménidienne	fs	parménidien
parménidiennes	fp	parménidien
parménidiens	mp	parménidien
paroissial	ms	paroissial
paroissiale	fs	paroissial
paroissiales	fp	paroissial
paroissiaux	mp	paroissial
partant	ms	partant
partante	fs	partant
partantes	fp	partant
partants	mp	partant
partial	ms	partial
partiale	fs	partial
partiales	fp	partial
partiaux	mp	partial
participatif	ms	participatif
participatifs	mp	participatif
participative	fs	participatif
participatives	fp	participatif
particulier	ms	particulier
particuliers	mp	particulier
particulière	fs	particulier
particulières	fp	particulier
partiel	ms	partiel
partielle	fs	partiel
partielles	fp	partiel
partiels	mp	partiel
partisan	ms	partisan
partisane	fs	partisan
partisanes	fp	partisan
partisans	mp	partisan
partitif	ms	partitif
partitifs	mp	partitif
partitive	fs	partitif
partitives	fp	partitif
pascal	ms	pascal
pascale	fs	pascal
pascales	fp	pascal
pascalien	ms	pascalien
pascalienne	fs	pascalien
pascaliennes	fp	pascalien
pascaliens	mp	pascalien
pascaux	mp	pascal
passif	ms	passif
passifs	mp	passif
passionnant	ms	passionnant
passionnante	fs	passionnant
passionnantes	fp	passionnant
passionnants	mp	passionnant
passionnel	ms	passionnel
passionnelle	fs	passionnel
passionnelles	fp	passionnel
passionnels	mp	passionnel
passive	fs	passif
passives	fp	passif
pastoral	ms	pastoral
pastorale	fs	pastoral
pastorales	fp	pastoral
pastoraux	mp	pastoral
patent	ms	patent
patente	fs	patent
patentes	fp	patent
patents	mp	patent
paternel	ms	paternel
paternelle	fs	paternel
paternelles	fp	paternel
paternels	mp	paternel
patient	ms	patient
patiente	fs	patient
patientes	fp	patient
patients	mp	patient
patriarcal	ms	patriarcal
patriarcale	fs	patriarcal
patriarcales	fp	patriarcal
patriarcaux	mp	patriarcal
patrilocal	ms	patrilocal
patrilocale	fs	patrilocal
patrilocales	fp	patrilocal
patrilocaux	mp	patrilocal
patrimonial	ms	patrimonial
patrimoniale	fs	patrimonial
patrimoniales	fp	patrimonial
patrimoniaux	mp	patrimonial
patron	ms	patron
patronal	ms	patronal
patronale	fs	patronal
patronales	fp	patronal
patronaux	mp	patronal
patronne	fs	patron
patronnes	fp	patron
patrons	mp	patron
paulinien	ms	paulinien
paulinienne	fs	paulinien
pauliniennes	fp	paulinien
pauliniens	mp	paulinien
payant	ms	payant
payante	fs	payant
payantes	fp	payant
payants	mp	payant
paysager	ms	paysager
paysagers	mp	paysager
paysagère	fs	paysager
paysagères	fp	paysager
paysan	ms	paysan
paysanne	fs	paysan
paysannes	fp	paysan
paysans	mp	paysan
pectiné	ms	pectiné
pectinée	fs	pectiné
pectinées	fp	pectiné
pectinés	mp	pectiné
pectoral	ms	pectoral
pectorale	fs	pectoral
pectorales	fp	pectoral
pectoraux	mp	pectoral
peinard	ms	peinard
peinarde	fs	peinard
peinardes	fp	peinard
peinards	mp	peinard
pelté	ms	pelté
peltée	fs	pelté
peltées	fp	pelté
peltés	mp	pelté
pelucheuse	fs	pelucheux
pelucheuses	fp	pelucheux
penaud	ms	penaud
penaude	fs	penaud
penaudes	fp	penaud
penauds	mp	penaud
pendant	ms	pendant
pendante	fs	pendant
pendantes	fp	pendant
pendants	mp	pendant
penné	ms	penné
pennée	fs	penné
pennées	fp	penné
pennés	mp	penné
pensant	ms	pensant
pensante	fs	pensant
pensantes	fp	pensant
pensants	mp	pensant
pensif	ms	pensif
pensifs	mp	pensif
pensive	fs	pensif
pensives	fp	pensif
pentafoliolé	ms	pentafoliolé
pentafoliolée	fs	pentafoliolé
pentafoliolées	fp	pentafoliolé
pentafoliolés	mp	pentafoliolé
pentagonal	ms	pentagonal
pentagonale	fs	pentagonal
pentagonales	fp	pentagonal
pentagonaux	mp	pentagonal
perceptif	ms	perceptif
perceptifs	mp	perceptif
perceptive	fs	perceptif
perceptives	fp	perceptif
percluse	fs	perclus
percluses	fp	perclus
percutant	ms	percutant
percutante	fs	percutant
percutantes	fp	percutant
percutants	mp	percutant
performant	ms	performant
performante	fs	performant
performantes	fp	performant
performants	mp	performant
permanent	ms	permanent
permanente	fs	permanent
permanentes	fp	permanent
permanents	mp	permanent
permissif	ms	permissif
permissifs	mp	permissif
permissive	fs	permissif
permissives	fp	permissif
pernicieuse	fs	pernicieux
pernicieuses	fp	pernicieux
perpétuel	ms	perpétuel
perpétuelle	fs	perpétuel
perpétuelles	fp	perpétuel
perpétuels	mp	perpétuel
persan	ms	persan
persane	fs	persan
persanes	fp	persan
persans	mp	persan
perse	fs	pers
perses	fp	pers
persistant	ms	persistant
persistante	fs	persistant
persistantes	fp	persistant
persistants	mp	persistant
persistent	ms	persistent
persistente	fs	persistent
persistentes	fp	persistent
persistents	mp	persistent
personnel	ms	personnel
personnelle	fs	personnel
personnelles	fp	personnel
personnels	mp	personnel
persuasif	ms	persuasif
persuasifs	mp	persuasif
persuasive	fs	persuasif
persuasives	fp	persuasif
persévérant	ms	persévérant
persévérante	fs	persévérant
persévérantes	fp	persévérant
persévérants	mp	persévérant
pertinent	ms	pertinent
pertinente	fs	pertinent
pertinentes	fp	pertinent
pertinents	mp	pertinent
perverse	fs	pervers
perverses	fp	pervers
perçant	ms	perçant
perçante	fs	perçant
perçantes	fp	perçant
perçants	mp	perçant
pesant	ms	pesant
pesante	fs	pesant
pesantes	fp	pesant
pesants	mp	pesant
pestilentiel	ms	pestilentiel
pestilentielle	fs	pestilentiel
pestilentielles	fp	pestilentiel
pestilentiels	mp	pestilentiel
petit	ms	petit
petite	fs	petit
petites	fp	petit
petits	mp	petit
peul	ms	peul
peule	fs	peul
peules	fp	peul
peuls	mp	peul
philippin	ms	philippin
philippinne	fs	philippin
philippinnes	fp	philippin
philippins	mp	philippin
philosophal	ms	philosophal
philosophale	fs	philosophal
philosophales	fp	philosophal
philosophaux	mp	philosophal
phosphaté	ms	phosphaté
phosphatée	fs	phosphaté
phosphatées	fp	phosphaté
phosphatés	mp	phosphaté
phosphorescent	ms	phosphorescent
phosphorescente	fs	phosphorescent
phosphorescentes	fp	phosphorescent
phosphorescents	mp	phosphorescent
phénoménal	ms	phénoménal
phénoménale	fs	phénoménal
phénoménales	fp	phénoménal
phénoménaux	mp	phénoménal
phénotypé	ms	phénotypé
phénotypée	fs	phénotypé
phénotypées	fp	phénotypé
phénotypés	mp	phénotypé
piagétien	ms	piagétien
piagétienne	fs	piagétien
piagétiennes	fp	piagétien
piagétiens	mp	piagétien
picard	ms	picard
picarde	fs	picard
picardes	fp	picard
picards	mp	picard
pictural	ms	pictural
picturale	fs	pictural
picturales	fp	pictural
picturaux	mp	pictural
pierreuse	fs	pierreux
pierreuses	fp	pierreux
pieuse	fs	pieux
pieuses	fp	pieux
pileuse	fs	pileux
pileuses	fp	pileux
pimpant	ms	pimpant
pimpante	fs	pimpant
pimpantes	fp	pimpant
pimpants	mp	pimpant
pionnier	ms	pionnier
pionniers	mp	pionnier
pionnière	fs	pionnier
pionnières	fp	pionnier
piquant	ms	piquant
piquante	fs	piquant
piquantes	fp	piquant
piquants	mp	piquant
piranésien	ms	piranésien
piranésienne	fs	piranésien
piranésiennes	fp	piranésien
piranésiens	mp	piranésien
piteuse	fs	piteux
piteuses	fp	piteux
pivotant	ms	pivotant
pivotante	fs	pivotant
pivotantes	fp	pivotant
pivotants	mp	pivotant
piétonnier	ms	piétonnier
piétonniers	mp	piétonnier
piétonnière	fs	piétonnier
piétonnières	fp	piétonnier
plagal	ms	plagal
plagale	fs	plagal
plagales	fp	plagal
plagaux	mp	plagal
plaintif	ms	plaintif
plaintifs	mp	plaintif
plaintive	fs	plaintif
plaintives	fp	plaintif
plaisant	ms	plaisant
plaisante	fs	plaisant
plaisantes	fp	plaisant
plaisants	mp	plaisant
plan	ms	plan
plane	fs	plan
planes	fp	plan
plans	mp	plan
plantureuse	fs	plantureux
plantureuses	fp	plantureux
plat	ms	plat
plate	fs	plat
plates	fp	plat
plats	mp	plat
plein	ms	plein
plein aux as	ms	plein aux as
pleine	fs	plein
pleine aux as	fs	plein aux as
pleines	fp	plein
pleines aux as	fp	plein aux as
pleins	mp	plein
pleins aux as	mp	plein aux as
pliant	ms	pliant
pliante	fs	pliant
pliantes	fp	pliant
pliants	mp	pliant
plongeant	ms	plongeant
plongeante	fs	plongeant
plongeantes	fp	plongeant
plongeants	mp	plongeant
plural	ms	plural
plurale	fs	plural
plurales	fp	plural
pluraux	mp	plural
pluriannuel	ms	pluriannuel
pluriannuelle	fs	pluriannuel
pluriannuelles	fp	pluriannuel
pluriannuels	mp	pluriannuel
pluriel	ms	pluriel
plurielle	fs	pluriel
plurielles	fp	pluriel
pluriels	mp	pluriel
pluripenné	ms	pluripenné
pluripennée	fs	pluripenné
pluripennées	fp	pluripenné
pluripennés	mp	pluripenné
pluvial	ms	pluvial
pluviale	fs	pluvial
pluviales	fp	pluvial
pluviaux	mp	pluvial
pluvieuse	fs	pluvieux
pluvieuses	fp	pluvieux
plébéien	ms	plébéien
plébéienne	fs	plébéien
plébéiennes	fp	plébéien
plébéiens	mp	plébéien
plénier	ms	plénier
pléniers	mp	plénier
plénière	fs	plénier
plénières	fp	plénier
pochtronné	ms	pochtronné
pochtronnée	fs	pochtronné
pochtronnées	fp	pochtronné
pochtronnés	mp	pochtronné
poignant	ms	poignant
poignante	fs	poignant
poignantes	fp	poignant
poignants	mp	poignant
poilu	ms	poilu
poilue	fs	poilu
poilues	fp	poilu
poilus	mp	poilu
pointu	ms	pointu
pointue	fs	pointu
pointues	fp	pointu
pointus	mp	pointu
poisseuse	fs	poisseux
poisseuses	fp	poisseux
poissonneuse	fs	poissonneux
poissonneuses	fp	poissonneux
poissonnier	ms	poissonnier
poissonniers	mp	poissonnier
poissonnière	fs	poissonnier
poissonnières	fp	poissonnier
poli	ms	poli
policier	ms	policier
policiers	mp	policier
policière	fs	policier
policières	fp	policier
polie	fs	poli
polies	fp	poli
polis	mp	poli
politicien	ms	politicien
politicienne	fs	politicien
politiciennes	fp	politicien
politiciens	mp	politicien
polluant	ms	polluant
polluante	fs	polluant
polluantes	fp	polluant
polluants	mp	polluant
polonaise	fs	polonais
polonaises	fp	polonais
poltron	ms	poltron
poltronne	fs	poltron
poltronnes	fp	poltron
poltrons	mp	poltron
polygonal	ms	polygonal
polygonale	fs	polygonal
polygonales	fp	polygonal
polygonaux	mp	polygonal
polynomial	ms	polynomial
polynomiale	fs	polynomial
polynomiales	fp	polynomial
polynomiaux	mp	polynomial
polynésien	ms	polynésien
polynésienne	fs	polynésien
polynésiennes	fp	polynésien
polynésiens	mp	polynésien
polyvalent	ms	polyvalent
polyvalente	fs	polyvalent
polyvalentes	fp	polyvalent
polyvalents	mp	polyvalent
pommelé	ms	pommelé
pommelée	fs	pommelé
pommelées	fp	pommelé
pommelés	mp	pommelé
pompeuse	fs	pompeux
pompeuses	fp	pompeux
pompidolien	ms	pompidolien
pompidolienne	fs	pompidolien
pompidoliennes	fp	pompidolien
pompidoliens	mp	pompidolien
ponctuel	ms	ponctuel
ponctuelle	fs	ponctuel
ponctuelles	fp	ponctuel
ponctuels	mp	ponctuel
pondéral	ms	pondéral
pondérale	fs	pondéral
pondérales	fp	pondéral
pondéraux	mp	pondéral
pondéreuse	fs	pondéreux
pondéreuses	fp	pondéreux
pontifical	ms	pontifical
pontificale	fs	pontifical
pontificales	fp	pontifical
pontificaux	mp	pontifical
populacier	ms	populacier
populaciers	mp	populacier
populacière	fs	populacier
populacières	fp	populacier
populeuse	fs	populeux
populeuses	fp	populeux
porcin	ms	porcin
porcine	fs	porcin
porcines	fp	porcin
porcins	mp	porcin
poreuse	fs	poreux
poreuses	fp	poreux
portant	ms	portant
portante	fs	portant
portantes	fp	portant
portants	mp	portant
portatif	ms	portatif
portatifs	mp	portatif
portative	fs	portatif
portatives	fp	portatif
porteur	ms	porteur
porteurs	mp	porteur
porteuse	fs	porteur
porteuses	fp	porteur
portocain	ms	portocain
portocaine	fs	portocain
portocaines	fp	portocain
portocains	mp	portocain
portoricain	ms	portoricain
portoricaine	fs	portoricain
portoricaines	fp	portoricain
portoricains	mp	portoricain
portrice	fs	porteur
portrices	fp	porteur
portugaise	fs	portugais
portugaises	fp	portugais
portuguaise	fs	portuguais
portuguaises	fp	portuguais
positif	ms	positif
positifs	mp	positif
positive	fs	positif
positives	fp	positif
possessif	ms	possessif
possessifs	mp	possessif
possessive	fs	possessif
possessives	fp	possessif
postal	ms	postal
postale	fs	postal
postales	fp	postal
postaux	mp	postal
postforestier	ms	postforestier
postforestiers	mp	postforestier
postforestière	fs	postforestier
postforestières	fp	postforestier
postindustriel	ms	postindustriel
postindustrielle	fs	postindustriel
postindustrielles	fp	postindustriel
postindustriels	mp	postindustriel
postnatal	ms	postnatal
postnatale	fs	postnatal
postnatales	fp	postnatal
postnatals	mp	postnatal
postural	ms	postural
posturale	fs	postural
posturales	fp	postural
posturaux	mp	postural
postérieur	ms	postérieur
postérieure	fs	postérieur
postérieures	fp	postérieur
postérieurs	mp	postérieur
potager	ms	potager
potagers	mp	potager
potagère	fs	potager
potagères	fp	potager
potelé	ms	potelé
potelée	fs	potelé
potelées	fp	potelé
potelés	mp	potelé
potencé	ms	potencé
potencée	fs	potencé
potencées	fp	potencé
potencés	mp	potencé
potentiel	ms	potentiel
potentielle	fs	potentiel
potentielles	fp	potentiel
potentiels	mp	potentiel
poudreuse	fs	poudreux
poudreuses	fp	poudreux
poupin	ms	poupin
poupine	fs	poupin
poupines	fp	poupin
poupins	mp	poupin
pourfendeur	ms	pourfendeur
pourfendeurs	mp	pourfendeur
pourfendeuse	fs	pourfendeur
pourfendeuses	fp	pourfendeur
pourpré	ms	pourpré
pourprée	fs	pourpré
pourprées	fp	pourpré
pourprés	mp	pourpré
pourrissant	ms	pourrissant
pourrissante	fs	pourrissant
pourrissantes	fp	pourrissant
pourrissants	mp	pourrissant
poussif	ms	poussif
poussifs	mp	poussif
poussive	fs	poussif
poussives	fp	poussif
poussiéreuse	fs	poussiéreux
poussiéreuses	fp	poussiéreux
premier	ms	premier
premier venu	ms	premier venu
premiers	mp	premier
premiers venus	mp	premier venu
première	fs	premier
première venue	fs	premier venu
premières	fp	premier
premières venues	fp	premier venu
prenant	ms	prenant
prenante	fs	prenant
prenantes	fp	prenant
prenants	mp	prenant
presbytérien	ms	presbytérien
presbytérienne	fs	presbytérien
presbytériennes	fp	presbytérien
presbytériens	mp	presbytérien
prescriptif	ms	prescriptif
prescriptifs	mp	prescriptif
prescriptive	fs	prescriptif
prescriptives	fp	prescriptif
pressant	ms	pressant
pressante	fs	pressant
pressantes	fp	pressant
pressants	mp	pressant
pressé	ms	pressé
pressée	fs	pressé
pressées	fp	pressé
pressés	mp	pressé
prestigieuse	fs	prestigieux
prestigieuses	fp	prestigieux
primesautier	ms	primesautier
primesautiers	mp	primesautier
primesautière	fs	primesautier
primesautières	fp	primesautier
primitif	ms	primitif
primitifs	mp	primitif
primitive	fs	primitif
primitives	fp	primitif
primordial	ms	primordial
primordiale	fs	primordial
primordiales	fp	primordial
primordiaux	mp	primordial
princier	ms	princier
princiers	mp	princier
principal	ms	principal
principale	fs	principal
principales	fp	principal
principaux	mp	principal
princière	fs	princier
princières	fp	princier
printanier	ms	printanier
printaniers	mp	printanier
printanière	fs	printanier
printanières	fp	printanier
prisonnier	ms	prisonnier
prisonniers	mp	prisonnier
prisonnière	fs	prisonnier
prisonnières	fp	prisonnier
prisé	ms	prisé
prisée	fs	prisé
prisées	fp	prisé
prisés	mp	prisé
privatif	ms	privatif
privatifs	mp	privatif
privative	fs	privatif
privatives	fp	privatif
proactif	ms	proactif
proactifs	mp	proactif
proactive	fs	proactif
proactives	fp	proactif
probant	ms	probant
probante	fs	probant
probantes	fp	probant
probants	mp	probant
prochain	ms	prochain
prochaine	fs	prochain
prochaines	fp	prochain
prochains	mp	prochain
procréateur	ms	procréateur
procréateurs	mp	procréateur
procréatrice	fs	procréateur
procréatrices	fp	procréateur
prodigieuse	fs	prodigieux
prodigieuses	fp	prodigieux
producteur	ms	producteur
producteurs	mp	producteur
productif	ms	productif
productifs	mp	productif
productive	fs	productif
productives	fp	productif
productrice	fs	producteur
productrices	fp	producteur
professionnel	ms	professionnel
professionnelle	fs	professionnel
professionnelles	fp	professionnel
professionnels	mp	professionnel
professoral	ms	professoral
professorale	fs	professoral
professorales	fp	professoral
professoraux	mp	professoral
profond	ms	profond
profonde	fs	profond
profondes	fp	profond
profonds	mp	profond
progouvernemental	ms	progouvernemental
progouvernementale	fs	progouvernemental
progouvernementales	fp	progouvernemental
progouvernementaux	mp	progouvernemental
progressif	ms	progressif
progressifs	mp	progressif
progressive	fs	progressif
progressives	fp	progressif
prohibitif	ms	prohibitif
prohibitifs	mp	prohibitif
prohibitive	fs	prohibitif
prohibitives	fp	prohibitif
projectif	ms	projectif
projectifs	mp	projectif
projective	fs	projectif
projectives	fp	projectif
prolétarien	ms	prolétarien
prolétarienne	fs	prolétarien
prolétariennes	fp	prolétarien
prolétariens	mp	prolétarien
prometteur	ms	prometteur
prometteurs	mp	prometteur
prometteuse	fs	prometteur
prometteuses	fp	prometteur
promotionnel	ms	promotionnel
promotionnelle	fs	promotionnel
promotionnelles	fp	promotionnel
promotionnels	mp	promotionnel
prompt	ms	prompt
prompte	fs	prompt
promptes	fp	prompt
prompts	mp	prompt
prométhéen	ms	prométhéen
prométhéenne	fs	prométhéen
prométhéennes	fp	prométhéen
prométhéens	mp	prométhéen
pronominal	ms	pronominal
pronominale	fs	pronominal
pronominales	fp	pronominal
pronominaux	mp	pronominal
proportionnel	ms	proportionnel
proportionnelle	fs	proportionnel
proportionnelles	fp	proportionnel
proportionnels	mp	proportionnel
propositionnel	ms	propositionnel
propositionnelle	fs	propositionnel
propositionnelles	fp	propositionnel
propositionnels	mp	propositionnel
propulsif	ms	propulsif
propulsifs	mp	propulsif
propulsive	fs	propulsif
propulsives	fp	propulsif
prospectif	ms	prospectif
prospectifs	mp	prospectif
prospective	fs	prospectif
prospectives	fp	prospectif
prostré	ms	prostré
prostrée	fs	prostré
prostrées	fp	prostré
prostrés	mp	prostré
protecteur	ms	protecteur
protecteurs	mp	protecteur
protectrice	fs	protecteur
protectrices	fp	protecteur
protestant	ms	protestant
protestante	fs	protestant
protestantes	fp	protestant
protestants	mp	protestant
protonational	ms	protonational
protonationale	fs	protonational
protonationales	fp	protonational
protonationaux	mp	protonational
protubérant	ms	protubérant
protubérante	fs	protubérant
protubérantes	fp	protubérant
protubérants	mp	protubérant
proustien	ms	proustien
proustienne	fs	proustien
proustiennes	fp	proustien
proustiens	mp	proustien
provençal	ms	provençal
provençale	fs	provençal
provençales	fp	provençal
provençaux	mp	provençal
proverbial	ms	proverbial
proverbiale	fs	proverbial
proverbiales	fp	proverbial
proverbiaux	mp	proverbial
providentiel	ms	providentiel
providentielle	fs	providentiel
providentielles	fp	providentiel
providentiels	mp	providentiel
provincial	ms	provincial
provinciale	fs	provincial
provinciales	fp	provincial
provinciaux	mp	provincial
provisionnel	ms	provisionnel
provisionnelle	fs	provisionnel
provisionnelles	fp	provisionnel
provisionnels	mp	provisionnel
provocant	ms	provocant
provocante	fs	provocant
provocantes	fp	provocant
provocants	mp	provocant
provocateur	ms	provocateur
provocateurs	mp	provocateur
provocatrice	fs	provocateur
provocatrices	fp	provocateur
proéminent	ms	proéminent
proéminente	fs	proéminent
proéminentes	fp	proéminent
proéminents	mp	proéminent
prud'homal	ms	prud'homal
prud'homale	fs	prud'homal
prud'homales	fp	prud'homal
prud'homaux	mp	prud'homal
prudent	ms	prudent
prudente	fs	prudent
prudentes	fp	prudent
prudents	mp	prudent
prussien	ms	prussien
prussienne	fs	prussien
prussiennes	fp	prussien
prussiens	mp	prussien
précambrien	ms	précambrien
précambrienne	fs	précambrien
précambriennes	fp	précambrien
précambriens	mp	précambrien
précautionneuse	fs	précautionneux
précautionneuses	fp	précautionneux
précieuse	fs	précieux
précieuses	fp	précieux
précise	fs	précis
précises	fp	précis
préconscient	ms	préconscient
préconsciente	fs	préconscient
préconscientes	fp	préconscient
préconscients	mp	préconscient
précédent	ms	précédent
précédente	fs	précédent
précédentes	fp	précédent
précédents	mp	précédent
prédictif	ms	prédictif
prédictifs	mp	prédictif
prédictive	fs	prédictif
prédictives	fp	prédictif
prédominant	ms	prédominant
prédominante	fs	prédominant
prédominantes	fp	prédominant
prédominants	mp	prédominant
prédécoupé	ms	prédécoupé
prédécoupée	fs	prédécoupé
prédécoupées	fp	prédécoupé
prédécoupés	mp	prédécoupé
préemballé	ms	préemballé
préemballée	fs	préemballé
préemballées	fp	préemballé
préemballés	mp	préemballé
préemptif	ms	préemptif
préemptifs	mp	préemptif
préemptive	fs	préemptif
préemptives	fp	préemptif
préexistant	ms	préexistant
préexistante	fs	préexistant
préexistantes	fp	préexistant
préexistants	mp	préexistant
préfectoral	ms	préfectoral
préfectorale	fs	préfectoral
préfectorales	fp	préfectoral
préfectoraux	mp	préfectoral
préforestier	ms	préforestier
préforestiers	mp	préforestier
préforestière	fs	préforestier
préforestières	fp	préforestier
préférentiel	ms	préférentiel
préférentielle	fs	préférentiel
préférentielles	fp	préférentiel
préférentiels	mp	préférentiel
prégnant	ms	prégnant
prégnante	fs	prégnant
prégnantes	fp	prégnant
prégnants	mp	prégnant
préhenseur	ms	préhenseur
préhenseurs	mp	préhenseur
préhenseuse	fs	préhenseur
préhenseuses	fp	préhenseur
préjudiciel	ms	préjudiciel
préjudicielle	fs	préjudiciel
préjudicielles	fp	préjudiciel
préjudiciels	mp	préjudiciel
prématuré	ms	prématuré
prématurée	fs	prématuré
prématurées	fp	prématuré
prématurés	mp	prématuré
prénatal	ms	prénatal
prénatale	fs	prénatal
prénatales	fp	prénatal
prénatals	mp	prénatal
prénuptial	ms	prénuptial
prénuptiale	fs	prénuptial
prénuptiales	fp	prénuptial
prénuptiaux	mp	prénuptial
préoccupant	ms	préoccupant
préoccupante	fs	préoccupant
préoccupantes	fp	préoccupant
préoccupants	mp	préoccupant
préoccupé	ms	préoccupé
préoccupée	fs	préoccupé
préoccupées	fp	préoccupé
préoccupés	mp	préoccupé
prépondérant	ms	prépondérant
prépondérante	fs	prépondérant
prépondérantes	fp	prépondérant
prépondérants	mp	prépondérant
présent	ms	présent
présente	fs	présent
présentes	fp	présent
présents	mp	présent
présidentiel	ms	présidentiel
présidentielle	fs	présidentiel
présidentielles	fp	présidentiel
présidentiels	mp	présidentiel
présomptif	ms	présomptif
présomptifs	mp	présomptif
présomptive	fs	présomptif
présomptives	fp	présomptif
présomptueuse	fs	présomptueux
présomptueuses	fp	présomptueux
prétentieuse	fs	prétentieux
prétentieuses	fp	prétentieux
prétorien	ms	prétorien
prétorienne	fs	prétorien
prétoriennes	fp	prétorien
prétoriens	mp	prétorien
prévenant	ms	prévenant
prévenante	fs	prévenant
prévenantes	fp	prévenant
prévenants	mp	prévenant
préventif	ms	préventif
préventifs	mp	préventif
préventive	fs	préventif
préventives	fp	préventif
prévisionnel	ms	prévisionnel
prévisionnelle	fs	prévisionnel
prévisionnelles	fp	prévisionnel
prévisionnels	mp	prévisionnel
prévoyant	ms	prévoyant
prévoyante	fs	prévoyant
prévoyantes	fp	prévoyant
prévoyants	mp	prévoyant
préélectoral	ms	préélectoral
préélectorale	fs	préélectoral
préélectorales	fp	préélectoral
préélectoraux	mp	préélectoral
prééminent	ms	prééminent
prééminente	fs	prééminent
prééminentes	fp	prééminent
prééminents	mp	prééminent
prêt	ms	prêt
prête	fs	prêt
prêtes	fp	prêt
prêts	mp	prêt
psychomoteur	ms	psychomoteur
psychomoteurs	mp	psychomoteur
psychomotrice	fs	psychomoteur
psychomotrices	fp	psychomoteur
psychosocial	ms	psychosocial
psychosociale	fs	psychosocial
psychosociales	fp	psychosocial
psychosociaux	mp	psychosocial
ptit	ms	petit
ptite	fs	petit
ptites	fp	petit
ptits	mp	petit
puant	ms	puant
puante	fs	puant
puantes	fp	puant
puants	mp	puant
pubescent	ms	pubescent
pubescente	fs	pubescent
pubescentes	fp	pubescent
pubescents	mp	pubescent
public	ms	public
publics	mp	public
publique	fs	public
publiques	fp	public
pudibond	ms	pudibond
pudibonde	fs	pudibond
pudibondes	fp	pudibond
pudibonds	mp	pudibond
puissant	ms	puissant
puissante	fs	puissant
puissantes	fp	puissant
puissants	mp	puissant
pulpeuse	fs	pulpeux
pulpeuses	fp	pulpeux
pulsant	ms	pulsant
pulsante	fs	pulsant
pulsantes	fp	pulsant
pulsants	mp	pulsant
pulsionnel	ms	pulsionnel
pulsionnelle	fs	pulsionnel
pulsionnelles	fp	pulsionnel
pulsionnels	mp	pulsionnel
pulsé	ms	pulsé
pulsée	fs	pulsé
pulsées	fp	pulsé
pulsés	mp	pulsé
pulvérulent	ms	pulvérulent
pulvérulente	fs	pulvérulent
pulvérulentes	fp	pulvérulent
pulvérulents	mp	pulvérulent
punitif	ms	punitif
punitifs	mp	punitif
punitive	fs	punitif
punitives	fp	punitif
pur	ms	pur
pure	fs	pur
pures	fp	pur
purgatif	ms	purgatif
purgatifs	mp	purgatif
purgative	fs	purgatif
purgatives	fp	purgatif
puritain	ms	puritain
puritaine	fs	puritain
puritaines	fp	puritain
puritains	mp	puritain
purpurin	ms	purpurin
purpurine	fs	purpurin
purpurines	fp	purpurin
purpurins	mp	purpurin
purs	mp	pur
purulent	ms	purulent
purulente	fs	purulent
purulentes	fp	purulent
purulents	mp	purulent
pustuleuse	fs	pustuleux
pustuleuses	fp	pustuleux
putatif	ms	putatif
putatifs	mp	putatif
putative	fs	putatif
putatives	fp	putatif
puéril	ms	puéril
puérile	fs	puéril
puériles	fp	puéril
puérils	mp	puéril
puîné	ms	puîné
puînée	fs	puîné
puînées	fp	puîné
puînés	mp	puîné
pygmé	ms	pygmé
pygmée	fs	pygmé
pygmées	fp	pygmé
pygmés	mp	pygmé
pyramidal	ms	pyramidal
pyramidale	fs	pyramidal
pyramidales	fp	pyramidal
pyramidaux	mp	pyramidal
pâlot	ms	pâlot
pâlote	fs	pâlot
pâlotes	fp	pâlot
pâlots	mp	pâlot
pâteuse	fs	pâteux
pâteuses	fp	pâteux
pédant	ms	pédant
pédante	fs	pédant
pédantes	fp	pédant
pédants	mp	pédant
pégylé	ms	pégylé
pégylée	fs	pégylé
pégylées	fp	pégylé
pégylés	mp	pégylé
péjoratif	ms	péjoratif
péjoratifs	mp	péjoratif
péjorative	fs	péjoratif
péjoratives	fp	péjoratif
pékinoise	fs	pékinois
pékinoises	fp	pékinois
pénal	ms	pénal
pénale	fs	pénal
pénales	fp	pénal
pénalisant	ms	pénalisant
pénalisante	fs	pénalisant
pénalisantes	fp	pénalisant
pénalisants	mp	pénalisant
pénaux	mp	pénal
pénétrant	ms	pénétrant
pénétrante	fs	pénétrant
pénétrantes	fp	pénétrant
pénétrants	mp	pénétrant
péridural	ms	péridural
péridurale	fs	péridural
péridurales	fp	péridural
périduraux	mp	péridural
périlleuse	fs	périlleux
périlleuses	fp	périlleux
périmé	ms	périmé
périmée	fs	périmé
périmées	fp	périmé
périmés	mp	périmé
périnatal	ms	périnatal
périnatale	fs	périnatal
périnatales	fp	périnatal
périnatals	mp	périnatal
péritonéal	ms	péritonéal
péritonéale	fs	péritonéal
péritonéales	fp	péritonéal
péritonéaux	mp	péritonéal
péruvien	ms	péruvien
péruvienne	fs	péruvien
péruviennes	fp	péruvien
péruviens	mp	péruvien
pétaradant	ms	pétaradant
pétaradante	fs	pétaradant
pétaradantes	fp	pétaradant
pétaradants	mp	pétaradant
pétillant	ms	pétillant
pétillante	fs	pétillant
pétillantes	fp	pétillant
pétillants	mp	pétillant
pétiolulé	ms	pétiolulé
pétiolulée	fs	pétiolulé
pétiolulées	fp	pétiolulé
pétiolulés	mp	pétiolulé
pétrifiant	ms	pétrifiant
pétrifiante	fs	pétrifiant
pétrifiantes	fp	pétrifiant
pétrifiants	mp	pétrifiant
pétrolier	ms	pétrolier
pétroliers	mp	pétrolier
pétrolière	fs	pétrolier
pétrolières	fp	pétrolier
pétulant	ms	pétulant
pétulante	fs	pétulant
pétulantes	fp	pétulant
pétulants	mp	pétulant
qatari	ms	qatari
qatarie	fs	qatari
qataries	fp	qatari
qataris	mp	qatari
quadriennal	ms	quadriennal
quadriennale	fs	quadriennal
quadriennales	fp	quadriennal
quadriennaux	mp	quadriennal
quadrifoliolé	ms	quadrifoliolé
quadrifoliolée	fs	quadrifoliolé
quadrifoliolées	fp	quadrifoliolé
quadrifoliolés	mp	quadrifoliolé
quadrilatéral	ms	quadrilatéral
quadrilatérale	fs	quadrilatéral
quadrilatérales	fp	quadrilatéral
quadrilatéraux	mp	quadrilatéral
qualifiant	ms	qualifiant
qualifiante	fs	qualifiant
qualifiantes	fp	qualifiant
qualifiants	mp	qualifiant
qualificatif	ms	qualificatif
qualificatifs	mp	qualificatif
qualificative	fs	qualificatif
qualificatives	fp	qualificatif
qualifié	ms	qualifié
qualifiée	fs	qualifié
qualifiées	fp	qualifié
qualifiés	mp	qualifié
qualitatif	ms	qualitatif
qualitatifs	mp	qualitatif
qualitative	fs	qualitatif
qualitatives	fp	qualitatif
quantitatif	ms	quantitatif
quantitatifs	mp	quantitatif
quantitative	fs	quantitatif
quantitatives	fp	quantitatif
querelleur	ms	querelleur
querelleurs	mp	querelleur
querelleuse	fs	querelleur
querelleuses	fp	querelleur
quinquennal	ms	quinquennal
quinquennale	fs	quinquennal
quinquennales	fp	quinquennal
quinquennaux	mp	quinquennal
quinteuse	fs	quinteux
quinteuses	fp	quinteux
quotidien	ms	quotidien
quotidienne	fs	quotidien
quotidiennes	fp	quotidien
quotidiens	mp	quotidien
québecoise	fs	québecois
québecoises	fp	québecois
québécoise	fs	québécois
québécoises	fp	québécois
rabelaisien	ms	rabelaisien
rabelaisienne	fs	rabelaisien
rabelaisiennes	fp	rabelaisien
rabelaisiens	mp	rabelaisien
raboteuse	fs	raboteux
raboteuses	fp	raboteux
rachidien	ms	rachidien
rachidienne	fs	rachidien
rachidiennes	fp	rachidien
rachidiens	mp	rachidien
racial	ms	racial
raciale	fs	racial
raciales	fp	racial
raciaux	mp	racial
racé	ms	racé
racée	fs	racé
racées	fp	racé
racés	mp	racé
radical	ms	radical
radicale	fs	radical
radicales	fp	radical
radicaux	mp	radical
radieuse	fs	radieux
radieuses	fp	radieux
radin	ms	radin
radine	fs	radin
radines	fp	radin
radins	mp	radin
radioactif	ms	radioactif
radioactifs	mp	radioactif
radioactive	fs	radioactif
radioactives	fp	radioactif
radioguidé	ms	radioguidé
radioguidée	fs	radioguidé
radioguidées	fp	radioguidé
radioguidés	mp	radioguidé
radiotélévisé	ms	radiotélévisé
radiotélévisée	fs	radiotélévisé
radiotélévisées	fp	radiotélévisé
radiotélévisés	mp	radiotélévisé
raffiné	ms	raffiné
raffinée	fs	raffiné
raffinées	fp	raffiné
raffinés	mp	raffiné
rafraîchissant	ms	rafraîchissant
rafraîchissante	fs	rafraîchissant
rafraîchissantes	fp	rafraîchissant
rafraîchissants	mp	rafraîchissant
rageur	ms	rageur
rageurs	mp	rageur
rageuse	fs	rageur
rageuses	fp	rageur
rajeunissant	ms	rajeunissant
rajeunissante	fs	rajeunissant
rajeunissantes	fp	rajeunissant
rajeunissants	mp	rajeunissant
rameuse	fs	rameux
rameuses	fp	rameux
rampant	ms	rampant
rampante	fs	rampant
rampantes	fp	rampant
rampants	mp	rampant
rancunier	ms	rancunier
rancuniers	mp	rancunier
rancunière	fs	rancunier
rancunières	fp	rancunier
randomisé	ms	randomisé
randomisée	fs	randomisé
randomisées	fp	randomisé
randomisés	mp	randomisé
raphial	ms	raphial
raphialle	fs	raphial
raphialles	fp	raphial
raphials	mp	raphial
raplati	ms	raplati
raplatie	fs	raplati
raplaties	fp	raplati
raplatis	mp	raplati
rasant	ms	rasant
rasante	fs	rasant
rasantes	fp	rasant
rasants	mp	rasant
rassurant	ms	rassurant
rassurante	fs	rassurant
rassurantes	fp	rassurant
rassurants	mp	rassurant
rationnel	ms	rationnel
rationnelle	fs	rationnel
rationnelles	fp	rationnel
rationnels	mp	rationnel
ravissant	ms	ravissant
ravissante	fs	ravissant
ravissantes	fp	ravissant
ravissants	mp	ravissant
rayonnant	ms	rayonnant
rayonnante	fs	rayonnant
rayonnantes	fp	rayonnant
rayonnants	mp	rayonnant
reaganien	ms	reaganien
reaganienne	fs	reaganien
reaganiennes	fp	reaganien
reaganiens	mp	reaganien
rebutant	ms	rebutant
rebutante	fs	rebutant
rebutantes	fp	rebutant
rebutants	mp	rebutant
reconnaissant	ms	reconnaissant
reconnaissante	fs	reconnaissant
reconnaissantes	fp	reconnaissant
reconnaissants	mp	reconnaissant
reconstituant	ms	reconstituant
reconstituante	fs	reconstituant
reconstituantes	fp	reconstituant
reconstituants	mp	reconstituant
recrudescent	ms	recrudescent
recrudescente	fs	recrudescent
recrudescentes	fp	recrudescent
recrudescents	mp	recrudescent
recrépi	ms	recrépi
recrépie	fs	recrépi
recrépies	fp	recrépi
recrépis	mp	recrépi
rectal	ms	rectal
rectale	fs	rectal
rectales	fp	rectal
rectaux	mp	rectal
rectificatif	ms	rectificatif
rectificatifs	mp	rectificatif
rectificative	fs	rectificatif
rectificatives	fp	rectificatif
rectionnel	ms	rectionnel
rectionnelle	fs	rectionnel
rectionnelles	fp	rectionnel
rectionnels	mp	rectionnel
rectoral	ms	rectoral
rectorale	fs	rectoral
rectorales	fp	rectoral
rectoraux	mp	rectoral
reculé	ms	reculé
reculée	fs	reculé
reculées	fp	reculé
reculés	mp	reculé
redondant	ms	redondant
redondante	fs	redondant
redondantes	fp	redondant
redondants	mp	redondant
refondateur	ms	refondateur
refondateurs	mp	refondateur
refondatrice	fs	refondateur
refondatrices	fp	refondateur
regardant	ms	regardant
regardante	fs	regardant
regardantes	fp	regardant
regardants	mp	regardant
relatif	ms	relatif
relatifs	mp	relatif
relationnel	ms	relationnel
relationnelle	fs	relationnel
relationnelles	fp	relationnel
relationnels	mp	relationnel
relative	fs	relatif
relatives	fp	relatif
religieuse	fs	religieux
religieuses	fp	religieux
reluisant	ms	reluisant
reluisante	fs	reluisant
reluisantes	fp	reluisant
reluisants	mp	reluisant
remontant	ms	remontant
remontante	fs	remontant
remontantes	fp	remontant
remontants	mp	remontant
remorqueur	ms	remorqueur
remorqueurs	mp	remorqueur
remorqueuse	fs	remorqueur
remorqueuses	fp	remorqueur
remuant	ms	remuant
remuante	fs	remuant
remuantes	fp	remuant
remuants	mp	remuant
renaissant	ms	renaissant
renaissante	fs	renaissant
renaissantes	fp	renaissant
renaissants	mp	renaissant
renaturé	ms	renaturé
renaturée	fs	renaturé
renaturées	fp	renaturé
renaturés	mp	renaturé
renflé	ms	renflé
renflée	fs	renflé
renflées	fp	renflé
renflés	mp	renflé
rentrant	ms	rentrant
rentrante	fs	rentrant
rentrantes	fp	rentrant
rentrants	mp	rentrant
renversant	ms	renversant
renversante	fs	renversant
renversantes	fp	renversant
renversants	mp	renversant
replet	ms	replet
replets	mp	replet
replète	fs	replet
replètes	fp	replet
reposant	ms	reposant
reposante	fs	reposant
reposantes	fp	reposant
reposants	mp	reposant
repoussant	ms	repoussant
repoussante	fs	repoussant
repoussantes	fp	repoussant
repoussants	mp	repoussant
reproducteur	ms	reproducteur
reproducteurs	mp	reproducteur
reproductrice	fs	reproducteur
reproductrices	fp	reproducteur
représentatif	ms	représentatif
représentatifs	mp	représentatif
représentative	fs	représentatif
représentatives	fp	représentatif
reptilien	ms	reptilien
reptilienne	fs	reptilien
reptiliennes	fp	reptilien
reptiliens	mp	reptilien
repu	ms	repu
repue	fs	repu
repues	fp	repu
repus	mp	repu
respectif	ms	respectif
respectifs	mp	respectif
respective	fs	respectif
respectives	fp	respectif
respectueuse	fs	respectueux
respectueuses	fp	respectueux
resplendissant	ms	resplendissant
resplendissante	fs	resplendissant
resplendissantes	fp	resplendissant
resplendissants	mp	resplendissant
responsabilisant	ms	responsabilisant
responsabilisante	fs	responsabilisant
responsabilisantes	fp	responsabilisant
responsabilisants	mp	responsabilisant
ressemblant	ms	ressemblant
ressemblante	fs	ressemblant
ressemblantes	fp	ressemblant
ressemblants	mp	ressemblant
restant	ms	restant
restante	fs	restant
restantes	fp	restant
restants	mp	restant
restrictif	ms	restrictif
restrictifs	mp	restrictif
restrictive	fs	restrictif
restrictives	fp	restrictif
retardateur	ms	retardateur
retardateurs	mp	retardateur
retardatrice	fs	retardateur
retardatrices	fp	retardateur
retentissant	ms	retentissant
retentissante	fs	retentissant
retentissantes	fp	retentissant
retentissants	mp	retentissant
retombant	ms	retombant
retombante	fs	retombant
retombantes	fp	retombant
retombants	mp	retombant
retorse	fs	retors
retorses	fp	retors
revendicatif	ms	revendicatif
revendicatifs	mp	revendicatif
revendicative	fs	revendicatif
revendicatives	fp	revendicatif
revigorant	ms	revigorant
revigorante	fs	revigorant
revigorantes	fp	revigorant
revigorants	mp	revigorant
rhumatismal	ms	rhumatismal
rhumatismale	fs	rhumatismal
rhumatismales	fp	rhumatismal
rhumatismaux	mp	rhumatismal
rhénan	ms	rhénan
rhénane	fs	rhénan
rhénanes	fp	rhénan
rhénans	mp	rhénan
riant	ms	riant
riante	fs	riant
riantes	fp	riant
riants	mp	riant
rigolard	ms	rigolard
rigolarde	fs	rigolard
rigolardes	fp	rigolard
rigolards	mp	rigolard
rigolo	ms	rigolo
rigolos	mp	rigolo
rigolote	fs	rigolo
rigolotes	fp	rigolo
rigoureuse	fs	rigoureux
rigoureuses	fp	rigoureux
rimbaldien	ms	rimbaldien
rimbaldienne	fs	rimbaldien
rimbaldiennes	fp	rimbaldien
rimbaldiens	mp	rimbaldien
ringard	ms	ringard
ringarde	fs	ringard
ringardes	fp	ringard
ringards	mp	ringard
rituel	ms	rituel
rituelle	fs	rituel
rituelles	fp	rituel
rituels	mp	rituel
rival	ms	rival
rivale	fs	rival
rivales	fp	rival
rivaux	mp	rival
riverain	ms	riverain
riveraine	fs	riverain
riveraines	fp	riverain
riverains	mp	riverain
roboratif	ms	roboratif
roboratifs	mp	roboratif
roborative	fs	roboratif
roboratives	fp	roboratif
rocailleuse	fs	rocailleux
rocailleuses	fp	rocailleux
rocheuse	fs	rocheux
rocheuses	fp	rocheux
romain	ms	romain
romaine	fs	romain
romaines	fp	romain
romains	mp	romain
roman	ms	roman
romand	ms	romand
romande	fs	romand
romandes	fp	romand
romands	mp	romand
romane	fs	roman
romanes	fp	roman
romans	mp	roman
rond	ms	rond
ronde	fs	rond
rondelet	ms	rondelet
rondelets	mp	rondelet
rondelette	fs	rondelet
rondelettes	fp	rondelet
rondes	fp	rond
ronds	mp	rond
ronflant	ms	ronflant
ronflante	fs	ronflant
ronflantes	fp	ronflant
ronflants	mp	ronflant
rongeur	ms	rongeur
rongeurs	mp	rongeur
rongeuse	fs	rongeur
rongeuses	fp	rongeur
rooseveltien	ms	rooseveltien
rooseveltienne	fs	rooseveltien
rooseveltiennes	fp	rooseveltien
rooseveltiens	mp	rooseveltien
rosé	ms	rosé
rosée	fs	rosé
rosées	fp	rosé
rosés	mp	rosé
rotatif	ms	rotatif
rotatifs	mp	rotatif
rotative	fs	rotatif
rotatives	fp	rotatif
roublard	ms	roublard
roublarde	fs	roublard
roublardes	fp	roublard
roublards	mp	roublard
roucoulant	ms	roucoulant
roucoulante	fs	roucoulant
roucoulantes	fp	roucoulant
roucoulants	mp	roucoulant
rougissant	ms	rougissant
rougissante	fs	rougissant
rougissantes	fp	rougissant
rougissants	mp	rougissant
roumain	ms	roumain
roumaine	fs	roumain
roumaines	fp	roumain
roumains	mp	roumain
rousse	fs	roux
rousses	fp	roux
routier	ms	routier
routiers	mp	routier
routinier	ms	routinier
routiniers	mp	routinier
routinière	fs	routinier
routinières	fp	routinier
routière	fs	routier
routières	fp	routier
roué	ms	roué
rouée	fs	roué
rouées	fp	roué
roués	mp	roué
royal	ms	royal
royale	fs	royal
royales	fp	royal
royaux	mp	royal
rubicond	ms	rubicond
rubiconde	fs	rubicond
rubicondes	fp	rubicond
rubiconds	mp	rubicond
rugueuse	fs	rugueux
rugueuses	fp	rugueux
ruineuse	fs	ruineux
ruineuses	fp	ruineux
ruisselant	ms	ruisselant
ruisselante	fs	ruisselant
ruisselantes	fp	ruisselant
ruisselants	mp	ruisselant
ruminant	ms	ruminant
ruminante	fs	ruminant
ruminantes	fp	ruminant
ruminants	mp	ruminant
rural	ms	rural
rurale	fs	rural
rurales	fp	rural
ruraux	mp	rural
rutilant	ms	rutilant
rutilante	fs	rutilant
rutilantes	fp	rutilant
rutilants	mp	rutilant
rwandaise	fs	rwandais
rwandaises	fp	rwandais
râpeuse	fs	râpeux
râpeuses	fp	râpeux
réactif	ms	réactif
réactifs	mp	réactif
réactionnel	ms	réactionnel
réactionnelle	fs	réactionnel
réactionnelles	fp	réactionnel
réactionnels	mp	réactionnel
réactive	fs	réactif
réactives	fp	réactif
réaganien	ms	réaganien
réaganienne	fs	réaganien
réaganiennes	fp	réaganien
réaganiens	mp	réaganien
réalisateur	ms	réalisateur
réalisateurs	mp	réalisateur
réalisatrice	fs	réalisateur
réalisatrices	fp	réalisateur
rébarbatif	ms	rébarbatif
rébarbatifs	mp	rébarbatif
rébarbative	fs	rébarbatif
rébarbatives	fp	rébarbatif
récalcitrant	ms	récalcitrant
récalcitrante	fs	récalcitrant
récalcitrantes	fp	récalcitrant
récalcitrants	mp	récalcitrant
récapitulatif	ms	récapitulatif
récapitulatifs	mp	récapitulatif
récapitulative	fs	récapitulatif
récapitulatives	fp	récapitulatif
récent	ms	récent
récente	fs	récent
récentes	fp	récent
récents	mp	récent
récepteur	ms	récepteur
récepteurs	mp	récepteur
réceptif	ms	réceptif
réceptifs	mp	réceptif
réceptive	fs	réceptif
réceptives	fp	réceptif
réceptrice	fs	récepteur
réceptrices	fp	récepteur
récessif	ms	récessif
récessifs	mp	récessif
récessive	fs	récessif
récessives	fp	récessif
réconfortant	ms	réconfortant
réconfortante	fs	réconfortant
réconfortantes	fp	réconfortant
réconfortants	mp	réconfortant
récréatif	ms	récréatif
récréatifs	mp	récréatif
récréative	fs	récréatif
récréatives	fp	récréatif
récurrent	ms	récurrent
récurrente	fs	récurrent
récurrentes	fp	récurrent
récurrents	mp	récurrent
récursif	ms	récursif
récursifs	mp	récursif
récursive	fs	récursif
récursives	fp	récursif
rédactionnel	ms	rédactionnel
rédactionnelle	fs	rédactionnel
rédactionnelles	fp	rédactionnel
rédactionnels	mp	rédactionnel
réducteur	ms	réducteur
réducteurs	mp	réducteur
réductrice	fs	réducteur
réductrices	fp	réducteur
réduit	ms	réduit
réduite	fs	réduit
réduites	fp	réduit
réduits	mp	réduit
réel	ms	réel
réelle	fs	réel
réelles	fp	réel
réels	mp	réel
réfléchissant	ms	réfléchissant
réfléchissante	fs	réfléchissant
réfléchissantes	fp	réfléchissant
réfléchissants	mp	réfléchissant
réformateur	ms	réformateur
réformateurs	mp	réformateur
réformatrice	fs	réformateur
réformatrices	fp	réformateur
réfrigérant	ms	réfrigérant
réfrigérante	fs	réfrigérant
réfrigérantes	fp	réfrigérant
réfrigérants	mp	réfrigérant
référent	ms	référent
référente	fs	référent
référentes	fp	référent
référentiel	ms	référentiel
référentielle	fs	référentiel
référentielles	fp	référentiel
référentiels	mp	référentiel
référents	mp	référent
régalien	ms	régalien
régalienne	fs	régalien
régaliennes	fp	régalien
régaliens	mp	régalien
régional	ms	régional
régionale	fs	régional
régionales	fp	régional
régionaux	mp	régional
régnant	ms	régnant
régnante	fs	régnant
régnantes	fp	régnant
régnants	mp	régnant
régressif	ms	régressif
régressifs	mp	régressif
régressive	fs	régressif
régressives	fp	régressif
régularisateur	ms	régularisateur
régularisateurs	mp	régularisateur
régularisatrice	fs	régularisateur
régularisatrices	fp	régularisateur
régulateur	ms	régulateur
régulateurs	mp	régulateur
régulatrice	fs	régulateur
régulatrices	fp	régulateur
régulier	ms	régulier
réguliers	mp	régulier
régulière	fs	régulier
régulières	fp	régulier
régénérateur	ms	régénérateur
régénérateurs	mp	régénérateur
régénératrice	fs	régénérateur
régénératrices	fp	régénérateur
réitératif	ms	réitératif
réitératifs	mp	réitératif
réitérative	fs	réitératif
réitératives	fp	réitératif
réjouissant	ms	réjouissant
réjouissante	fs	réjouissant
réjouissantes	fp	réjouissant
réjouissants	mp	réjouissant
rémanent	ms	rémanent
rémanente	fs	rémanent
rémanentes	fp	rémanent
rémanents	mp	rémanent
rémunérateur	ms	rémunérateur
rémunérateurs	mp	rémunérateur
rémunératrice	fs	rémunérateur
rémunératrices	fp	rémunérateur
rénal	ms	rénal
rénale	fs	rénal
rénales	fp	rénal
rénaux	mp	rénal
répondeur	ms	répondeur
répondeurs	mp	répondeur
répondeuse	fs	répondeur
répondeuses	fp	répondeur
répressif	ms	répressif
répressifs	mp	répressif
répressive	fs	répressif
répressives	fp	répressif
réprobateur	ms	réprobateur
réprobateurs	mp	réprobateur
réprobatrice	fs	réprobateur
réprobatrices	fp	réprobateur
républicain	ms	républicain
républicaine	fs	républicain
républicaines	fp	républicain
républicains	mp	républicain
répugnant	ms	répugnant
répugnante	fs	répugnant
répugnantes	fp	répugnant
répugnants	mp	répugnant
réputé	ms	réputé
réputée	fs	réputé
réputées	fp	réputé
réputés	mp	réputé
répétitif	ms	répétitif
répétitifs	mp	répétitif
répétitive	fs	répétitif
répétitives	fp	répétitif
résidentiel	ms	résidentiel
résidentielle	fs	résidentiel
résidentielles	fp	résidentiel
résidentiels	mp	résidentiel
résiduel	ms	résiduel
résiduelle	fs	résiduel
résiduelles	fp	résiduel
résiduels	mp	résiduel
résineuse	fs	résineux
résineuses	fp	résineux
résistant	ms	résistant
résistante	fs	résistant
résistantes	fp	résistant
résistants	mp	résistant
résolu	ms	résolu
résolue	fs	résolu
résolues	fp	résolu
résolus	mp	résolu
résonnant	ms	résonnant
résonnante	fs	résonnant
résonnantes	fp	résonnant
résonnants	mp	résonnant
réticent	ms	réticent
réticente	fs	réticent
réticentes	fp	réticent
réticents	mp	réticent
réticulé	ms	réticulé
réticulée	fs	réticulé
réticulées	fp	réticulé
réticulés	mp	réticulé
rétif	ms	rétif
rétifs	mp	rétif
rétinien	ms	rétinien
rétinienne	fs	rétinien
rétiniennes	fp	rétinien
rétiniens	mp	rétinien
rétive	fs	rétif
rétives	fp	rétif
rétroactif	ms	rétroactif
rétroactifs	mp	rétroactif
rétroactive	fs	rétroactif
rétroactives	fp	rétroactif
rétropéritonéal	ms	rétropéritonéal
rétropéritonéale	fs	rétropéritonéal
rétropéritonéales	fp	rétropéritonéal
rétropéritonéaux	mp	rétropéritonéal
rétrospectif	ms	rétrospectif
rétrospectifs	mp	rétrospectif
rétrospective	fs	rétrospectif
rétrospectives	fp	rétrospectif
rétréci	ms	rétréci
rétrécie	fs	rétréci
rétrécies	fp	rétréci
rétrécis	mp	rétréci
rétu	ms	rétu
rétue	fs	rétu
rétues	fp	rétu
rétus	mp	rétu
réunionnaise	fs	réunionnais
réunionnaises	fp	réunionnais
révoltant	ms	révoltant
révoltante	fs	révoltant
révoltantes	fp	révoltant
révoltants	mp	révoltant
révolu	ms	révolu
révolue	fs	révolu
révolues	fp	révolu
révolus	mp	révolu
révulsif	ms	révulsif
révulsifs	mp	révulsif
révulsive	fs	révulsif
révulsives	fp	révulsif
révélateur	ms	révélateur
révélateurs	mp	révélateur
révélatrice	fs	révélateur
révélatrices	fp	révélateur
révérencieuse	fs	révérencieux
révérencieuses	fp	révérencieux
révérent	ms	révérent
révérente	fs	révérent
révérentes	fp	révérent
révérents	mp	révérent
rêveur	ms	rêveur
rêveurs	mp	rêveur
rêveuse	fs	rêveur
rêveuses	fp	rêveur
sableuse	fs	sableux
sableuses	fp	sableux
sablonneuse	fs	sablonneux
sablonneuses	fp	sablonneux
sacerdotal	ms	sacerdotal
sacerdotale	fs	sacerdotal
sacerdotales	fp	sacerdotal
sacerdotaux	mp	sacerdotal
sacral	ms	sacral
sacrale	fs	sacral
sacrales	fp	sacral
sacramentel	ms	sacramentel
sacramentelle	fs	sacramentel
sacramentelles	fp	sacramentel
sacramentels	mp	sacramentel
sacraux	mp	sacral
sacrosaint	ms	sacrosaint
sacrosainte	fs	sacrosaint
sacrosaintes	fp	sacrosaint
sacrosaints	mp	sacrosaint
sagitté	ms	sagitté
sagittée	fs	sagitté
sagittées	fp	sagitté
sagittés	mp	sagitté
saharien	ms	saharien
saharienne	fs	saharien
sahariennes	fp	saharien
sahariens	mp	saharien
sahraoui	ms	sahraoui
sahraouie	fs	sahraoui
sahraouies	fp	sahraoui
sahraouis	mp	sahraoui
sahélien	ms	sahélien
sahélienne	fs	sahélien
sahéliennes	fp	sahélien
sahéliens	mp	sahélien
saignant	ms	saignant
saignante	fs	saignant
saignantes	fp	saignant
saignants	mp	saignant
saillant	ms	saillant
saillante	fs	saillant
saillantes	fp	saillant
saillants	mp	saillant
sain	ms	sain
saine	fs	sain
saines	fp	sain
sains	mp	sain
saint	ms	saint
saint-simonien	ms	saint-simonien
saint-simonienne	fs	saint-simonien
saint-simoniennes	fp	saint-simonien
saint-simoniens	mp	saint-simonien
sainte	fs	saint
saintes	fp	saint
saints	mp	saint
saisissant	ms	saisissant
saisissante	fs	saisissant
saisissantes	fp	saisissant
saisissants	mp	saisissant
saisonnier	ms	saisonnier
saisonniers	mp	saisonnier
saisonnière	fs	saisonnier
saisonnières	fp	saisonnier
salarial	ms	salarial
salariale	fs	salarial
salariales	fp	salarial
salariaux	mp	salarial
salaud	ms	salaud
salaude	fs	salaud
salaudes	fp	salaud
salauds	mp	salaud
salissant	ms	salissant
salissante	fs	salissant
salissantes	fp	salissant
salissants	mp	salissant
salop	ms	salop
salope	fs	salop
salopes	fp	salop
salops	mp	salop
salvadorien	ms	salvadorien
salvadorienne	fs	salvadorien
salvadoriennes	fp	salvadorien
salvadoriens	mp	salvadorien
salvateur	ms	salvateur
salvateurs	mp	salvateur
salvatrice	fs	salvateur
salvatrices	fp	salvateur
sanglant	ms	sanglant
sanglante	fs	sanglant
sanglantes	fp	sanglant
sanglants	mp	sanglant
sanglotant	ms	sanglotant
sanglotante	fs	sanglotant
sanglotantes	fp	sanglotant
sanglotants	mp	sanglotant
sanguin	ms	sanguin
sanguine	fs	sanguin
sanguines	fp	sanguin
sanguinolent	ms	sanguinolent
sanguinolente	fs	sanguinolent
sanguinolentes	fp	sanguinolent
sanguinolents	mp	sanguinolent
sanguins	mp	sanguin
sanskrit	ms	sanskrit
sanskrite	fs	sanskrit
sanskrites	fp	sanskrit
sanskrits	mp	sanskrit
saoudien	ms	saoudien
saoudienne	fs	saoudien
saoudiennes	fp	saoudien
saoudiens	mp	saoudien
saoul	ms	saoul
saoule	fs	saoul
saoules	fp	saoul
saouls	mp	saoul
saoûl	ms	saoûl
saoûle	fs	saoûl
saoûles	fp	saoûl
saoûls	mp	saoûl
sarmenteuse	fs	sarmenteux
sarmenteuses	fp	sarmenteux
satisfaisant	ms	satisfaisant
satisfaisante	fs	satisfaisant
satisfaisantes	fp	satisfaisant
satisfaisants	mp	satisfaisant
satisfait	ms	satisfait
satisfaite	fs	satisfait
satisfaites	fp	satisfait
satisfaits	mp	satisfait
sauf	ms	sauf
saufs	mp	sauf
saugrenu	ms	saugrenu
saugrenue	fs	saugrenu
saugrenues	fp	saugrenu
saugrenus	mp	saugrenu
saumoné	ms	saumoné
saumonée	fs	saumoné
saumonées	fp	saumoné
saumonés	mp	saumoné
saur	ms	saur
saure	fs	saur
saures	fp	saur
saurs	mp	saur
sautillant	ms	sautillant
sautillante	fs	sautillant
sautillantes	fp	sautillant
sautillants	mp	sautillant
sauve	fs	sauf
sauves	fp	sauf
savant	ms	savant
savante	fs	savant
savantes	fp	savant
savants	mp	savant
savonneuse	fs	savonneux
savonneuses	fp	savonneux
savoureuse	fs	savoureux
savoureuses	fp	savoureux
savoyard	ms	savoyard
savoyarde	fs	savoyard
savoyardes	fp	savoyard
savoyards	mp	savoyard
saxon	ms	saxon
saxonne	fs	saxon
saxonnes	fp	saxon
saxons	mp	saxon
scabreuse	fs	scabreux
scabreuses	fp	scabreux
scandaleuse	fs	scandaleux
scandaleuses	fp	scandaleux
scannerisé	ms	scannerisé
scannerisée	fs	scannerisé
scannerisées	fp	scannerisé
scannerisés	mp	scannerisé
scarieuse	fs	scarieux
scarieuses	fp	scarieux
schisteuse	fs	schisteux
schisteuses	fp	schisteux
schumpétérien	ms	schumpétérien
schumpétérienne	fs	schumpétérien
schumpétériennes	fp	schumpétérien
schumpétériens	mp	schumpétérien
scintillant	ms	scintillant
scintillante	fs	scintillant
scintillantes	fp	scintillant
scintillants	mp	scintillant
scléral	ms	scléral
sclérale	fs	scléral
sclérales	fp	scléral
scléraux	mp	scléral
scléreuse	fs	scléreux
scléreuses	fp	scléreux
scoriacé	ms	scoriacé
scoriacée	fs	scoriacé
scoriacées	fp	scoriacé
scoriacés	mp	scoriacé
scriptural	ms	scriptural
scripturale	fs	scriptural
scripturales	fp	scriptural
scripturaux	mp	scriptural
scrupuleuse	fs	scrupuleux
scrupuleuses	fp	scrupuleux
scrutateur	ms	scrutateur
scrutateurs	mp	scrutateur
scrutatrice	fs	scrutateur
scrutatrices	fp	scrutateur
sculptural	ms	sculptural
sculpturale	fs	sculptural
sculpturales	fp	sculptural
sculpturaux	mp	sculptural
scélérat	ms	scélérat
scélérate	fs	scélérat
scélérates	fp	scélérat
scélérats	mp	scélérat
sec	ms	sec
second	ms	second
seconde	fs	second
secondes	fp	second
seconds	mp	second
secourant	ms	secourant
secourante	fs	secourant
secourantes	fp	secourant
secourants	mp	secourant
secret	ms	secret
secrets	mp	secret
secrète	fs	secret
secrètes	fp	secret
secs	mp	sec
sectoriel	ms	sectoriel
sectorielle	fs	sectoriel
sectorielles	fp	sectoriel
sectoriels	mp	sectoriel
seigneurial	ms	seigneurial
seigneuriale	fs	seigneurial
seigneuriales	fp	seigneurial
seigneuriaux	mp	seigneurial
semestriel	ms	semestriel
semestrielle	fs	semestriel
semestrielles	fp	semestriel
semestriels	mp	semestriel
sempervirent	ms	sempervirent
sempervirente	fs	sempervirent
sempervirentes	fp	sempervirent
sempervirents	mp	sempervirent
sempiternel	ms	sempiternel
sempiternelle	fs	sempiternel
sempiternelles	fp	sempiternel
sempiternels	mp	sempiternel
senghorien	ms	senghorien
senghorienne	fs	senghorien
senghoriennes	fp	senghorien
senghoriens	mp	senghorien
sensationnel	ms	sensationnel
sensationnelle	fs	sensationnel
sensationnelles	fp	sensationnel
sensationnels	mp	sensationnel
sensoriel	ms	sensoriel
sensorielle	fs	sensoriel
sensorielles	fp	sensoriel
sensoriels	mp	sensoriel
sensuel	ms	sensuel
sensuelle	fs	sensuel
sensuelles	fp	sensuel
sensuels	mp	sensuel
sensé	ms	sensé
sensée	fs	sensé
sensées	fp	sensé
sensés	mp	sensé
sentencieuse	fs	sentencieux
sentencieuses	fp	sentencieux
sentimental	ms	sentimental
sentimentale	fs	sentimental
sentimentales	fp	sentimental
sentimentaux	mp	sentimental
septennal	ms	septennal
septennale	fs	septennal
septennales	fp	septennal
septennaux	mp	septennal
septentrional	ms	septentrional
septentrionale	fs	septentrional
septentrionales	fp	septentrional
septentrionaux	mp	septentrional
serein	ms	serein
sereine	fs	serein
sereines	fp	serein
sereins	mp	serein
seul	ms	seul
seule	fs	seul
seules	fp	seul
seuls	mp	seul
sexuel	ms	sexuel
sexuelle	fs	sexuel
sexuelles	fp	sexuel
sexuels	mp	sexuel
sexué	ms	sexué
sexuée	fs	sexué
sexuées	fp	sexué
sexués	mp	sexué
seyant	ms	seyant
seyante	fs	seyant
seyantes	fp	seyant
seyants	mp	seyant
shakespearien	ms	shakespearien
shakespearienne	fs	shakespearien
shakespeariennes	fp	shakespearien
shakespeariens	mp	shakespearien
sibyllin	ms	sibyllin
sibylline	fs	sibyllin
sibyllines	fp	sibyllin
sibyllins	mp	sibyllin
sibérien	ms	sibérien
sibérienne	fs	sibérien
sibériennes	fp	sibérien
sibériens	mp	sibérien
siccatif	ms	siccatif
siccatifs	mp	siccatif
siccative	fs	siccatif
siccatives	fp	siccatif
sicilien	ms	sicilien
sicilienne	fs	sicilien
siciliennes	fp	sicilien
siciliens	mp	sicilien
sidéral	ms	sidéral
sidérale	fs	sidéral
sidérales	fp	sidéral
sidérant	ms	sidérant
sidérante	fs	sidérant
sidérantes	fp	sidérant
sidérants	mp	sidérant
sidéraux	mp	sidéral
sien	ms	sien
sienne	fs	sien
siennes	fp	sien
siens	mp	sien
sierra-léonaise	fs	sierra-léonais
sierra-léonaises	fp	sierra-léonais
sifflant	ms	sifflant
sifflante	fs	sifflant
sifflantes	fp	sifflant
sifflants	mp	sifflant
signifiant	ms	signifiant
signifiante	fs	signifiant
signifiantes	fp	signifiant
signifiants	mp	signifiant
significatif	ms	significatif
significatifs	mp	significatif
significative	fs	significatif
significatives	fp	significatif
sikh	ms	sikh
sikhe	fs	sikh
sikhes	fp	sikh
sikhs	mp	sikh
silencieuse	fs	silencieux
silencieuses	fp	silencieux
silésien	ms	silésien
silésienne	fs	silésien
silésiennes	fp	silésien
silésiens	mp	silésien
simplificateur	ms	simplificateur
simplificateurs	mp	simplificateur
simplificatrice	fs	simplificateur
simplificatrices	fp	simplificateur
simultané	ms	simultané
simultanée	fs	simultané
simultanées	fp	simultané
simultanés	mp	simultané
singapourien	ms	singapourien
singapourienne	fs	singapourien
singapouriennes	fp	singapourien
singapouriens	mp	singapourien
singulier	ms	singulier
singuliers	mp	singulier
singulière	fs	singulier
singulières	fp	singulier
sinistré	ms	sinistré
sinistrée	fs	sinistré
sinistrées	fp	sinistré
sinistrés	mp	sinistré
sinueuse	fs	sinueux
sinueuses	fp	sinueux
sinusal	ms	sinusal
sinusale	fs	sinusal
sinusales	fp	sinusal
sinusaux	mp	sinusal
sinusoïdal	ms	sinusoïdal
sinusoïdale	fs	sinusoïdal
sinusoïdales	fp	sinusoïdal
sinusoïdaux	mp	sinusoïdal
sinué	ms	sinué
sinuée	fs	sinué
sinuées	fp	sinué
sinués	mp	sinué
sirupeuse	fs	sirupeux
sirupeuses	fp	sirupeux
situationnel	ms	situationnel
situationnelle	fs	situationnel
situationnelles	fp	situationnel
situationnels	mp	situationnel
situé	ms	situé
située	fs	situé
situées	fp	situé
situés	mp	situé
social	ms	social
sociale	fs	social
sociales	fp	social
socials	mp	social
sociaux	mp	social
socioculturel	ms	socioculturel
socioculturelle	fs	socioculturel
socioculturelles	fp	socioculturel
socioculturels	mp	socioculturel
socioprofessionnel	ms	socioprofessionnel
socioprofessionnelle	fs	socioprofessionnel
socioprofessionnelles	fp	socioprofessionnel
socioprofessionnels	mp	socioprofessionnel
sociétal	ms	sociétal
sociétale	fs	sociétal
sociétales	fp	sociétal
sociétaux	mp	sociétal
sogdien	ms	sogdien
sogdienne	fs	sogdien
sogdiennes	fp	sogdien
sogdiens	mp	sogdien
soignant	ms	soignant
soignante	fs	soignant
soignantes	fp	soignant
soignants	mp	soignant
soigneuse	fs	soigneux
soigneuses	fp	soigneux
solennel	ms	solennel
solennelle	fs	solennel
solennelles	fp	solennel
solennels	mp	solennel
solutréen	ms	solutréen
solutréenne	fs	solutréen
solutréennes	fp	solutréen
solutréens	mp	solutréen
solénoïdal	ms	solénoïdal
solénoïdale	fs	solénoïdal
solénoïdales	fp	solénoïdal
solénoïdaux	mp	solénoïdal
somalien	ms	somalien
somalienne	fs	somalien
somaliennes	fp	somalien
somaliens	mp	somalien
somnolent	ms	somnolent
somnolente	fs	somnolent
somnolentes	fp	somnolent
somnolents	mp	somnolent
somptueuse	fs	somptueux
somptueuses	fp	somptueux
songeur	ms	songeur
songeurs	mp	songeur
songeuse	fs	songeur
songeuses	fp	songeur
sonnant	ms	sonnant
sonnante	fs	sonnant
sonnantes	fp	sonnant
sonnants	mp	sonnant
sorcier	ms	sorcier
sorciers	mp	sorcier
sorcière	fs	sorcier
sorcières	fp	sorcier
sortant	ms	sortant
sortante	fs	sortant
sortantes	fp	sortant
sortants	mp	sortant
sot	ms	sot
sots	mp	sot
sotte	fs	sot
sottes	fp	sot
soucieuse	fs	soucieux
soucieuses	fp	soucieux
soudain	ms	soudain
soudaine	fs	soudain
soudaines	fp	soudain
soudains	mp	soudain
soudanaise	fs	soudanais
soudanaises	fp	soudanais
soudanien	ms	soudanien
soudanienne	fs	soudanien
soudaniennes	fp	soudanien
soudaniens	mp	soudanien
souffrant	ms	souffrant
souffrante	fs	souffrant
souffrantes	fp	souffrant
souffrants	mp	souffrant
soufi	ms	soufi
soufie	fs	soufi
soufies	fp	soufi
soufis	mp	soufi
soupçonneuse	fs	soupçonneux
soupçonneuses	fp	soupçonneux
sourcilleuse	fs	sourcilleux
sourcilleuses	fp	sourcilleux
sourd	ms	sourd
sourde	fs	sourd
sourdes	fp	sourd
sourds	mp	sourd
souriant	ms	souriant
souriante	fs	souriant
souriantes	fp	souriant
souriants	mp	souriant
sournoise	fs	sournois
sournoises	fp	sournois
sous-cortico-spinal	ms	sous-cortico-spinal
sous-cortico-spinale	fs	sous-cortico-spinal
sous-cortico-spinales	fp	sous-cortico-spinal
sous-cortico-spinaux	mp	sous-cortico-spinal
sous-dural	ms	sous-dural
sous-durale	fs	sous-dural
sous-durales	fp	sous-dural
sous-duraux	mp	sous-dural
sous-jacent	ms	sous-jacent
sous-jacente	fs	sous-jacent
sous-jacentes	fp	sous-jacent
sous-jacents	mp	sous-jacent
sous-tendu	ms	sous-tendu
sous-tendue	fs	sous-tendu
sous-tendues	fp	sous-tendu
sous-tendus	mp	sous-tendu
souterrain	ms	souterrain
souterraine	fs	souterrain
souterraines	fp	souterrain
souterrains	mp	souterrain
souverain	ms	souverain
souveraine	fs	souverain
souveraines	fp	souverain
souverains	mp	souverain
soyeuse	fs	soyeux
soyeuses	fp	soyeux
soûl	ms	soûl
soûlant	ms	soûlant
soûlante	fs	soûlant
soûlantes	fp	soûlant
soûlants	mp	soûlant
soûle	fs	soûl
soûles	fp	soûl
soûls	mp	soûl
spacial	ms	spacial
spaciale	fs	spacial
spaciales	fp	spacial
spaciaux	mp	spacial
spacieuse	fs	spacieux
spacieuses	fp	spacieux
spatial	ms	spatial
spatiale	fs	spatial
spatiales	fp	spatial
spatials	mp	spatial
spatiaux	mp	spatial
spatio-temporel	ms	spatio-temporel
spatio-temporelle	fs	spatio-temporel
spatio-temporelles	fp	spatio-temporel
spatio-temporels	mp	spatio-temporel
spectral	ms	spectral
spectrale	fs	spectral
spectrales	fp	spectral
spectraux	mp	spectral
sphinctérien	ms	sphinctérien
sphinctérienne	fs	sphinctérien
sphinctériennes	fp	sphinctérien
sphinctériens	mp	sphinctérien
spinal	ms	spinal
spinale	fs	spinal
spinales	fp	spinal
spinaux	mp	spinal
spinescent	ms	spinescent
spinescente	fs	spinescent
spinescentes	fp	spinescent
spinescents	mp	spinescent
spirituel	ms	spirituel
spirituelle	fs	spirituel
spirituelles	fp	spirituel
spirituels	mp	spirituel
spontané	ms	spontané
spontanée	fs	spontané
spontanées	fp	spontané
spontanés	mp	spontané
sportif	ms	sportif
sportifs	mp	sportif
sportive	fs	sportif
sportives	fp	sportif
spécial	ms	spécial
spéciale	fs	spécial
spéciales	fp	spécial
spécialisé	ms	spécialisé
spécialisée	fs	spécialisé
spécialisées	fp	spécialisé
spécialisés	mp	spécialisé
spéciaux	mp	spécial
spécieuse	fs	spécieux
spécieuses	fp	spécieux
spéculatif	ms	spéculatif
spéculatifs	mp	spéculatif
spéculative	fs	spéculatif
spéculatives	fp	spéculatif
sri-lankaise	fs	sri-lankais
sri-lankaises	fp	sri-lankais
stabilisateur	ms	stabilisateur
stabilisateurs	mp	stabilisateur
stabilisatrice	fs	stabilisateur
stabilisatrices	fp	stabilisateur
stagnant	ms	stagnant
stagnante	fs	stagnant
stagnantes	fp	stagnant
stagnants	mp	stagnant
stalinien	ms	stalinien
stalinienne	fs	stalinien
staliniennes	fp	stalinien
staliniens	mp	stalinien
stallonien	ms	stallonien
stallonienne	fs	stallonien
stalloniennes	fp	stallonien
stalloniens	mp	stallonien
staminal	ms	staminal
staminalle	fs	staminal
staminalles	fp	staminal
staminals	mp	staminal
statif	ms	statif
statifs	mp	statif
stative	fs	statif
statives	fp	statif
stigmatisant	ms	stigmatisant
stigmatisante	fs	stigmatisant
stigmatisantes	fp	stigmatisant
stigmatisants	mp	stigmatisant
stimulant	ms	stimulant
stimulante	fs	stimulant
stimulantes	fp	stimulant
stimulants	mp	stimulant
stipité	ms	stipité
stipitée	fs	stipité
stipitées	fp	stipité
stipités	mp	stipité
stomacal	ms	stomacal
stomacale	fs	stomacal
stomacales	fp	stomacal
stomacaux	mp	stomacal
stressant	ms	stressant
stressante	fs	stressant
stressantes	fp	stressant
stressants	mp	stressant
striatal	ms	striatal
striatale	fs	striatal
striatales	fp	striatal
striataux	mp	striatal
strict	ms	strict
stricte	fs	strict
strictes	fp	strict
stricts	mp	strict
strident	ms	strident
stridente	fs	strident
stridentes	fp	strident
stridents	mp	strident
strigilleuse	fs	strigilleux
strigilleuses	fp	strigilleux
structural	ms	structural
structurale	fs	structural
structurales	fp	structural
structurant	ms	structurant
structurante	fs	structurant
structurantes	fp	structurant
structurants	mp	structurant
structuraux	mp	structural
structurel	ms	structurel
structurelle	fs	structurel
structurelles	fp	structurel
structurels	mp	structurel
studieuse	fs	studieux
studieuses	fp	studieux
stupéfait	ms	stupéfait
stupéfaite	fs	stupéfait
stupéfaites	fp	stupéfait
stupéfaits	mp	stupéfait
stupéfiant	ms	stupéfiant
stupéfiante	fs	stupéfiant
stupéfiantes	fp	stupéfiant
stupéfiants	mp	stupéfiant
stérilisant	ms	stérilisant
stérilisante	fs	stérilisant
stérilisantes	fp	stérilisant
stérilisants	mp	stérilisant
subacuminé	ms	subacuminé
subacuminée	fs	subacuminé
subacuminées	fp	subacuminé
subacuminés	mp	subacuminé
subit	ms	subit
subite	fs	subit
subites	fp	subit
subits	mp	subit
subjectif	ms	subjectif
subjectifs	mp	subjectif
subjective	fs	subjectif
subjectives	fp	subjectif
sublingual	ms	sublingual
sublinguale	fs	sublingual
sublinguales	fp	sublingual
sublinguaux	mp	sublingual
subrepteur	ms	subrepteur
subrepteurs	mp	subrepteur
subreptrice	fs	subrepteur
subreptrices	fp	subrepteur
subrogatif	ms	subrogatif
subrogatifs	mp	subrogatif
subrogative	fs	subrogatif
subrogatives	fp	subrogatif
subsaharien	ms	subsaharien
subsaharienne	fs	subsaharien
subsahariennes	fp	subsaharien
subsahariens	mp	subsaharien
substantiel	ms	substantiel
substantielle	fs	substantiel
substantielles	fp	substantiel
substantiels	mp	substantiel
substitutif	ms	substitutif
substitutifs	mp	substitutif
substitutive	fs	substitutif
substitutives	fp	substitutif
subséquent	ms	subséquent
subséquente	fs	subséquent
subséquentes	fp	subséquent
subséquents	mp	subséquent
subtil	ms	subtil
subtile	fs	subtil
subtiles	fp	subtil
subtils	mp	subtil
subtropical	ms	subtropical
subtropicale	fs	subtropical
subtropicales	fp	subtropical
subtropicaux	mp	subtropical
subulé	ms	subulé
subulée	fs	subulé
subulées	fp	subulé
subulés	mp	subulé
suburbain	ms	suburbain
suburbaine	fs	suburbain
suburbaines	fp	suburbain
suburbains	mp	suburbain
subversif	ms	subversif
subversifs	mp	subversif
subversive	fs	subversif
subversives	fp	subversif
subéreuse	fs	subéreux
subéreuses	fp	subéreux
successif	ms	successif
successifs	mp	successif
successive	fs	successif
successives	fp	successif
succinct	ms	succinct
succincte	fs	succinct
succinctes	fp	succinct
succincts	mp	succinct
succint	ms	succint
succinte	fs	succint
succintes	fp	succint
succints	mp	succint
succulent	ms	succulent
succulente	fs	succulent
succulentes	fp	succulent
succulents	mp	succulent
suffisant	ms	suffisant
suffisante	fs	suffisant
suffisantes	fp	suffisant
suffisants	mp	suffisant
suffocant	ms	suffocant
suffocante	fs	suffocant
suffocantes	fp	suffocant
suffocants	mp	suffocant
suggestif	ms	suggestif
suggestifs	mp	suggestif
suggestive	fs	suggestif
suggestives	fp	suggestif
suivant	ms	suivant
suivante	fs	suivant
suivantes	fp	suivant
suivants	mp	suivant
sulfureuse	fs	sulfureux
sulfureuses	fp	sulfureux
superficiel	ms	superficiel
superficielle	fs	superficiel
superficielles	fp	superficiel
superficiels	mp	superficiel
superflu	ms	superflu
superflue	fs	superflu
superflues	fp	superflu
superflus	mp	superflu
supergrand	ms	supergrand
supergrande	fs	supergrand
supergrandes	fp	supergrand
supergrands	mp	supergrand
superstitieuse	fs	superstitieux
superstitieuses	fp	superstitieux
suppliant	ms	suppliant
suppliante	fs	suppliant
suppliantes	fp	suppliant
suppliants	mp	suppliant
supranational	ms	supranational
supranationale	fs	supranational
supranationales	fp	supranational
supranationaux	mp	supranational
supérieur	ms	supérieur
supérieure	fs	supérieur
supérieures	fp	supérieur
supérieurs	mp	supérieur
surabondant	ms	surabondant
surabondante	fs	surabondant
surabondantes	fp	surabondant
surabondants	mp	surabondant
suraigu	ms	suraigu
suraigus	mp	suraigu
suraiguë	fs	suraigu
suraiguës	fp	suraigu
suranné	ms	suranné
surannée	fs	suranné
surannées	fp	suranné
surannés	mp	suranné
surhumain	ms	surhumain
surhumaine	fs	surhumain
surhumaines	fp	surhumain
surhumains	mp	surhumain
surinamien	ms	surinamien
surinamienne	fs	surinamien
surinamiennes	fp	surinamien
surinamiens	mp	surinamien
surnaturel	ms	surnaturel
surnaturelle	fs	surnaturel
surnaturelles	fp	surnaturel
surnaturels	mp	surnaturel
surprenant	ms	surprenant
surprenante	fs	surprenant
surprenantes	fp	surprenant
surprenants	mp	surprenant
surréel	ms	surréel
surréelle	fs	surréel
surréelles	fp	surréel
surréels	mp	surréel
surrénal	ms	surrénal
surrénale	fs	surrénal
surrénales	fp	surrénal
surrénaux	mp	surrénal
survivant	ms	survivant
survivante	fs	survivant
survivantes	fp	survivant
survivants	mp	survivant
susindiqué	ms	susindiqué
susindiquée	fs	susindiqué
susindiquées	fp	susindiqué
susindiqués	mp	susindiqué
susnommé	ms	susnommé
susnommée	fs	susnommé
susnommées	fp	susnommé
susnommés	mp	susnommé
suspect	ms	suspect
suspecte	fs	suspect
suspectes	fp	suspect
suspects	mp	suspect
suspensif	ms	suspensif
suspensifs	mp	suspensif
suspensive	fs	suspensif
suspensives	fp	suspensif
susvisé	ms	susvisé
susvisée	fs	susvisé
susvisées	fp	susvisé
susvisés	mp	susvisé
suédoise	fs	suédois
suédoises	fp	suédois
swahili	ms	swahili
swahilie	fs	swahili
swahilies	fp	swahili
swahilis	mp	swahili
sympodial	ms	sympodial
sympodiale	fs	sympodial
sympodiales	fp	sympodial
sympodiaux	mp	sympodial
synchronisé	ms	synchronisé
synchronisée	fs	synchronisé
synchronisées	fp	synchronisé
synchronisés	mp	synchronisé
synclinal	ms	synclinal
synclinale	fs	synclinal
synclinales	fp	synclinal
synclinaux	mp	synclinal
syndical	ms	syndical
syndicale	fs	syndical
syndicales	fp	syndical
syndicaux	mp	syndical
syrien	ms	syrien
syrienne	fs	syrien
syriennes	fp	syrien
syriens	mp	syrien
sèche	fs	sec
sèches	fp	sec
séant	ms	séant
séante	fs	séant
séantes	fp	séant
séants	mp	séant
sébacé	ms	sébacé
sébacée	fs	sébacé
sébacées	fp	sébacé
sébacés	mp	sébacé
sécant	ms	sécant
sécante	fs	sécant
sécantes	fp	sécant
sécants	mp	sécant
sécréteur	ms	sécréteur
sécréteurs	mp	sécréteur
sécrétrice	fs	sécréteur
sécrétrices	fp	sécréteur
sécurisant	ms	sécurisant
sécurisante	fs	sécurisant
sécurisantes	fp	sécurisant
sécurisants	mp	sécurisant
sédatif	ms	sédatif
sédatifs	mp	sédatif
sédative	fs	sédatif
sédatives	fp	sédatif
séduisant	ms	séduisant
séduisante	fs	séduisant
séduisantes	fp	séduisant
séduisants	mp	séduisant
ségrégatif	ms	ségrégatif
ségrégatifs	mp	ségrégatif
ségrégative	fs	ségrégatif
ségrégatives	fp	ségrégatif
sélectif	ms	sélectif
sélectifs	mp	sélectif
sélective	fs	sélectif
sélectives	fp	sélectif
sémillant	ms	sémillant
sémillante	fs	sémillant
sémillantes	fp	sémillant
sémillants	mp	sémillant
séminal	ms	séminal
séminale	fs	séminal
séminales	fp	séminal
séminaux	mp	séminal
sénatorial	ms	sénatorial
sénatoriale	fs	sénatorial
sénatoriales	fp	sénatorial
sénatoriaux	mp	sénatorial
sépulcral	ms	sépulcral
sépulcrale	fs	sépulcral
sépulcrales	fp	sépulcral
sépulcraux	mp	sépulcral
séquentiel	ms	séquentiel
séquentielle	fs	séquentiel
séquentielles	fp	séquentiel
séquentiels	mp	séquentiel
séreuse	fs	séreux
séreuses	fp	séreux
sériel	ms	sériel
sérielle	fs	sériel
sérielles	fp	sériel
sériels	mp	sériel
sérieuse	fs	sérieux
sérieuses	fp	sérieux
séropositif	ms	séropositif
séropositifs	mp	séropositif
séropositive	fs	séropositif
séropositives	fp	séropositif
sûr	ms	sûr
sûre	fs	sûr
sûres	fp	sûr
sûrs	mp	sûr
tabou	ms	tabou
taboue	fs	tabou
taboues	fp	tabou
tabous	mp	tabou
tacheté	ms	tacheté
tachetée	fs	tacheté
tachetées	fp	tacheté
tachetés	mp	tacheté
tadjik	ms	tadjik
tadjike	fs	tadjik
tadjikes	fp	tadjik
tadjiks	mp	tadjik
tagué	ms	tagué
taguée	fs	tagué
taguées	fp	tagué
tagués	mp	tagué
talentueuse	fs	talentueux
talentueuses	fp	talentueux
tamoul	ms	tamoul
tamoule	fs	tamoul
tamoules	fp	tamoul
tamouls	mp	tamoul
tangent	ms	tangent
tangente	fs	tangent
tangentes	fp	tangent
tangents	mp	tangent
tanzanien	ms	tanzanien
tanzanienne	fs	tanzanien
tanzaniennes	fp	tanzanien
tanzaniens	mp	tanzanien
tapageur	ms	tapageur
tapageurs	mp	tapageur
tapageuse	fs	tapageur
tapageuses	fp	tapageur
tapant	ms	tapant
tapante	fs	tapant
tapantes	fp	tapant
tapants	mp	tapant
taquin	ms	taquin
taquine	fs	taquin
taquines	fp	taquin
taquins	mp	taquin
tardif	ms	tardif
tardifs	mp	tardif
tardive	fs	tardif
tardives	fp	tardif
tatillon	ms	tatillon
tatillonne	fs	tatillon
tatillonnes	fp	tatillon
tatillons	mp	tatillon
taurin	ms	taurin
taurine	fs	taurin
taurines	fp	taurin
taurins	mp	taurin
taylorien	ms	taylorien
taylorienne	fs	taylorien
tayloriennes	fp	taylorien
tayloriens	mp	taylorien
taïwanaise	fs	taïwanais
taïwanaises	fp	taïwanais
tchadien	ms	tchadien
tchadienne	fs	tchadien
tchadiennes	fp	tchadien
tchadiens	mp	tchadien
tel	ms	tel
telle	fs	tel
telles	fp	tel
tels	mp	tel
temporal	ms	temporal
temporale	fs	temporal
temporales	fp	temporal
temporaux	mp	temporal
temporel	ms	temporel
temporelle	fs	temporel
temporelles	fp	temporel
temporels	mp	temporel
temporisateur	ms	temporisateur
temporisateurs	mp	temporisateur
temporisatrice	fs	temporisateur
temporisatrices	fp	temporisateur
tempérant	ms	tempérant
tempérante	fs	tempérant
tempérantes	fp	tempérant
tempérants	mp	tempérant
tempétueuse	fs	tempétueux
tempétueuses	fp	tempétueux
tenant	ms	tenant
tenante	fs	tenant
tenantes	fp	tenant
tenants	mp	tenant
tendancieuse	fs	tendancieux
tendancieuses	fp	tendancieux
tendineuse	fs	tendineux
tendineuses	fp	tendineux
tentant	ms	tentant
tentante	fs	tentant
tentantes	fp	tentant
tentants	mp	tentant
terminal	ms	terminal
terminale	fs	terminal
terminales	fp	terminal
terminaux	mp	terminal
terné	ms	terné
ternée	fs	terné
ternées	fp	terné
ternés	mp	terné
terre-neuvien	ms	terre-neuvien
terre-neuvienne	fs	terre-neuvien
terre-neuviennes	fp	terre-neuvien
terre-neuviens	mp	terre-neuvien
terreuse	fs	terreux
terreuses	fp	terreux
terrien	ms	terrien
terrienne	fs	terrien
terriennes	fp	terrien
terriens	mp	terrien
terrifiant	ms	terrifiant
terrifiante	fs	terrifiant
terrifiantes	fp	terrifiant
terrifiants	mp	terrifiant
territorial	ms	territorial
territoriale	fs	territorial
territoriales	fp	territorial
territorials	mp	territorial
territoriaux	mp	territorial
texan	ms	texan
texane	fs	texan
texanes	fp	texan
texans	mp	texan
textuel	ms	textuel
textuelle	fs	textuel
textuelles	fp	textuel
textuels	mp	textuel
thailandaise	fs	thailandais
thailandaises	fp	thailandais
thatchérien	ms	thatchérien
thatchérienne	fs	thatchérien
thatchériennes	fp	thatchérien
thatchériens	mp	thatchérien
thaï	ms	thaï
thaïe	fs	thaï
thaïes	fp	thaï
thaïlandaise	fs	thaïlandais
thaïlandaises	fp	thaïlandais
thaïs	mp	thaï
thermal	ms	thermal
thermale	fs	thermal
thermales	fp	thermal
thermaux	mp	thermal
thyroïdien	ms	thyroïdien
thyroïdienne	fs	thyroïdien
thyroïdiennes	fp	thyroïdien
thyroïdiens	mp	thyroïdien
théologien	ms	théologien
théologienne	fs	théologien
théologiennes	fp	théologien
théologiens	mp	théologien
théâtral	ms	théâtral
théâtrale	fs	théâtral
théâtrales	fp	théâtral
théâtraux	mp	théâtral
tibétain	ms	tibétain
tibétaine	fs	tibétain
tibétaines	fp	tibétain
tibétains	mp	tibétain
tien	ms	tien
tienne	fs	tien
tiennes	fp	tien
tiens	mp	tien
tigré	ms	tigré
tigrée	fs	tigré
tigrées	fp	tigré
tigrés	mp	tigré
timoraise	fs	timorais
timoraises	fp	timorais
tiré par les cheveux	fs	tiré par les cheveux
tirée par les cheveux	ms	tiré par les cheveux
tirées par les cheveux	mp	tiré par les cheveux
tirés par les cheveux	fp	tiré par les cheveux
titanien	ms	titanien
titanienne	fs	titanien
titaniennes	fp	titanien
titaniens	mp	titanien
titrisé	ms	titrisé
titrisée	fs	titrisé
titrisées	fp	titrisé
titrisés	mp	titrisé
titubant	ms	titubant
titubante	fs	titubant
titubantes	fp	titubant
titubants	mp	titubant
togolaise	fs	togolais
togolaises	fp	togolais
tolérant	ms	tolérant
tolérante	fs	tolérant
tolérantes	fp	tolérant
tolérants	mp	tolérant
tombant	ms	tombant
tombante	fs	tombant
tombantes	fp	tombant
tombants	mp	tombant
tomentelleuse	fs	tomentelleux
tomentelleuses	fp	tomentelleux
tomenteuse	fs	tomenteux
tomenteuses	fp	tomenteux
tonal	ms	tonal
tonale	fs	tonal
tonales	fp	tonal
tonals	mp	tonal
tonifiant	ms	tonifiant
tonifiante	fs	tonifiant
tonifiantes	fp	tonifiant
tonifiants	mp	tonifiant
tonitruant	ms	tonitruant
tonitruante	fs	tonitruant
tonitruantes	fp	tonitruant
tonitruants	mp	tonitruant
tonnant	ms	tonnant
tonnante	fs	tonnant
tonnantes	fp	tonnant
tonnants	mp	tonnant
torrentiel	ms	torrentiel
torrentielle	fs	torrentiel
torrentielles	fp	torrentiel
torrentiels	mp	torrentiel
torrentueuse	fs	torrentueux
torrentueuses	fp	torrentueux
tortueuse	fs	tortueux
tortueuses	fp	tortueux
torturant	ms	torturant
torturante	fs	torturant
torturantes	fp	torturant
torturants	mp	torturant
total	ms	total
totale	fs	total
totales	fp	total
totalisateur	ms	totalisateur
totalisateurs	mp	totalisateur
totalisatrice	fs	totalisateur
totalisatrices	fp	totalisateur
totaux	mp	total
touchant	ms	touchant
touchante	fs	touchant
touchantes	fp	touchant
touchants	mp	touchant
touffu	ms	touffu
touffue	fs	touffu
touffues	fp	touffu
touffus	mp	touffu
toulonnaise	fs	toulonnais
toulonnaises	fp	toulonnais
toulousain	ms	toulousain
toulousainne	fs	toulousain
toulousainnes	fp	toulousain
toulousains	mp	toulousain
tourbeuse	fs	tourbeux
tourbeuses	fp	tourbeux
tourbillonnant	ms	tourbillonnant
tourbillonnante	fs	tourbillonnant
tourbillonnantes	fp	tourbillonnant
tourbillonnants	mp	tourbillonnant
tournant	ms	tournant
tournante	fs	tournant
tournantes	fp	tournant
tournants	mp	tournant
tous	mp	tout
tous-petits	mp	tout-petit
tout	ms	tout
tout-petit	ms	tout-petit
tout-petits	mp	tout-petit
tout-puissant	ms	tout-puissant
tout-puissants	mp	tout-puissant
toute	fs	tout
toute-petite	fs	tout-petit
toute-puissante	fs	tout-puissant
toutes	fp	tout
toutes-petites	fp	tout-petit
toutes-puissantes	fp	tout-puissant
traditionnel	ms	traditionnel
traditionnelle	fs	traditionnel
traditionnelles	fp	traditionnel
traditionnels	mp	traditionnel
trail	ms	trail
trails	mp	trail
traitant	ms	traitant
traitante	fs	traitant
traitantes	fp	traitant
traitants	mp	traitant
tranchant	ms	tranchant
tranchante	fs	tranchant
tranchantes	fp	tranchant
tranchants	mp	tranchant
tranquillisant	ms	tranquillisant
tranquillisante	fs	tranquillisant
tranquillisantes	fp	tranquillisant
tranquillisants	mp	tranquillisant
transactionnel	ms	transactionnel
transactionnelle	fs	transactionnel
transactionnelles	fp	transactionnel
transactionnels	mp	transactionnel
transalpin	ms	transalpin
transalpine	fs	transalpin
transalpines	fp	transalpin
transalpins	mp	transalpin
transcendant	ms	transcendant
transcendantal	ms	transcendantal
transcendantale	fs	transcendantal
transcendantales	fp	transcendantal
transcendantaux	mp	transcendantal
transcendante	fs	transcendant
transcendantes	fp	transcendant
transcendants	mp	transcendant
transcripteur	ms	transcripteur
transcripteurs	mp	transcripteur
transcriptrice	fs	transcripteur
transcriptrices	fp	transcripteur
transfini	ms	transfini
transfinie	fs	transfini
transfinies	fp	transfini
transfinis	mp	transfini
transfrontalier	ms	transfrontalier
transfrontaliers	mp	transfrontalier
transfrontalière	fs	transfrontalier
transfrontalières	fp	transfrontalier
transfusionnel	ms	transfusionnel
transfusionnelle	fs	transfusionnel
transfusionnelles	fp	transfusionnel
transfusionnels	mp	transfusionnel
transhumant	ms	transhumant
transhumante	fs	transhumant
transhumantes	fp	transhumant
transhumants	mp	transhumant
transitif	ms	transitif
transitifs	mp	transitif
transitionel	ms	transitionel
transitionelle	fs	transitionel
transitionelles	fp	transitionel
transitionels	mp	transitionel
transitive	fs	transitif
transitives	fp	transitif
transparent	ms	transparent
transparente	fs	transparent
transparentes	fp	transparent
transparents	mp	transparent
transsaharien	ms	transsaharien
transsaharienne	fs	transsaharien
transsahariennes	fp	transsaharien
transsahariens	mp	transsaharien
transvaalien	ms	transvaalien
transvaalienne	fs	transvaalien
transvaaliennes	fp	transvaalien
transvaaliens	mp	transvaalien
transversal	ms	transversal
transversale	fs	transversal
transversales	fp	transversal
transversaux	mp	transversal
trapu	ms	trapu
trapue	fs	trapu
trapues	fp	trapu
trapus	mp	trapu
traumatisant	ms	traumatisant
traumatisante	fs	traumatisant
traumatisantes	fp	traumatisant
traumatisants	mp	traumatisant
travailleur	ms	travailleur
travailleurs	mp	travailleur
travailleuse	fs	travailleur
travailleuses	fp	travailleur
traçant	ms	traçant
traçante	fs	traçant
traçantes	fp	traçant
traçants	mp	traçant
traînant	ms	traînant
traînante	fs	traînant
traînantes	fp	traînant
traînants	mp	traînant
tremblant	ms	tremblant
tremblante	fs	tremblant
tremblantes	fp	tremblant
tremblants	mp	tremblant
tremblotant	ms	tremblotant
tremblotante	fs	tremblotant
tremblotantes	fp	tremblotant
tremblotants	mp	tremblotant
tribal	ms	tribal
tribale	fs	tribal
tribales	fp	tribal
tribaux	mp	tribal
tridimensionnel	ms	tridimensionnel
tridimensionnelle	fs	tridimensionnel
tridimensionnelles	fp	tridimensionnel
tridimensionnels	mp	tridimensionnel
triennal	ms	triennal
triennale	fs	triennal
triennales	fp	triennal
triennaux	mp	triennal
trifoliolé	ms	trifoliolé
trifoliolée	fs	trifoliolé
trifoliolées	fp	trifoliolé
trifoliolés	mp	trifoliolé
trilatéral	ms	trilatéral
trilatérale	fs	trilatéral
trilatérales	fp	trilatéral
trilatéraux	mp	trilatéral
trilobé	ms	trilobé
trilobée	fs	trilobé
trilobées	fp	trilobé
trilobés	mp	trilobé
trimestriel	ms	trimestriel
trimestrielle	fs	trimestriel
trimestrielles	fp	trimestriel
trimestriels	mp	trimestriel
trinervé	ms	trinervé
trinervée	fs	trinervé
trinervées	fp	trinervé
trinervés	mp	trinervé
triomphal	ms	triomphal
triomphale	fs	triomphal
triomphales	fp	triomphal
triomphant	ms	triomphant
triomphante	fs	triomphant
triomphantes	fp	triomphant
triomphants	mp	triomphant
triomphaux	mp	triomphal
triphasé	ms	triphasé
triphasée	fs	triphasé
triphasées	fp	triphasé
triphasés	mp	triphasé
trisannuel	ms	trisannuel
trisannuelle	fs	trisannuel
trisannuelles	fp	trisannuel
trisannuels	mp	trisannuel
tristounet	ms	tristounet
tristounets	mp	tristounet
tristounette	fs	tristounet
tristounettes	fp	tristounet
trivial	ms	trivial
triviale	fs	trivial
triviales	fp	trivial
triviaux	mp	trivial
trompeur	ms	trompeur
trompeurs	mp	trompeur
trompeuse	fs	trompeur
trompeuses	fp	trompeur
tropical	ms	tropical
tropicale	fs	tropical
tropicales	fp	tropical
tropicaux	mp	tropical
troublant	ms	troublant
troublante	fs	troublant
troublantes	fp	troublant
troublants	mp	troublant
troupier	ms	troupier
troupiers	mp	troupier
troupière	fs	troupier
troupières	fp	troupier
truculent	ms	truculent
truculente	fs	truculent
truculentes	fp	truculent
truculents	mp	truculent
trébuchant	ms	trébuchant
trébuchante	fs	trébuchant
trébuchantes	fp	trébuchant
trébuchants	mp	trébuchant
trépidant	ms	trépidant
trépidante	fs	trépidant
trépidantes	fp	trépidant
trépidants	mp	trépidant
ts	mp	tout
tt	ms	tout
tte	fs	tout
ttes	fp	tout
tubéreuse	fs	tubéreux
tubéreuses	fp	tubéreux
tumultueuse	fs	tumultueux
tumultueuses	fp	tumultueux
tunisien	ms	tunisien
tunisienne	fs	tunisien
tunisiennes	fp	tunisien
tunisiens	mp	tunisien
turbulent	ms	turbulent
turbulente	fs	turbulent
turbulentes	fp	turbulent
turbulents	mp	turbulent
turc	ms	turc
turcs	mp	turc
turque	fs	turc
turques	fp	turc
tutoral	ms	tutoral
tutorale	fs	tutoral
tutorales	fp	tutoral
tutorals	mp	tutoral
tutsi	ms	tutsi
tutsie	fs	tutsi
tutsies	fp	tutsi
tutsis	mp	tutsi
télévisuel	ms	télévisuel
télévisuelle	fs	télévisuel
télévisuelles	fp	télévisuel
télévisuels	mp	télévisuel
télévisé	ms	télévisé
télévisée	fs	télévisé
télévisées	fp	télévisé
télévisés	mp	télévisé
ténu	ms	ténu
ténue	fs	ténu
ténues	fp	ténu
ténus	mp	ténu
tétragonal	ms	tétragonal
tétragonale	fs	tétragonal
tétragonales	fp	tétragonal
tétragonaux	mp	tétragonal
tôlé	ms	tôlé
tôlée	fs	tôlé
tôlées	fp	tôlé
tôlés	mp	tôlé
ukrainien	ms	ukrainien
ukrainienne	fs	ukrainien
ukrainiennes	fp	ukrainien
ukrainiens	mp	ukrainien
ultraconservateur	ms	ultraconservateur
ultraconservateurs	mp	ultraconservateur
ultraconservatrice	fs	ultraconservateur
ultraconservatrices	fp	ultraconservateur
ultracourt	ms	ultracourt
ultracourte	fs	ultracourt
ultracourtes	fp	ultracourt
ultracourts	mp	ultracourt
ultralibéral	ms	ultralibéral
ultralibérale	fs	ultralibéral
ultralibérales	fp	ultralibéral
ultralibéraux	mp	ultralibéral
ultraviolet	ms	ultraviolet
ultraviolets	mp	ultraviolet
ultraviolette	fs	ultraviolet
ultraviolettes	fp	ultraviolet
ultérieur	ms	ultérieur
ultérieure	fs	ultérieur
ultérieures	fp	ultérieur
ultérieurs	mp	ultérieur
uni	ms	uni
unicaméral	ms	unicaméral
unicamérale	fs	unicaméral
unicamérales	fp	unicaméral
unicaméraux	mp	unicaméral
unidimensionnel	ms	unidimensionnel
unidimensionnelle	fs	unidimensionnel
unidimensionnelles	fp	unidimensionnel
unidimensionnels	mp	unidimensionnel
unidirectionnel	ms	unidirectionnel
unidirectionnelle	fs	unidirectionnel
unidirectionnelles	fp	unidirectionnel
unidirectionnels	mp	unidirectionnel
unie	fs	uni
unies	fp	uni
unifoliolé	ms	unifoliolé
unifoliolée	fs	unifoliolé
unifoliolées	fp	unifoliolé
unifoliolés	mp	unifoliolé
unilatéral	ms	unilatéral
unilatérale	fs	unilatéral
unilatérales	fp	unilatéral
unilatéraux	mp	unilatéral
uninervé	ms	uninervé
uninervée	fs	uninervé
uninervées	fp	uninervé
uninervés	mp	uninervé
uniovulé	ms	uniovulé
uniovulée	fs	uniovulé
uniovulées	fp	uniovulé
uniovulés	mp	uniovulé
unis	mp	uni
universel	ms	universel
universelle	fs	universel
universelles	fp	universel
universels	mp	universel
urbain	ms	urbain
urbaine	fs	urbain
urbaines	fp	urbain
urbains	mp	urbain
urgent	ms	urgent
urgente	fs	urgent
urgentes	fp	urgent
urgents	mp	urgent
urugayen	ms	urugayen
urugayenne	fs	urugayen
urugayennes	fp	urugayen
urugayens	mp	urugayen
usant	ms	usant
usante	fs	usant
usantes	fp	usant
usants	mp	usant
usuel	ms	usuel
usuelle	fs	usuel
usuelles	fp	usuel
usuels	mp	usuel
utérin	ms	utérin
utérine	fs	utérin
utérines	fp	utérin
utérins	mp	utérin
vacant	ms	vacant
vacante	fs	vacant
vacantes	fp	vacant
vacants	mp	vacant
vaccinal	ms	vaccinal
vaccinale	fs	vaccinal
vaccinales	fp	vaccinal
vaccinals	mp	vaccinal
vacillant	ms	vacillant
vacillante	fs	vacillant
vacillantes	fp	vacillant
vacillants	mp	vacillant
vaginal	ms	vaginal
vaginale	fs	vaginal
vaginales	fp	vaginal
vaginaux	mp	vaginal
vaillant	ms	vaillant
vaillante	fs	vaillant
vaillantes	fp	vaillant
vaillants	mp	vaillant
vain	ms	vain
vaine	fs	vain
vaines	fp	vain
vains	mp	vain
vairon	ms	vairon
vairone	fs	vairon
vairones	fp	vairon
vairons	mp	vairon
valdôtain	ms	valdôtain
valdôtaine	fs	valdôtain
valdôtaines	fp	valdôtain
valdôtains	mp	valdôtain
valeureuse	fs	valeureux
valeureuses	fp	valeureux
valorisant	ms	valorisant
valorisante	fs	valorisant
valorisantes	fp	valorisant
valorisants	mp	valorisant
valvé	ms	valvé
valvée	fs	valvé
valvées	fp	valvé
valvés	mp	valvé
vanillé	ms	vanillé
vanillée	fs	vanillé
vanillées	fp	vanillé
vanillés	mp	vanillé
vaniteuse	fs	vaniteux
vaniteuses	fp	vaniteux
vaporeuse	fs	vaporeux
vaporeuses	fp	vaporeux
variqueuse	fs	variqueux
variqueuses	fp	variqueux
variétal	ms	variétal
variétale	fs	variétal
variétales	fp	variétal
variétaux	mp	variétal
vaseuse	fs	vaseux
vaseuses	fp	vaseux
vasoconstricteur	ms	vasoconstricteur
vasoconstricteurs	mp	vasoconstricteur
vasoconstrictrice	fs	vasoconstricteur
vasoconstrictrices	fp	vasoconstricteur
vasodilatateur	ms	vasodilatateur
vasodilatateurs	mp	vasodilatateur
vasodilatatrice	fs	vasodilatateur
vasodilatatrices	fp	vasodilatateur
vaticane	fs	vaticane
vaticanes	fp	vaticane
vectoriel	ms	vectoriel
vectorielle	fs	vectoriel
vectorielles	fp	vectoriel
vectoriels	mp	vectoriel
vegétal	ms	vegétal
vegétale	fs	vegétal
vegétales	fp	vegétal
vegétaux	mp	vegétal
veineuse	fs	veineux
veineuses	fp	veineux
veiné	ms	veiné
veinée	fs	veiné
veinées	fp	veiné
veinés	mp	veiné
velouté	ms	velouté
veloutée	fs	velouté
veloutées	fp	velouté
veloutés	mp	velouté
velu	ms	velu
velue	fs	velu
velues	fp	velu
velus	mp	velu
vendéen	ms	vendéen
vendéenne	fs	vendéen
vendéennes	fp	vendéen
vendéens	mp	vendéen
venimeuse	fs	venimeux
venimeuses	fp	venimeux
venteuse	fs	venteux
venteuses	fp	venteux
ventral	ms	ventral
ventrale	fs	ventral
ventrales	fp	ventral
ventraux	mp	ventral
ventripotent	ms	ventripotent
ventripotente	fs	ventripotent
ventripotentes	fp	ventripotent
ventripotents	mp	ventripotent
ventru	ms	ventru
ventrue	fs	ventru
ventrues	fp	ventru
ventrus	mp	ventru
verbal	ms	verbal
verbale	fs	verbal
verbales	fp	verbal
verbaux	mp	verbal
verbeuse	fs	verbeux
verbeuses	fp	verbeux
verdoyant	ms	verdoyant
verdoyante	fs	verdoyant
verdoyantes	fp	verdoyant
verdoyants	mp	verdoyant
vergeté	ms	vergeté
vergetée	fs	vergeté
vergetées	fp	vergeté
vergetés	mp	vergeté
verglacé	ms	verglacé
verglacée	fs	verglacé
verglacées	fp	verglacé
verglacés	mp	verglacé
verglaçant	ms	verglaçant
verglaçante	fs	verglaçant
verglaçantes	fp	verglaçant
verglaçants	mp	verglaçant
vermeil	ms	vermeil
vermeille	fs	vermeil
vermeilles	fp	vermeil
vermeils	mp	vermeil
vermiculé	ms	vermiculé
vermiculée	fs	vermiculé
vermiculées	fp	vermiculé
vermiculés	mp	vermiculé
verseur	ms	verseur
verseurs	mp	verseur
verseuse	fs	verseur
verseuses	fp	verseur
vert	ms	vert
vertdegrisé	ms	vertdegrisé
vertdegrisée	fs	vertdegrisé
vertdegrisées	fp	vertdegrisé
vertdegrisés	mp	vertdegrisé
verte	fs	vert
vertes	fp	vert
vertical	ms	vertical
verticale	fs	vertical
verticales	fp	vertical
verticaux	mp	vertical
vertigineuse	fs	vertigineux
vertigineuses	fp	vertigineux
verts	mp	vert
vertueuse	fs	vertueux
vertueuses	fp	vertueux
vertébral	ms	vertébral
vertébrale	fs	vertébral
vertébrales	fp	vertébral
vertébraux	mp	vertébral
vexant	ms	vexant
vexante	fs	vexant
vexantes	fp	vexant
vexants	mp	vexant
viager	ms	viager
viagers	mp	viager
viagère	fs	viager
viagères	fp	viager
vibrant	ms	vibrant
vibrante	fs	vibrant
vibrantes	fp	vibrant
vibrants	mp	vibrant
vicieuse	fs	vicieux
vicieuses	fp	vicieux
vicinal	ms	vicinal
vicinale	fs	vicinal
vicinales	fp	vicinal
vicinaux	mp	vicinal
victorien	ms	victorien
victorienne	fs	victorien
victoriennes	fp	victorien
victoriens	mp	victorien
victorieuse	fs	victorieux
victorieuses	fp	victorieux
vieille	fs	vieux
vieilles	fp	vieux
vieillissant	ms	vieillissant
vieillissante	fs	vieillissant
vieillissantes	fp	vieillissant
vieillissants	mp	vieillissant
vieillot	ms	vieillot
vieillots	mp	vieillot
vieillotte	fs	vieillot
vieillottes	fp	vieillot
vietnamien	ms	vietnamien
vietnamienne	fs	vietnamien
vietnamiennes	fp	vietnamien
vietnamiens	mp	vietnamien
vif	ms	vif
vifs	mp	vif
vigilant	ms	vigilant
vigilante	fs	vigilant
vigilantes	fp	vigilant
vigilants	mp	vigilant
vigoureuse	fs	vigoureux
vigoureuses	fp	vigoureux
vil	ms	vil
vilain	ms	vilain
vilaine	fs	vilain
vilaines	fp	vilain
vilains	mp	vilain
vile	fs	vil
viles	fp	vil
villageoise	fs	villageois
villageoises	fp	villageois
villeuse	fs	villeux
villeuses	fp	villeux
vils	mp	vil
vindicatif	ms	vindicatif
vindicatifs	mp	vindicatif
vindicative	fs	vindicatif
vindicatives	fp	vindicatif
vineuse	fs	vineux
vineuses	fp	vineux
violacé	ms	violacé
violacée	fs	violacé
violacées	fp	violacé
violacés	mp	violacé
violent	ms	violent
violente	fs	violent
violentes	fp	violent
violents	mp	violent
violet	ms	violet
violets	mp	violet
violette	fs	violet
violettes	fp	violet
viral	ms	viral
virale	fs	viral
virales	fp	viral
viraux	mp	viral
virginal	ms	virginal
virginale	fs	virginal
virginales	fp	virginal
virginaux	mp	virginal
viril	ms	viril
virile	fs	viril
viriles	fp	viril
virils	mp	viril
virtuel	ms	virtuel
virtuelle	fs	virtuel
virtuelles	fp	virtuel
virtuels	mp	virtuel
virulent	ms	virulent
virulente	fs	virulent
virulentes	fp	virulent
virulents	mp	virulent
viscéral	ms	viscéral
viscérale	fs	viscéral
viscérales	fp	viscéral
viscéraux	mp	viscéral
visqueuse	fs	visqueux
visqueuses	fp	visqueux
visuel	ms	visuel
visuelle	fs	visuel
visuelles	fp	visuel
visuels	mp	visuel
visuo-spatial	ms	visuo-spatial
visuo-spatiale	fs	visuo-spatial
visuo-spatiales	fp	visuo-spatial
visuo-spatiaux	mp	visuo-spatial
vital	ms	vital
vitale	fs	vital
vitales	fp	vital
vitaux	mp	vital
vitreuse	fs	vitreux
vitreuses	fp	vitreux
vivant	ms	vivant
vivante	fs	vivant
vivantes	fp	vivant
vivants	mp	vivant
vive	fs	vif
vives	fp	vif
vivifiant	ms	vivifiant
vivifiante	fs	vivifiant
vivifiantes	fp	vivifiant
vivifiants	mp	vivifiant
vivrier	ms	vivrier
vivriers	mp	vivrier
vivrière	fs	vivrier
vivrières	fp	vivrier
vocal	ms	vocal
vocale	fs	vocal
vocales	fp	vocal
vocaux	mp	vocal
voisin	ms	voisin
voisine	fs	voisin
voisines	fp	voisin
voisins	mp	voisin
volatil	ms	volatil
volatile	fs	volatil
volatiles	fp	volatil
volatils	mp	volatil
voltairien	ms	voltairien
voltairienne	fs	voltairien
voltairiennes	fp	voltairien
voltairiens	mp	voltairien
volumineuse	fs	volumineux
volumineuses	fp	volumineux
vomitif	ms	vomitif
vomitifs	mp	vomitif
vomitive	fs	vomitif
vomitives	fp	vomitif
vosgien	ms	vosgien
vosgienne	fs	vosgien
vosgiennes	fp	vosgien
vosgiens	mp	vosgien
voyant	ms	voyant
voyante	fs	voyant
voyantes	fp	voyant
voyants	mp	voyant
vrai	ms	vrai
vraie	fs	vrai
vraies	fp	vrai
vrais	mp	vrai
végétal	ms	végétal
végétale	fs	végétal
végétales	fp	végétal
végétatif	ms	végétatif
végétatifs	mp	végétatif
végétative	fs	végétatif
végétatives	fp	végétatif
végétaux	mp	végétal
véhément	ms	véhément
véhémente	fs	véhément
véhémentes	fp	véhément
véhéments	mp	véhément
vénal	ms	vénal
vénale	fs	vénal
vénales	fp	vénal
vénaux	mp	vénal
véniel	ms	véniel
vénielle	fs	véniel
vénielles	fp	véniel
véniels	mp	véniel
vénitien	ms	vénitien
vénitienne	fs	vénitien
vénitiennes	fp	vénitien
vénitiens	mp	vénitien
vénusien	ms	vénusien
vénusienne	fs	vénusien
vénusiennes	fp	vénusien
vénusiens	mp	vénusien
vénéneuse	fs	vénéneux
vénéneuses	fp	vénéneux
vénézuélien	ms	vénézuélien
vénézuélienne	fs	vénézuélien
vénézuéliennes	fp	vénézuélien
vénézuéliens	mp	vénézuélien
véreuse	fs	véreux
véreuses	fp	véreux
vérificatif	ms	vérificatif
vérificatifs	mp	vérificatif
vérificative	fs	vérificatif
vérificatives	fp	vérificatif
vétilleuse	fs	vétilleux
vétilleuses	fp	vétilleux
wallon	ms	wallon
wallonne	fs	wallon
wallonnes	fp	wallon
wallons	mp	wallon
washingtonien	ms	washingtonien
washingtonienne	fs	washingtonien
washingtoniennes	fp	washingtonien
washingtoniens	mp	washingtonien
wellingtonien	ms	wellingtonien
wellingtonienne	fs	wellingtonien
wellingtoniennes	fp	wellingtonien
wellingtoniens	mp	wellingtonien
wiki	ms	wiki
wikis	mp	wiki
wisigoth	ms	wisigoth
wisigothe	fs	wisigoth
wisigothes	fp	wisigoth
wisigoths	mp	wisigoth
wundtien	ms	wundtien
wundtienne	fs	wundtien
wundtiennes	fp	wundtien
wundtiens	mp	wundtien
xiphoïdien	ms	xiphoïdien
xiphoïdienne	fs	xiphoïdien
xiphoïdiennes	fp	xiphoïdien
xiphoïdiens	mp	xiphoïdien
zambésien	ms	zambésien
zambésienne	fs	zambésien
zambésiennes	fp	zambésien
zambésiens	mp	zambésien
zaïroise	fs	zaïrois
zaïroises	fp	zaïrois
zoulou	ms	zoulou
zouloue	fs	zoulou
zouloues	fp	zoulou
zoulous	mp	zoulou
zélé	ms	zélé
zélée	fs	zélé
zélées	fp	zélé
zélés	mp	zélé
âgé	ms	âgé
âgée	fs	âgé
âgées	fp	âgé
âgés	mp	âgé
ânonnant	ms	ânonnant
ânonnante	fs	ânonnant
ânonnantes	fp	ânonnant
ânonnants	mp	ânonnant
ébahi	ms	ébahi
ébahie	fs	ébahi
ébahies	fp	ébahi
ébahis	mp	ébahi
ébaubi	ms	ébaubi
ébaubie	fs	ébaubi
ébaubies	fp	ébaubi
ébaubis	mp	ébaubi
éberlué	ms	éberlué
éberluée	fs	éberlué
éberluées	fp	éberlué
éberlués	mp	éberlué
éblouissant	ms	éblouissant
éblouissante	fs	éblouissant
éblouissantes	fp	éblouissant
éblouissants	mp	éblouissant
ébouriffant	ms	ébouriffant
ébouriffante	fs	ébouriffant
ébouriffantes	fp	ébouriffant
ébouriffants	mp	ébouriffant
ébouriffé	ms	ébouriffé
ébouriffée	fs	ébouriffé
ébouriffées	fp	ébouriffé
ébouriffés	mp	ébouriffé
ébrieuse	fs	ébrieux
ébrieuses	fp	ébrieux
ébrié	ms	ébrié
ébriée	fs	ébrié
ébriées	fp	ébrié
ébriés	mp	ébrié
ébroudeur	ms	ébroudeur
ébroudeurs	mp	ébroudeur
ébroudeuse	fs	ébroudeur
ébroudeuses	fp	ébroudeur
ébroïcien	ms	ébroïcien
ébroïcienne	fs	ébroïcien
ébroïciennes	fp	ébroïcien
ébroïciens	mp	ébroïcien
éburné	ms	éburné
éburnée	fs	éburné
éburnéen	ms	éburnéen
éburnéenne	fs	éburnéen
éburnéennes	fp	éburnéen
éburnéens	mp	éburnéen
éburnées	fp	éburné
éburnés	mp	éburné
écailleuse	fs	écailleux
écailleuses	fp	écailleux
écaillé	ms	écaillé
écaillée	fs	écaillé
écaillées	fp	écaillé
écaillés	mp	écaillé
écartelé	ms	écartelé
écartelée	fs	écartelé
écartelées	fp	écartelé
écartelés	mp	écartelé
écarté	ms	écarté
écartée	fs	écarté
écartées	fp	écarté
écartés	mp	écarté
écervelé	ms	écervelé
écervelée	fs	écervelé
écervelées	fp	écervelé
écervelés	mp	écervelé
échancré	ms	échancré
échancrée	fs	échancré
échancrées	fp	échancré
échancrés	mp	échancré
échantillonné	ms	échantillonné
échantillonnée	fs	échantillonné
échantillonnées	fp	échantillonné
échantillonnés	mp	échantillonné
échappé	ms	échappé
échappée	fs	échappé
échappées	fp	échappé
échappés	mp	échappé
échaudé	ms	échaudé
échaudée	fs	échaudé
échaudées	fp	échaudé
échaudés	mp	échaudé
échauffant	ms	échauffant
échauffante	fs	échauffant
échauffantes	fp	échauffant
échauffants	mp	échauffant
échauffé	ms	échauffé
échauffée	fs	échauffé
échauffées	fp	échauffé
échauffés	mp	échauffé
échevelé	ms	échevelé
échevelée	fs	échevelé
échevelées	fp	échevelé
échevelés	mp	échevelé
échevinal	ms	échevinal
échevinale	fs	échevinal
échevinales	fp	échevinal
échevinaux	mp	échevinal
échiqueté	ms	échiqueté
échiquetée	fs	échiqueté
échiquetées	fp	échiqueté
échiquetés	mp	échiqueté
échotier	ms	échotier
échotiers	mp	échotier
échotière	fs	échotier
échotières	fp	échotier
échu	ms	échu
échue	fs	échu
échues	fp	échu
échus	mp	échu
échéant	ms	échéant
échéante	fs	échéant
échéantes	fp	échéant
échéants	mp	échéant
éclairant	ms	éclairant
éclairante	fs	éclairant
éclairantes	fp	éclairant
éclairants	mp	éclairant
éclaircissant	ms	éclaircissant
éclaircissante	fs	éclaircissant
éclaircissantes	fp	éclaircissant
éclaircissants	mp	éclaircissant
éclairé	ms	éclairé
éclairée	fs	éclairé
éclairées	fp	éclairé
éclairés	mp	éclairé
éclatant	ms	éclatant
éclatante	fs	éclatant
éclatantes	fp	éclatant
éclatants	mp	éclatant
éclaté	ms	éclaté
éclatée	fs	éclaté
éclatées	fp	éclaté
éclatés	mp	éclaté
éclipsant	ms	éclipsant
éclipsante	fs	éclipsant
éclipsantes	fp	éclipsant
éclipsants	mp	éclipsant
éclopé	ms	éclopé
éclopée	fs	éclopé
éclopées	fp	éclopé
éclopés	mp	éclopé
éclusier	ms	éclusier
éclusiers	mp	éclusier
éclusière	fs	éclusier
éclusières	fp	éclusier
écoeurant	ms	écoeurant
écoeurante	fs	écoeurant
écoeurantes	fp	écoeurant
écoeurants	mp	écoeurant
écolier	ms	écolier
écoliers	mp	écolier
écolière	fs	écolier
écolières	fp	écolier
écorché	ms	écorché
écorchée	fs	écorché
écorchées	fp	écorché
écorchés	mp	écorché
écossaise	fs	écossais
écossaises	fp	écossais
écoté	ms	écoté
écotée	fs	écoté
écotées	fp	écoté
écotés	mp	écoté
écoutant	ms	écoutant
écoutante	fs	écoutant
écoutantes	fp	écoutant
écoutants	mp	écoutant
écrasant	ms	écrasant
écrasante	fs	écrasant
écrasantes	fp	écrasant
écrasants	mp	écrasant
écrasé	ms	écrasé
écrasée	fs	écrasé
écrasées	fp	écrasé
écrasés	mp	écrasé
écru	ms	écru
écrue	fs	écru
écrues	fp	écru
écrus	mp	écru
écrémé	ms	écrémé
écrémée	fs	écrémé
écrémées	fp	écrémé
écrémés	mp	écrémé
éculé	ms	éculé
éculée	fs	éculé
éculées	fp	éculé
éculés	mp	éculé
écumant	ms	écumant
écumante	fs	écumant
écumantes	fp	écumant
écumants	mp	écumant
écumeuse	fs	écumeux
écumeuses	fp	écumeux
édenté	ms	édenté
édentée	fs	édenté
édentées	fp	édenté
édentés	mp	édenté
édifiant	ms	édifiant
édifiante	fs	édifiant
édifiantes	fp	édifiant
édifiants	mp	édifiant
édificateur	ms	édificateur
édificateurs	mp	édificateur
édificatrice	fs	édificateur
édificatrices	fp	édificateur
édimbourgeoise	fs	édimbourgeois
édimbourgeoises	fp	édimbourgeois
éditeur	ms	éditeur
éditeurs	mp	éditeur
éditorial	ms	éditorial
éditoriale	fs	éditorial
éditoriales	fp	éditorial
éditoriaux	mp	éditorial
éditrice	fs	éditeur
éditrices	fp	éditeur
éducateur	ms	éducateur
éducateurs	mp	éducateur
éducatif	ms	éducatif
éducatifs	mp	éducatif
éducationnel	ms	éducationnel
éducationnelle	fs	éducationnel
éducationnelles	fp	éducationnel
éducationnels	mp	éducationnel
éducative	fs	éducatif
éducatives	fp	éducatif
éducatrice	fs	éducateur
éducatrices	fp	éducateur
édulcorant	ms	édulcorant
édulcorante	fs	édulcorant
édulcorantes	fp	édulcorant
édulcorants	mp	édulcorant
égaillé	ms	égaillé
égaillée	fs	égaillé
égaillées	fp	égaillé
égaillés	mp	égaillé
égal	ms	égal
égale	fs	égal
égales	fp	égal
égalisant	ms	égalisant
égalisante	fs	égalisant
égalisantes	fp	égalisant
égalisants	mp	égalisant
égalisateur	ms	égalisateur
égalisateurs	mp	égalisateur
égalisatrice	fs	égalisateur
égalisatrices	fp	égalisateur
égaré	ms	égaré
égarée	fs	égaré
égarées	fp	égaré
égarés	mp	égaré
égaux	mp	égal
égayant	ms	égayant
égayante	fs	égayant
égayantes	fp	égayant
égayants	mp	égayant
égreneur	ms	égreneur
égreneurs	mp	égreneur
égreneuse	fs	égreneur
égreneuses	fp	égreneur
égrillard	ms	égrillard
égrillarde	fs	égrillard
égrillardes	fp	égrillard
égrillards	mp	égrillard
égrisé	ms	égrisé
égrisée	fs	égrisé
égrisées	fp	égrisé
égrisés	mp	égrisé
égrotant	ms	égrotant
égrotante	fs	égrotant
égrotantes	fp	égrotant
égrotants	mp	égrotant
égueulé	ms	égueulé
égueulée	fs	égueulé
égueulées	fp	égueulé
égueulés	mp	égueulé
égyptien	ms	égyptien
égyptienne	fs	égyptien
égyptiennes	fp	égyptien
égyptiens	mp	égyptien
égéen	ms	égéen
égéenne	fs	égéen
égéennes	fp	égéen
égéens	mp	égéen
éhonté	ms	éhonté
éhontée	fs	éhonté
éhontées	fp	éhonté
éhontés	mp	éhonté
éjaculateur	ms	éjaculateur
éjaculateurs	mp	éjaculateur
éjaculatrice	fs	éjaculateur
éjaculatrices	fp	éjaculateur
éjecteur	ms	éjecteur
éjecteurs	mp	éjecteur
éjectrice	fs	éjecteur
éjectrices	fp	éjecteur
élaborateur	ms	élaborateur
élaborateurs	mp	élaborateur
élaboratrice	fs	élaborateur
élaboratrices	fp	élaborateur
élaboré	ms	élaboré
élaborée	fs	élaboré
élaborées	fp	élaboré
élaborés	mp	élaboré
élancé	ms	élancé
élancée	fs	élancé
élancées	fp	élancé
élancés	mp	élancé
élavé	ms	élavé
élavée	fs	élavé
élavées	fp	élavé
élavés	mp	élavé
électif	ms	électif
électifs	mp	électif
élective	fs	électif
électives	fp	électif
électoral	ms	électoral
électorale	fs	électoral
électorales	fp	électoral
électoraux	mp	électoral
électrisant	ms	électrisant
électrisante	fs	électrisant
électrisantes	fp	électrisant
électrisants	mp	électrisant
électroluminescent	ms	électroluminescent
électroluminescente	fs	électroluminescent
électroluminescentes	fp	électroluminescent
électroluminescents	mp	électroluminescent
électromoteur	ms	électromoteur
électromoteurs	mp	électromoteur
électromotrice	fs	électromoteur
électromotrices	fp	électromoteur
électroportatif	ms	électroportatif
électroportatifs	mp	électroportatif
électroportative	fs	électroportatif
électroportatives	fp	électroportatif
électropositif	ms	électropositif
électropositifs	mp	électropositif
électropositive	fs	électropositif
électropositives	fp	électropositif
éleveur	ms	éleveur
éleveurs	mp	éleveur
éleveuse	fs	éleveur
éleveuses	fp	éleveur
élevé	ms	élevé
élevée	fs	élevé
élevées	fp	élevé
élevés	mp	élevé
éliminateur	ms	éliminateur
éliminateurs	mp	éliminateur
éliminatrice	fs	éliminateur
éliminatrices	fp	éliminateur
élingué	ms	élingué
élinguée	fs	élingué
élinguées	fp	élingué
élingués	mp	élingué
élisabéthain	ms	élisabéthain
élisabéthaine	fs	élisabéthain
élisabéthaines	fp	élisabéthain
élisabéthains	mp	élisabéthain
élogieuse	fs	élogieux
élogieuses	fp	élogieux
éloigné	ms	éloigné
éloignée	fs	éloigné
éloignées	fp	éloigné
éloignés	mp	éloigné
éloquent	ms	éloquent
éloquente	fs	éloquent
éloquentes	fp	éloquent
éloquents	mp	éloquent
élu	ms	élu
élue	fs	élu
élues	fp	élu
élus	mp	élu
élusif	ms	élusif
élusifs	mp	élusif
élusive	fs	élusif
élusives	fp	élusif
éluvial	ms	éluvial
éluviale	fs	éluvial
éluviales	fp	éluvial
éluviaux	mp	éluvial
élyséen	ms	élyséen
élyséenne	fs	élyséen
élyséennes	fp	élyséen
élyséens	mp	élyséen
élégant	ms	élégant
élégante	fs	élégant
élégantes	fp	élégant
élégants	mp	élégant
éléphantin	ms	éléphantin
éléphantine	fs	éléphantin
éléphantines	fp	éléphantin
éléphantins	mp	éléphantin
élévateur	ms	élévateur
élévateurs	mp	élévateur
élévatrice	fs	élévateur
élévatrices	fp	élévateur
émacié	ms	émacié
émaciée	fs	émacié
émaciées	fp	émacié
émaciés	mp	émacié
émancipateur	ms	émancipateur
émancipateurs	mp	émancipateur
émancipatrice	fs	émancipateur
émancipatrices	fp	émancipateur
émancipé	ms	émancipé
émancipée	fs	émancipé
émancipées	fp	émancipé
émancipés	mp	émancipé
émarginé	ms	émarginé
émarginée	fs	émarginé
émarginées	fp	émarginé
émarginés	mp	émarginé
émergent	ms	émergent
émergente	fs	émergent
émergentes	fp	émergent
émergents	mp	émergent
émergé	ms	émergé
émergée	fs	émergé
émergées	fp	émergé
émergés	mp	émergé
émerillonné	ms	émerillonné
émerillonnée	fs	émerillonné
émerillonnées	fp	émerillonné
émerillonnés	mp	émerillonné
émetteur	ms	émetteur
émetteurs	mp	émetteur
émettrice	fs	émetteur
émettrices	fp	émetteur
émigrant	ms	émigrant
émigrante	fs	émigrant
émigrantes	fp	émigrant
émigrants	mp	émigrant
émigré	ms	émigré
émigrée	fs	émigré
émigrées	fp	émigré
émigrés	mp	émigré
éminent	ms	éminent
éminente	fs	éminent
éminentes	fp	éminent
éminents	mp	éminent
émissif	ms	émissif
émissifs	mp	émissif
émissive	fs	émissif
émissives	fp	émissif
émollient	ms	émollient
émolliente	fs	émollient
émollientes	fp	émollient
émollients	mp	émollient
émotif	ms	émotif
émotifs	mp	émotif
émotionnant	ms	émotionnant
émotionnante	fs	émotionnant
émotionnantes	fp	émotionnant
émotionnants	mp	émotionnant
émotionnel	ms	émotionnel
émotionnelle	fs	émotionnel
émotionnelles	fp	émotionnel
émotionnels	mp	émotionnel
émotive	fs	émotif
émotives	fp	émotif
émoulu	ms	émoulu
émoulue	fs	émoulu
émoulues	fp	émoulu
émoulus	mp	émoulu
émoustillant	ms	émoustillant
émoustillante	fs	émoustillant
émoustillantes	fp	émoustillant
émoustillants	mp	émoustillant
émouvant	ms	émouvant
émouvante	fs	émouvant
émouvantes	fp	émouvant
émouvants	mp	émouvant
ému	ms	ému
émue	fs	ému
émues	fp	ému
émulsif	ms	émulsif
émulsifs	mp	émulsif
émulsionnant	ms	émulsionnant
émulsionnante	fs	émulsionnant
émulsionnantes	fp	émulsionnant
émulsionnants	mp	émulsionnant
émulsive	fs	émulsif
émulsives	fp	émulsif
émus	mp	ému
éméché	ms	éméché
éméchée	fs	éméché
éméchées	fp	éméché
éméchés	mp	éméché
énergisant	ms	énergisant
énergisante	fs	énergisant
énergisantes	fp	énergisant
énergisants	mp	énergisant
énervant	ms	énervant
énervante	fs	énervant
énervantes	fp	énervant
énervants	mp	énervant
énervé	ms	énervé
énervée	fs	énervé
énervées	fp	énervé
énervés	mp	énervé
énonciatif	ms	énonciatif
énonciatifs	mp	énonciatif
énonciative	fs	énonciatif
énonciatives	fp	énonciatif
énumératif	ms	énumératif
énumératifs	mp	énumératif
énumérative	fs	énumératif
énumératives	fp	énumératif
éolien	ms	éolien
éolienne	fs	éolien
éoliennes	fp	éolien
éoliens	mp	éolien
épaisse	fs	épais
épaisses	fp	épais
épaississant	ms	épaississant
épaississante	fs	épaississant
épaississantes	fp	épaississant
épaississants	mp	épaississant
épaississeur	ms	épaississeur
épanoui	ms	épanoui
épanouie	fs	épanoui
épanouies	fp	épanoui
épanouis	mp	épanoui
épanouissant	ms	épanouissant
épanouissante	fs	épanouissant
épanouissantes	fp	épanouissant
épanouissants	mp	épanouissant
épargnant	ms	épargnant
épargnante	fs	épargnant
épargnantes	fp	épargnant
épargnants	mp	épargnant
éparse	fs	épars
éparses	fp	épars
épatant	ms	épatant
épatante	fs	épatant
épatantes	fp	épatant
épatants	mp	épatant
épateur	ms	épateur
épateurs	mp	épateur
épateuse	fs	épateur
épateuses	fp	épateur
épaté	ms	épaté
épatée	fs	épaté
épatées	fp	épaté
épatés	mp	épaté
éperdu	ms	éperdu
éperdue	fs	éperdu
éperdues	fp	éperdu
éperdus	mp	éperdu
épeuré	ms	épeuré
épeurée	fs	épeuré
épeurées	fp	épeuré
épeurés	mp	épeuré
épicrânien	ms	épicrânien
épicrânienne	fs	épicrânien
épicrâniennes	fp	épicrânien
épicrâniens	mp	épicrânien
épicurien	ms	épicurien
épicurienne	fs	épicurien
épicuriennes	fp	épicurien
épicuriens	mp	épicurien
épicycloïdal	ms	épicycloïdal
épicycloïdale	fs	épicycloïdal
épicycloïdales	fp	épicycloïdal
épicycloïdaux	mp	épicycloïdal
épicé	ms	épicé
épicée	fs	épicé
épicées	fp	épicé
épicés	mp	épicé
épigé	ms	épigé
épigée	fs	épigé
épigées	fp	épigé
épigés	mp	épigé
épineuse	fs	épineux
épineuses	fp	épineux
épinglé	ms	épinglé
épinglée	fs	épinglé
épinglées	fp	épinglé
épinglés	mp	épinglé
épinière	fs	épinière
épinières	fp	épinière
épiscopal	ms	épiscopal
épiscopale	fs	épiscopal
épiscopales	fp	épiscopal
épiscopaux	mp	épiscopal
épithélial	ms	épithélial
épithéliale	fs	épithélial
épithéliales	fp	épithélial
épithéliaux	mp	épithélial
éploré	ms	éploré
éplorée	fs	éploré
éplorées	fp	éploré
éplorés	mp	éploré
éplucheur	ms	éplucheur
éplucheurs	mp	éplucheur
éplucheuse	fs	éplucheur
éplucheuses	fp	éplucheur
épointé	ms	épointé
épointée	fs	épointé
épointées	fp	épointé
épointés	mp	épointé
époustouflant	ms	époustouflant
époustouflante	fs	époustouflant
époustouflantes	fp	époustouflant
époustouflants	mp	époustouflant
époustouflé	ms	époustouflé
époustouflée	fs	époustouflé
époustouflées	fp	époustouflé
époustouflés	mp	époustouflé
épouvanté	ms	épouvanté
épouvantée	fs	épouvanté
épouvantées	fp	épouvanté
épouvantés	mp	épouvanté
éprise	fs	épris
éprises	fp	épris
éprouvant	ms	éprouvant
éprouvante	fs	éprouvant
éprouvantes	fp	éprouvant
éprouvants	mp	éprouvant
éprouvé	ms	éprouvé
éprouvée	fs	éprouvé
éprouvées	fp	éprouvé
éprouvés	mp	éprouvé
épuisant	ms	épuisant
épuisante	fs	épuisant
épuisantes	fp	épuisant
épuisants	mp	épuisant
épuisé	ms	épuisé
épuisée	fs	épuisé
épuisées	fp	épuisé
épuisés	mp	épuisé
épurateur	ms	épurateur
épurateurs	mp	épurateur
épuratif	ms	épuratif
épuratifs	mp	épuratif
épurative	fs	épuratif
épuratives	fp	épuratif
épuratrice	fs	épurateur
épuratrices	fp	épurateur
épuré	ms	épuré
épurée	fs	épuré
épurées	fp	épuré
épurés	mp	épuré
équatorial	ms	équatorial
équatoriale	fs	équatorial
équatoriales	fp	équatorial
équatoriaux	mp	équatorial
équatorien	ms	équatorien
équatorienne	fs	équatorien
équatoriennes	fp	équatorien
équatoriens	mp	équatorien
équidistant	ms	équidistant
équidistante	fs	équidistant
équidistantes	fp	équidistant
équidistants	mp	équidistant
équilatéral	ms	équilatéral
équilatérale	fs	équilatéral
équilatérales	fp	équilatéral
équilatéraux	mp	équilatéral
équilibrant	ms	équilibrant
équilibrante	fs	équilibrant
équilibrantes	fp	équilibrant
équilibrants	mp	équilibrant
équilibré	ms	équilibré
équilibrée	fs	équilibré
équilibrées	fp	équilibré
équilibrés	mp	équilibré
équin	ms	équin
équine	fs	équin
équines	fp	équin
équinoxial	ms	équinoxial
équinoxiale	fs	équinoxial
équinoxiales	fp	équinoxial
équinoxiaux	mp	équinoxial
équins	mp	équin
équipollent	ms	équipollent
équipollente	fs	équipollent
équipollentes	fp	équipollent
équipollents	mp	équipollent
équipollé	ms	équipollé
équipollée	fs	équipollé
équipollées	fp	équipollé
équipollés	mp	équipollé
équipolé	ms	équipolé
équipolée	fs	équipolé
équipolées	fp	équipolé
équipolés	mp	équipolé
équipotent	ms	équipotent
équipotente	fs	équipotent
équipotentes	fp	équipotent
équipotentiel	ms	équipotentiel
équipotentielle	fs	équipotentiel
équipotentielles	fp	équipotentiel
équipotentiels	mp	équipotentiel
équipotents	mp	équipotent
équipé	ms	équipé
équipée	fs	équipé
équipées	fp	équipé
équipés	mp	équipé
équitant	ms	équitant
équitante	fs	équitant
équitantes	fp	équitant
équitants	mp	équitant
équivalent	ms	équivalent
équivalente	fs	équivalent
équivalentes	fp	équivalent
équivalents	mp	équivalent
éraillé	ms	éraillé
éraillée	fs	éraillé
éraillées	fp	éraillé
éraillés	mp	éraillé
érecteur	ms	érecteur
érecteurs	mp	érecteur
érectrice	fs	érecteur
érectrices	fp	érecteur
éreintant	ms	éreintant
éreintante	fs	éreintant
éreintantes	fp	éreintant
éreintants	mp	éreintant
éreinteur	ms	éreinteur
éreinteurs	mp	éreinteur
éreinteuse	fs	éreinteur
éreinteuses	fp	éreinteur
éreinté	ms	éreinté
éreintée	fs	éreinté
éreintées	fp	éreinté
éreintés	mp	éreinté
érosif	ms	érosif
érosifs	mp	érosif
érosive	fs	érosif
érosives	fp	érosif
érubescent	ms	érubescent
érubescente	fs	érubescent
érubescentes	fp	érubescent
érubescents	mp	érubescent
érudit	ms	érudit
érudite	fs	érudit
érudites	fp	érudit
érudits	mp	érudit
érugineuse	fs	érugineux
érugineuses	fp	érugineux
éruptif	ms	éruptif
éruptifs	mp	éruptif
éruptive	fs	éruptif
éruptives	fp	éruptif
érysipélateuse	fs	érysipélateux
érysipélateuses	fp	érysipélateux
érythréen	ms	érythréen
érythréenne	fs	érythréen
érythréennes	fp	érythréen
érythréens	mp	érythréen
érythémateuse	fs	érythémateux
érythémateuses	fp	érythémateux
érésipélateuse	fs	érésipélateux
érésipélateuses	fp	érésipélateux
établi	ms	établi
établie	fs	établi
établies	fp	établi
établis	mp	établi
étalier	ms	étalier
étaliers	mp	étalier
étalière	fs	étalier
étalières	fp	étalier
étasunien	ms	étasunien
étasunienne	fs	étasunien
étasuniennes	fp	étasunien
étasuniens	mp	étasunien
éteint	ms	éteint
éteinte	fs	éteint
éteintes	fp	éteint
éteints	mp	éteint
étendu	ms	étendu
étendue	fs	étendu
étendues	fp	étendu
étendus	mp	étendu
éternel	ms	éternel
éternelle	fs	éternel
éternelles	fp	éternel
éternels	mp	éternel
éthiopien	ms	éthiopien
éthiopienne	fs	éthiopien
éthiopiennes	fp	éthiopien
éthiopiens	mp	éthiopien
éthéré	ms	éthéré
éthérée	fs	éthéré
éthérées	fp	éthéré
éthérés	mp	éthéré
étincelant	ms	étincelant
étincelante	fs	étincelant
étincelantes	fp	étincelant
étincelants	mp	étincelant
étiolé	ms	étiolé
étiolée	fs	étiolé
étiolées	fp	étiolé
étiolés	mp	étiolé
étiqueté	ms	étiqueté
étiquetée	fs	étiqueté
étiquetées	fp	étiqueté
étiquetés	mp	étiqueté
étireur	ms	étireur
étireurs	mp	étireur
étireuse	fs	étireur
étireuses	fp	étireur
étoffé	ms	étoffé
étoffée	fs	étoffé
étoffées	fp	étoffé
étoffés	mp	étoffé
étoilé	ms	étoilé
étoilée	fs	étoilé
étoilées	fp	étoilé
étoilés	mp	étoilé
étonnant	ms	étonnant
étonnante	fs	étonnant
étonnantes	fp	étonnant
étonnants	mp	étonnant
étonné	ms	étonné
étonnée	fs	étonné
étonnées	fp	étonné
étonnés	mp	étonné
étouffant	ms	étouffant
étouffante	fs	étouffant
étouffantes	fp	étouffant
étouffants	mp	étouffant
étouffé	ms	étouffé
étouffée	fs	étouffé
étouffées	fp	étouffé
étouffés	mp	étouffé
étourdi	ms	étourdi
étourdie	fs	étourdi
étourdies	fp	étourdi
étourdis	mp	étourdi
étourdissant	ms	étourdissant
étourdissante	fs	étourdissant
étourdissantes	fp	étourdissant
étourdissants	mp	étourdissant
étranger	ms	étranger
étrangers	mp	étranger
étrangleur	ms	étrangleur
étrangleurs	mp	étrangleur
étrangleuse	fs	étrangleur
étrangleuses	fp	étrangleur
étranglé	ms	étranglé
étranglée	fs	étranglé
étranglées	fp	étranglé
étranglés	mp	étranglé
étrangère	fs	étranger
étrangères	fp	étranger
étriqué	ms	étriqué
étriquée	fs	étriqué
étriquées	fp	étriqué
étriqués	mp	étriqué
étroit	ms	étroit
étroite	fs	étroit
étroites	fp	étroit
étroits	mp	étroit
étudiant	ms	étudiant
étudiante	fs	étudiant
étudiantes	fp	étudiant
étudiants	mp	étudiant
étésien	ms	étésien
étésienne	fs	étésien
étésiennes	fp	étésien
étésiens	mp	étésien
évacuant	ms	évacuant
évacuante	fs	évacuant
évacuantes	fp	évacuant
évacuants	mp	évacuant
évacuateur	ms	évacuateur
évacuateurs	mp	évacuateur
évacuatrice	fs	évacuateur
évacuatrices	fp	évacuateur
évacué	ms	évacué
évacuée	fs	évacué
évacuées	fp	évacué
évacués	mp	évacué
évadé	ms	évadé
évadée	fs	évadé
évadées	fp	évadé
évadés	mp	évadé
évaluatif	ms	évaluatif
évaluatifs	mp	évaluatif
évaluative	fs	évaluatif
évaluatives	fp	évaluatif
évanescent	ms	évanescent
évanescente	fs	évanescent
évanescentes	fp	évanescent
évanescents	mp	évanescent
évangélisateur	ms	évangélisateur
évangélisateurs	mp	évangélisateur
évangélisatrice	fs	évangélisateur
évangélisatrices	fp	évangélisateur
évanoui	ms	évanoui
évanouie	fs	évanoui
évanouies	fp	évanoui
évanouis	mp	évanoui
évaporé	ms	évaporé
évaporée	fs	évaporé
évaporées	fp	évaporé
évaporés	mp	évaporé
évasif	ms	évasif
évasifs	mp	évasif
évasive	fs	évasif
évasives	fp	évasif
évasé	ms	évasé
évasée	fs	évasé
évasées	fp	évasé
évasés	mp	évasé
éveillé	ms	éveillé
éveillée	fs	éveillé
éveillées	fp	éveillé
éveillés	mp	éveillé
éventuel	ms	éventuel
éventuelle	fs	éventuel
éventuelles	fp	éventuel
éventuels	mp	éventuel
éventé	ms	éventé
éventée	fs	éventé
éventées	fp	éventé
éventés	mp	éventé
évident	ms	évident
évidente	fs	évident
évidentes	fp	évident
évidents	mp	évident
évidé	ms	évidé
évidée	fs	évidé
évidées	fp	évidé
évidés	mp	évidé
évocateur	ms	évocateur
évocateurs	mp	évocateur
évocatrice	fs	évocateur
évocatrices	fp	évocateur
évolutif	ms	évolutif
évolutifs	mp	évolutif
évolutive	fs	évolutif
évolutives	fp	évolutif
évolué	ms	évolué
évoluée	fs	évolué
évoluées	fp	évolué
évolués	mp	évolué
événementiel	ms	événementiel
événementielle	fs	événementiel
événementielles	fp	événementiel
événementiels	mp	événementiel
îlien	ms	îlien
îlienne	fs	îlien
îliennes	fp	îlien
îliens	mp	îlien
